#;name of the book;author;;move?;check?;released?;year;page;category;read?;reading?;tbr?;reread?;shelf;location;Info;image;#;;
3415;Freud Savaslari - Psikanaliz ve Tutkulari;John Forrester;Freud Savaslari - Psikanaliz ve Tutkulari. John Forrester;yes;;;2000;304;category?;read?;-;📋;reread?;C-8;homelibrary;https://www.google.com/search?q=Freud%20Savaslari%20John%20Forrester;https://www.google.com/search?q=Freud%20Savaslari%20John%20Forrester&tbm=isch;2415;yes;60%
3414;Freud ve Psikanaliz - Alti Giris Dersi;John Forrester;Freud ve Psikanaliz - Alti Giris Dersi. John Forrester;yes;;;2025;208;category?;read?;-;📋;reread?;C-7;homelibrary;https://www.google.com/search?q=Freud%20ve%20Psikanaliz%20-%20Alti%20Giris%20Dersi%20John%20Forrester;https://www.google.com/search?q=Freud%20ve%20Psikanaliz%20-%20Alti%20Giris%20Dersi%20John%20Forrester&tbm=isch;2414;1456;1449
3413;Duslenemez Diyarlarin Yolculari - Demans, Bakim Verenler ve Insan Beyni Hikayeleri;Dasha Kiper;Duslenemez Diyarlarin Yolculari - Demans, Bakim Verenler ve Insan Beyni Hikayeleri. Dasha Kiper;yes;;;2025;240;category?;read?;-;📋;reread?;C-6;homelibrary;https://www.google.com/search?q=Duslenemez%20Diyarlarin%20Yolculari%20-%20Demans,%20Bakim%20Verenler%20ve%20Insan%20Beyni%20Hikayeleri%20Dasha%20Kiper;https://www.google.com/search?q=Duslenemez%20Diyarlarin%20Yolculari%20-%20Demans,%20Bakim%20Verenler%20ve%20Insan%20Beyni%20Hikayeleri%20Dasha%20Kiper&tbm=isch;2413;1645;
3412;Kutsal Dolar - Kuresel Ekonominin Gercekten Nasil Isledigini Gormek Icin Tek Bir Dolarin Sasirtici Yolculugunu Izleyin;Dharshini David;Kutsal Dolar - Kuresel Ekonominin Gercekten Nasil Isledigini Gormek Icin Tek Bir Dolarin Sasirtici Yolculugunu Izleyin. Dharshini David;yes;;;2020;272;category?;read?;-;📋;reread?;C-5;homelibrary;https://www.google.com/search?q=Kutsal%20Dolar%20-%20Kuresel%20Ekonominin%20Gercekten%20Nasil%20Isledigini%20Gormek%20Icin%20Tek%20Bir%20Dolarin%20Sasirtici%20Yolculugunu%20Izleyin%20Dharshini%20David;https://www.google.com/search?q=Kutsal%20Dolar%20-%20Kuresel%20Ekonominin%20Gercekten%20Nasil%20Isledigini%20Gormek%20Icin%20Tek%20Bir%20Dolarin%20Sasirtici%20Yolculugunu%20Izleyin%20Dharshini%20David&tbm=isch;2412;no;40%
3411;Dogru Sorulari Sorsaydik Hayvanlar Ne Soylerdi?;Vinciane Despret;Dogru Sorulari Sorsaydik Hayvanlar Ne Soylerdi?. Vinciane Despret;yes;;;2019;272;category?;read?;-;📋;reread?;C-4;homelibrary;https://www.google.com/search?q=Dogru%20Sorulari%20Sorsaydik%20Hayvanlar%20Ne%20Soylerdi?%20Vinciane%20Despret;https://www.google.com/search?q=Dogru%20Sorulari%20Sorsaydik%20Hayvanlar%20Ne%20Soylerdi?%20Vinciane%20Despret&tbm=isch;2411;499;966
3410;Norofitness – Bir Beyin Cerrahinin Anilari;Rahul Jandial;Norofitness – Bir Beyin Cerrahinin Anilari. Rahul Jandial;yes;;;2026;264;category?;read?;-;📋;reread?;C-4;homelibrary;https://www.google.com/search?q=Norofitness%20%E2%80%93%20Bir%20Beyin%20Cerrahinin%20Anilari%20Rahul%20Jandial;https://www.google.com/search?q=Norofitness%20%E2%80%93%20Bir%20Beyin%20Cerrahinin%20Anilari%20Rahul%20Jandial&tbm=isch;2410;?;
3409;Insanlari Baglama Sanati;Paolo Milone;Insanlari Baglama Sanati. Paolo Milone;yes;;;2026;212;category?;read?;-;📋;reread?;C-4;homelibrary;https://www.google.com/search?q=Insanlari%20Baglama%20Sanati%20Paolo%20Milone;https://www.google.com/search?q=Insanlari%20Baglama%20Sanati%20Paolo%20Milone&tbm=isch;2409;0;
3408;Erkek ve Kadin - Degisen Bir Dunyada Cinsiyetler Uzerine;Margaret Mead;Erkek ve Kadin - Degisen Bir Dunyada Cinsiyetler Uzerine. Margaret Mead;yes;;;2026;560;category?;read?;-;📋;reread?;C-4;homelibrary;https://www.google.com/search?q=Erkek%20ve%20Kadin%20-%20Degisen%20Bir%20Dunyada%20Cinsiyetler%20Uzerine%20Margaret%20Mead;https://www.google.com/search?q=Erkek%20ve%20Kadin%20-%20Degisen%20Bir%20Dunyada%20Cinsiyetler%20Uzerine%20Margaret%20Mead&tbm=isch;2408;n/a;
3407;Fluke - Sans, Kaos ve Hayatin Gizli Mantigi;Brian Klaas;Fluke - Sans, Kaos ve Hayatin Gizli Mantigi. Brian Klaas;yes;;;2026;372;category?;read?;-;📋;reread?;C-4;homelibrary;https://www.google.com/search?q=Fluke%20-%20Sans,%20Kaos%20ve%20Hayatin%20Gizli%20Mantigi%20Brian%20Klaas;https://www.google.com/search?q=Fluke%20-%20Sans,%20Kaos%20ve%20Hayatin%20Gizli%20Mantigi%20Brian%20Klaas&tbm=isch;2407;189;
3406;Beden Konustugunda - Hicbir Seyim Yoksa Neden Agrim Var?;Arturo Goicoechea;Beden Konustugunda - Hicbir Seyim Yoksa Neden Agrim Var?. Arturo Goicoechea;yes;;;2026;208;category?;read?;-;📋;reread?;C-4;homelibrary;https://www.google.com/search?q=Beden%20Konustugunda%20-%20Hicbir%20Seyim%20Yoksa%20Neden%20Agrim%20Var?%20Arturo%20Goicoechea;https://www.google.com/search?q=Beden%20Konustugunda%20-%20Hicbir%20Seyim%20Yoksa%20Neden%20Agrim%20Var?%20Arturo%20Goicoechea&tbm=isch;2406;total;
3405;Travma ve Kayip - John Bowlby Arsivi’nden Anahtar Metinler;Robbie Duschinsky, Kate White;Travma ve Kayip - John Bowlby Arsivi’nden Anahtar Metinler. Robbie Duschinsky, Kate White;yes;;;2024;384;category?;read?;-;📋;reread?;C-4;homelibrary;https://www.google.com/search?q=Travma%20ve%20Kayip%20-%20John%20Bowlby%20Arsivi%E2%80%99nden%20Anahtar%20Metinler%20Robbie%20Duschinsky,%20Kate%20White;https://www.google.com/search?q=Travma%20ve%20Kayip%20-%20John%20Bowlby%20Arsivi%E2%80%99nden%20Anahtar%20Metinler%20Robbie%20Duschinsky,%20Kate%20White&tbm=isch;2405;2144;
3404;Duygusal Tukenmislikte Oz Sefkatin Gucu - Zihinsel ve Duygusal Yorgunlugunuzu Asmaniza Destek Olacak Uygulamalar;Kristin Neff;Duygusal Tukenmislikte Oz Sefkatin Gucu - Zihinsel ve Duygusal Yorgunlugunuzu Asmaniza Destek Olacak Uygulamalar. Kristin Neff;yes;;;2025;272;category?;read?;-;📋;reread?;C-4;homelibrary;https://www.google.com/search?q=Duygusal%20Tukenmislikte%20Oz%20Sefkatin%20Gucu%20-%20Zihinsel%20ve%20Duygusal%20Yorgunlugunuzu%20Asmaniza%20Destek%20Olacak%20Uygulamalar%20Kristin%20Neff;https://www.google.com/search?q=Duygusal%20Tukenmislikte%20Oz%20Sefkatin%20Gucu%20-%20Zihinsel%20ve%20Duygusal%20Yorgunlugunuzu%20Asmaniza%20Destek%20Olacak%20Uygulamalar%20Kristin%20Neff&tbm=isch;2404;2415;
3403;Butun O Yalniz Insanlar - Herkes Yalniz, Kimse Bundan Soz Etmiyor;Sam Carr;Butun O Yalniz Insanlar - Herkes Yalniz, Kimse Bundan Soz Etmiyor. Sam Carr;yes;;;2026;260;category?;read?;-;📋;reread?;C-4;homelibrary;https://www.google.com/search?q=Butun%20O%20Yalniz%20Insanlar%20-%20Herkes%20Yalniz,%20Kimse%20Bundan%20Soz%20Etmiyor%20Sam%20Carr;https://www.google.com/search?q=Butun%20O%20Yalniz%20Insanlar%20-%20Herkes%20Yalniz,%20Kimse%20Bundan%20Soz%20Etmiyor%20Sam%20Carr&tbm=isch;2403; ;
3402;Harika Hissetmek - Depresyon ve Kaygı Icin Yenilikci Bir Tedavi;David Burns;Harika Hissetmek - Depresyon ve Kaygı Icin Yenilikci Bir Tedavi. David Burns;yes;;;2026;680;category?;read?;-;📋;reread?;C-4;homelibrary;https://www.google.com/search?q=Harika%20Hissetmek%20-%20Depresyon%20ve%20Kayg%C4%B1%20Icin%20Yenilikci%20Bir%20Tedavi%20David%20Burns;https://www.google.com/search?q=Harika%20Hissetmek%20-%20Depresyon%20ve%20Kayg%C4%B1%20Icin%20Yenilikci%20Bir%20Tedavi%20David%20Burns&tbm=isch;2402;released?;
3401;Kotu Feminist;Roxane Gay;Kotu Feminist. Roxane Gay;yes;;;2019;416;category?;read?;-;📋;reread?;C-4;homelibrary;https://www.google.com/search?q=Kotu%20Feminist%20Roxane%20Gay;https://www.google.com/search?q=Kotu%20Feminist%20Roxane%20Gay&tbm=isch;2401;271;
3400;Bir Yuva Olarak Beden - Bedene Donus Pratikleri;Karyl McBride;Bir Yuva Olarak Beden - Bedene Donus Pratikleri. Karyl McBride;yes;;;2026;160;category?;read?;-;📋;reread?;C-4;homelibrary;https://www.google.com/search?q=Bir%20Yuva%20Olarak%20Beden%20-%20Bedene%20Donus%20Pratikleri%20Karyl%20McBride;https://www.google.com/search?q=Bir%20Yuva%20Olarak%20Beden%20-%20Bedene%20Donus%20Pratikleri%20Karyl%20McBride&tbm=isch;2400; ;
3399;Ne Cok Esya - Insan Turunun Aletleri Kesfetmesi, Anlami Icat Etmesi ve Hep Daha Fazla Sey Uretmesi;Chip Colwell;Ne Cok Esya - Insan Turunun Aletleri Kesfetmesi, Anlami Icat Etmesi ve Hep Daha Fazla Sey Uretmesi. Chip Colwell;yes;;;2026;320;category?;read?;-;📋;reread?;C-4;homelibrary;https://www.google.com/search?q=Ne%20Cok%20Esya%20-%20Insan%20Turunun%20Aletleri%20Kesfetmesi,%20Anlami%20Icat%20Etmesi%20ve%20Hep%20Daha%20Fazla%20Sey%20Uretmesi%20Chip%20Colwell;https://www.google.com/search?q=Ne%20Cok%20Esya%20-%20Insan%20Turunun%20Aletleri%20Kesfetmesi,%20Anlami%20Icat%20Etmesi%20ve%20Hep%20Daha%20Fazla%20Sey%20Uretmesi%20Chip%20Colwell&tbm=isch;2399; ;
3398;Hepsi Senin Kuruntun;Misty Pratt;Hepsi Senin Kuruntun. Misty Pratt;yes;;;2025;288;category?;read?;-;📋;reread?;C-4;homelibrary;https://www.google.com/search?q=Hepsi%20Senin%20Kuruntun%20Misty%20Pratt;https://www.google.com/search?q=Hepsi%20Senin%20Kuruntun%20Misty%20Pratt&tbm=isch;2398; ;
3397;Bitkilerin Ruhu - Modern Bilimden Kadim Bilgiye Sifa;Robin Wall Kimmerer;Bitkilerin Ruhu - Modern Bilimden Kadim Bilgiye Sifa. Robin Wall Kimmerer;yes;;;2022;424;category?;read?;-;📋;reread?;C-4;homelibrary;https://www.google.com/search?q=Bitkilerin%20Ruhu%20-%20Modern%20Bilimden%20Kadim%20Bilgiye%20Sifa%20Robin%20Wall%20Kimmerer;https://www.google.com/search?q=Bitkilerin%20Ruhu%20-%20Modern%20Bilimden%20Kadim%20Bilgiye%20Sifa%20Robin%20Wall%20Kimmerer&tbm=isch;2397; ;
3396;Hafizayi Donusturmek - Bir Norobilimcinin Gecmisi Degistirme Yolculugu;Steve Ramirez;Hafizayi Donusturmek - Bir Norobilimcinin Gecmisi Degistirme Yolculugu. Steve Ramirez;yes;;;2026;304;category?;read?;-;📋;reread?;C-4;homelibrary;https://www.google.com/search?q=Hafizayi%20Donusturmek%20-%20Bir%20Norobilimcinin%20Gecmisi%20Degistirme%20Yolculugu%20Steve%20Ramirez;https://www.google.com/search?q=Hafizayi%20Donusturmek%20-%20Bir%20Norobilimcinin%20Gecmisi%20Degistirme%20Yolculugu%20Steve%20Ramirez&tbm=isch;2396; ;
3395;Arzunun Evrimi ve Insanlarin Cinsel Secim Stratejileri;David M. Buss;Arzunun Evrimi ve Insanlarin Cinsel Secim Stratejileri. David M. Buss;yes;;;2025;436;category?;read?;-;📋;reread?;C-4;homelibrary;https://www.google.com/search?q=Arzunun%20Evrimi%20ve%20Insanlarin%20Cinsel%20Secim%20Stratejileri%20David%20M.%20Buss;https://www.google.com/search?q=Arzunun%20Evrimi%20ve%20Insanlarin%20Cinsel%20Secim%20Stratejileri%20David%20M.%20Buss&tbm=isch;2395; ;
3394;Az Secilen Yolun Otesi - Sonsuz Bir Ruhsal Tekamul Yolculugu;Scott Peck;Az Secilen Yolun Otesi - Sonsuz Bir Ruhsal Tekamul Yolculugu. Scott Peck;yes;;;2018;280;category?;read?;-;📋;reread?;C-4;homelibrary;https://www.google.com/search?q=Az%20Secilen%20Yolun%20Otesi%20-%20Sonsuz%20Bir%20Ruhsal%20Tekamul%20Yolculugu%20Scott%20Peck;https://www.google.com/search?q=Az%20Secilen%20Yolun%20Otesi%20-%20Sonsuz%20Bir%20Ruhsal%20Tekamul%20Yolculugu%20Scott%20Peck&tbm=isch;2394; ;
3393;Az Secilen Yol - Sevginin, Geleneksel Degerlerin ve Ruhsal Tekamulun Yeni Bir Psikolojisi;Scott Peck;Az Secilen Yol - Sevginin, Geleneksel Degerlerin ve Ruhsal Tekamulun Yeni Bir Psikolojisi. Scott Peck;yes;;;2015;328;category?;read?;-;📋;reread?;C-4;homelibrary;https://www.google.com/search?q=Az%20Secilen%20Yol%20-%20Sevginin,%20Geleneksel%20Degerlerin%20ve%20Ruhsal%20Tekamulun%20Yeni%20Bir%20Psikolojisi%20Scott%20Peck;https://www.google.com/search?q=Az%20Secilen%20Yol%20-%20Sevginin,%20Geleneksel%20Degerlerin%20ve%20Ruhsal%20Tekamulun%20Yeni%20Bir%20Psikolojisi%20Scott%20Peck&tbm=isch;2393; ;
3392;Kutsal Otu Ormek - Kadim Bilgelik, Bilimsel Bilgi ve Bitkilerin Ogretileri;Robin Wall Kimmerer;Kutsal Otu Ormek - Kadim Bilgelik, Bilimsel Bilgi ve Bitkilerin Ogretileri. Robin Wall Kimmerer;yes;;;2025;528;category?;read?;-;📋;reread?;C-4;homelibrary;https://www.google.com/search?q=Kutsal%20Otu%20Ormek%20-%20Kadim%20Bilgelik,%20Bilimsel%20Bilgi%20ve%20Bitkilerin%20Ogretileri%20Robin%20Wall%20Kimmerer;https://www.google.com/search?q=Kutsal%20Otu%20Ormek%20-%20Kadim%20Bilgelik,%20Bilimsel%20Bilgi%20ve%20Bitkilerin%20Ogretileri%20Robin%20Wall%20Kimmerer&tbm=isch;2392; ;
3391;Freud - Goruntunun Ortasindaki Karanlik;Louis Breger;Freud - Goruntunun Ortasindaki Karanlik. Louis Breger;n/a;;;2016;636;category?;read?;-;📋;reread?;C-4;house-2;https://www.google.com/search?q=Freud%20-%20Goruntunun%20Ortasindaki%20Karanlik%20Louis%20Breger;https://www.google.com/search?q=Freud%20-%20Goruntunun%20Ortasindaki%20Karanlik%20Louis%20Breger&tbm=isch;2391; ;
3390;Ilacla Tedavi Efsanesi - Psikiyatrik Ilac Kullanimina Elestirel Bir Bakis;Joanna Moncrieef;Ilacla Tedavi Efsanesi - Psikiyatrik Ilac Kullanimina Elestirel Bir Bakis. Joanna Moncrieef;n/a;;;2017;344;category?;read?;-;📋;reread?;C-4;house-2;https://www.google.com/search?q=Ilacla%20Tedavi%20Efsanesi%20-%20%20Psikiyatrik%20Ilac%20Kullanimina%20Elestirel%20Bir%20Bakis%20Joanna%20Moncrieef;https://www.google.com/search?q=Ilacla%20Tedavi%20Efsanesi%20-%20%20Psikiyatrik%20Ilac%20Kullanimina%20Elestirel%20Bir%20Bakis%20Joanna%20Moncrieef&tbm=isch;2390; ;
3389;Bir Bilim Insaninin Tutkulu Hikayesi - Bitkilerin Buyulu Dunyasi;Hope Jahren;Bir Bilim Insaninin Tutkulu Hikayesi - Bitkilerin Buyulu Dunyasi. Hope Jahren;n/a;;;2021;360;category?;read?;-;📋;reread?;C-4;house-2;https://www.google.com/search?q=Bir%20Bilim%20Insaninin%20Tutkulu%20Hikayesi%20-%20Bitkilerin%20Buyulu%20Dunyasi%20Hope%20Jahren;https://www.google.com/search?q=Bir%20Bilim%20Insaninin%20Tutkulu%20Hikayesi%20-%20Bitkilerin%20Buyulu%20Dunyasi%20Hope%20Jahren&tbm=isch;2389; ;
3388;Fildisi Kuyu 2 - Yaraticilik, Cinsellik ve Psikanaliz;Nihan Kaya;Fildisi Kuyu 2 - Yaraticilik, Cinsellik ve Psikanaliz. Nihan Kaya;n/a;;;2024;240;Psychology & Mental Life;✅;Reading;tbr?;reread?;C-4;house-2;https://www.google.com/search?q=Fildisi%20Kuyu%202%20-%20Yaraticilik,%20Cinsellik%20ve%20Psikanaliz%20Nihan%20Kaya;https://www.google.com/search?q=Fildisi%20Kuyu%202%20-%20Yaraticilik,%20Cinsellik%20ve%20Psikanaliz%20Nihan%20Kaya&tbm=isch;2388; ;
3387;Fildisi Kuyu 1 - Aile ve Toplum Tarafindan Dislanma;Nihan Kaya;Fildisi Kuyu 1 - Aile ve Toplum Tarafindan Dislanma. Nihan Kaya;n/a;;;2024;240;Psychology & Mental Life;✅;-;tbr?;📖;C-4;house-2;https://www.google.com/search?q=Fildisi%20Kuyu%201%20-%20Aile%20ve%20Toplum%20Tarafindan%20Dislanma%20Nihan%20Kaya;https://www.google.com/search?q=Fildisi%20Kuyu%201%20-%20Aile%20ve%20Toplum%20Tarafindan%20Dislanma%20Nihan%20Kaya&tbm=isch;2387; ;
3386;Beni Zorla Sagma, Birak Emzireyim Seni;Nihan Kaya;Beni Zorla Sagma, Birak Emzireyim Seni. Nihan Kaya;n/a;;;2024;228;Psychology & Mental Life;✅;-;tbr?;reread?;C-4;house-2;https://www.google.com/search?q=Beni%20Zorla%20Sagma,%20Birak%20Emzireyim%20Seni%20Nihan%20Kaya;https://www.google.com/search?q=Beni%20Zorla%20Sagma,%20Birak%20Emzireyim%20Seni%20Nihan%20Kaya&tbm=isch;2386; ;
3385;Buyuk Akil - Kolektif Akil Dunyamizi Nasil Degistirebilir?;Geoff Mulgan;Buyuk Akil - Kolektif Akil Dunyamizi Nasil Degistirebilir?. Geoff Mulgan;n/a;;;2021;368;category?;read?;-;📋;reread?;C-4;house-2;https://www.google.com/search?q=Buyuk%20Akil%20-%20Kolektif%20Akil%20Dunyamizi%20Nasil%20Degistirebilir?%20Geoff%20Mulgan;https://www.google.com/search?q=Buyuk%20Akil%20-%20Kolektif%20Akil%20Dunyamizi%20Nasil%20Degistirebilir?%20Geoff%20Mulgan&tbm=isch;2385; ;
3384;Kapitalist Gercekcilik Baska Alternatif Yok mu?;Mark Fisher;Kapitalist Gercekcilik Baska Alternatif Yok mu?. Mark Fisher;n/a;;;2020;96;category?;read?;-;📋;reread?;C-4;house-2;https://www.google.com/search?q=Kapitalist%20Gercekcilik%20Baska%20Alternatif%20Yok%20mu?%20Mark%20Fisher;https://www.google.com/search?q=Kapitalist%20Gercekcilik%20Baska%20Alternatif%20Yok%20mu?%20Mark%20Fisher&tbm=isch;2384; ;
3383;Anlamiyorsun Iste - Genc Kadin Icin Yasam Rehberi;Tara Porter;Anlamiyorsun Iste - Genc Kadin Icin Yasam Rehberi. Tara Porter;n/a;;;2023;352;category?;read?;-;📋;reread?;C-4;house-2;https://www.google.com/search?q=Anlamiyorsun%20Iste%20-%20Genc%20Kadin%20Icin%20Yasam%20Rehberi%20Tara%20Porter;https://www.google.com/search?q=Anlamiyorsun%20Iste%20-%20Genc%20Kadin%20Icin%20Yasam%20Rehberi%20Tara%20Porter&tbm=isch;2383; ;
3382;Kara Tutmasi;Nikolaj Schultz;Kara Tutmasi. Nikolaj Schultz;n/a;;;2026;88;category?;read?;-;📋;reread?;C-4;house-2;https://www.google.com/search?q=Kara%20Tutmasi%20Nikolaj%20Schultz;https://www.google.com/search?q=Kara%20Tutmasi%20Nikolaj%20Schultz&tbm=isch;2382; ;
3381;Menopoz Rehberi - Kendini Yeniden Kesfetme ve Guclenme Yolculugu;Melis Alphan;Menopoz Rehberi - Kendini Yeniden Kesfetme ve Guclenme Yolculugu. Melis Alphan;n/a;;;2025;232;category?;read?;-;📋;reread?;C-4;house-2;https://www.google.com/search?q=Menopoz%20Rehberi%20-%20Kendini%20Yeniden%20Kesfetme%20ve%20Guclenme%20Yolculugu%20Melis%20Alphan;https://www.google.com/search?q=Menopoz%20Rehberi%20-%20Kendini%20Yeniden%20Kesfetme%20ve%20Guclenme%20Yolculugu%20Melis%20Alphan&tbm=isch;2381; ;
3380;Kadinlardan Nefret Eden Erkekler;Laura Bates;Kadinlardan Nefret Eden Erkekler. Laura Bates;n/a;;;2026;480;category?;read?;-;📋;reread?;C-4;house-2;https://www.google.com/search?q=Kadinlardan%20Nefret%20Eden%20Erkekler%20Laura%20Bates;https://www.google.com/search?q=Kadinlardan%20Nefret%20Eden%20Erkekler%20Laura%20Bates&tbm=isch;2380; ;
3379;Jacques Lacan’in Kurami Uzerine Bes Ders;J. D. Nasio;Jacques Lacan’in Kurami Uzerine Bes Ders. J. D. Nasio;n/a;;;2025;256;category?;read?;-;📋;reread?;C-4;house-2;https://www.google.com/search?q=Jacques%20Lacan%E2%80%99in%20Kurami%20Uzerine%20Bes%20Ders%20J.%20D.%20Nasio;https://www.google.com/search?q=Jacques%20Lacan%E2%80%99in%20Kurami%20Uzerine%20Bes%20Ders%20J.%20D.%20Nasio&tbm=isch;2379; ;
3378;Prozac Toplumu;Elizabeth Wurtzel;Prozac Toplumu. Elizabeth Wurtzel;n/a;;;2005;360;Biography & Life Stories;✅;-;tbr?;reread?;C-4;house-2;https://www.google.com/search?q=Prozac%20Toplumu%20Elizabeth%20Wurtzel;https://www.google.com/search?q=Prozac%20Toplumu%20Elizabeth%20Wurtzel&tbm=isch;2378; ;
3377;Radikal Belirsizlik - Jean Baudrillard;Mike Gain;Radikal Belirsizlik - Jean Baudrillard. Mike Gain;n/a;;;2024;216;category?;read?;-;📋;reread?;C-4;house-2;https://www.google.com/search?q=Radikal%20Belirsizlik%20-%20Jean%20Baudrillard%20Mike%20Gain;https://www.google.com/search?q=Radikal%20Belirsizlik%20-%20Jean%20Baudrillard%20Mike%20Gain&tbm=isch;2377; ;
3376;Toplumsal Cinsiyet ve Iktidar - Toplum, Kisi ve Cinsel Politika;R. W. Connell;Toplumsal Cinsiyet ve Iktidar - Toplum, Kisi ve Cinsel Politika. R. W. Connell;n/a;;;2016;464;category?;read?;-;📋;reread?;C-4;house-2;https://www.google.com/search?q=Toplumsal%20Cinsiyet%20ve%20Iktidar%20-%20Toplum,%20Kisi%20ve%20Cinsel%20Politika%20R.%20W.%20Connell;https://www.google.com/search?q=Toplumsal%20Cinsiyet%20ve%20Iktidar%20-%20Toplum,%20Kisi%20ve%20Cinsel%20Politika%20R.%20W.%20Connell&tbm=isch;2376; ;
3375;Feminist Teori - Entelektuel Gelenekler;Josephine Donovan;Feminist Teori - Entelektuel Gelenekler. Josephine Donovan;n/a;;;1997;406;category?;read?;-;📋;reread?;C-4;house-2;https://www.google.com/search?q=Feminist%20Teori%20-%20Entelektuel%20Gelenekler%20Josephine%20Donovan;https://www.google.com/search?q=Feminist%20Teori%20-%20Entelektuel%20Gelenekler%20Josephine%20Donovan&tbm=isch;2375; ;
3374;Yarali Kadin;Linda Schierse Leonard;Yarali Kadin. Linda Schierse Leonard;n/a;;;2024;216;category?;read?;-;📋;reread?;C-4;house-2;https://www.google.com/search?q=Yarali%20Kadin%20Linda%20Schierse%20Leonard;https://www.google.com/search?q=Yarali%20Kadin%20Linda%20Schierse%20Leonard&tbm=isch;2374; ;
3373;Feminizmin Yazgilari;Nancy Fraser;Feminizmin Yazgilari. Nancy Fraser;n/a;;;2025;368;category?;read?;-;📋;reread?;C-4;house-2;https://www.google.com/search?q=Feminizmin%20Yazgilari%20Nancy%20Fraser;https://www.google.com/search?q=Feminizmin%20Yazgilari%20Nancy%20Fraser&tbm=isch;2373; ;
3372;Adamlar ve Ogullar;Richard V. Reeves;Adamlar ve Ogullar. Richard V. Reeves;n/a;;;2024;290;category?;read?;-;📋;reread?;C-4;house-2;https://www.google.com/search?q=Adamlar%20ve%20Ogullar%20Richard%20V.%20Reeves;https://www.google.com/search?q=Adamlar%20ve%20Ogullar%20Richard%20V.%20Reeves&tbm=isch;2372; ;
3371;Mega Tehditler - Gelecegimizi Riske Atan On Tehlikeli Trend Ve Bunlardan Nasil Sağg Salim Cikariz;Nouriel Roubini;Mega Tehditler - Gelecegimizi Riske Atan On Tehlikeli Trend Ve Bunlardan Nasil Sağg Salim Cikariz. Nouriel Roubini;n/a;;;2025;368;category?;read?;-;📋;reread?;C-4;house-2;https://www.google.com/search?q=Mega%20Tehditler%20-%20Gelecegimizi%20Riske%20Atan%20On%20Tehlikeli%20Trend%20Ve%20Bunlardan%20Nasil%20Sa%C4%9Fg%20Salim%20Cikariz%20Nouriel%20Roubini;https://www.google.com/search?q=Mega%20Tehditler%20-%20Gelecegimizi%20Riske%20Atan%20On%20Tehlikeli%20Trend%20Ve%20Bunlardan%20Nasil%20Sa%C4%9Fg%20Salim%20Cikariz%20Nouriel%20Roubini&tbm=isch;2371; ;
3370;Feminizm Herkes Icindir - Tutkulu Politika;Bell Hooks;Feminizm Herkes Icindir - Tutkulu Politika. Bell Hooks;n/a;;;2026;146;Society & Culture;✅;-;tbr?;reread?;C-4;house-2;https://www.google.com/search?q=Feminizm%20Herkes%20Icindir%20-%20Tutkulu%20Politika%20Bell%20Hooks;https://www.google.com/search?q=Feminizm%20Herkes%20Icindir%20-%20Tutkulu%20Politika%20Bell%20Hooks&tbm=isch;2370; ;
3369;Sevmek Sevilmek Cinsellik;Nihan Kaya;Sevmek Sevilmek Cinsellik. Nihan Kaya;n/a;;;2026;320;Psychology & Mental Life;✅;-;tbr?;📖;C-4;house-2;https://www.google.com/search?q=Sevmek%20Sevilmek%20Cinsellik%20Nihan%20Kaya;https://www.google.com/search?q=Sevmek%20Sevilmek%20Cinsellik%20Nihan%20Kaya&tbm=isch;2369; ;
3368;Toplumsal Cinsiyet ve Bilim;Evelyn Fox Keller;Toplumsal Cinsiyet ve Bilim. Evelyn Fox Keller;n/a;;;2007;232;category?;read?;-;📋;reread?;C-4;house-2;https://www.google.com/search?q=Toplumsal%20Cinsiyet%20ve%20Bilim%20Evelyn%20Fox%20Keller;https://www.google.com/search?q=Toplumsal%20Cinsiyet%20ve%20Bilim%20Evelyn%20Fox%20Keller&tbm=isch;2368; ;
3367;Aski Yeniden Icat Etmek - Patriyarka Heteroseksuel Iliskileri Nasil Sabote Ediyor?;Mona Chollet;Aski Yeniden Icat Etmek - Patriyarka Heteroseksuel Iliskileri Nasil Sabote Ediyor?. Mona Chollet;n/a;;;2023;256;category?;read?;-;📋;reread?;C-4;house-2;https://www.google.com/search?q=Aski%20Yeniden%20Icat%20Etmek%20-%20Patriyarka%20Heteroseksuel%20Iliskileri%20Nasil%20Sabote%20Ediyor?%20Mona%20Chollet;https://www.google.com/search?q=Aski%20Yeniden%20Icat%20Etmek%20-%20Patriyarka%20Heteroseksuel%20Iliskileri%20Nasil%20Sabote%20Ediyor?%20Mona%20Chollet&tbm=isch;2367; ;
3366;Hep Aska Dair;Bell Hooks;Hep Aska Dair. Bell Hooks;n/a;;;2018;215;Philosophy & Meaning;✅;-;tbr?;reread?;C-4;house-2;https://www.google.com/search?q=Hep%20Aska%20Dair%20Bell%20Hooks;https://www.google.com/search?q=Hep%20Aska%20Dair%20Bell%20Hooks&tbm=isch;2366; ;
3365;Golgene Sahip Cik;Robert A. Johnson;Golgene Sahip Cik. Robert A. Johnson;n/a;;;2015;108;Psychology & Mental Life;✅;-;tbr?;📖;C-4;house-2;https://www.google.com/search?q=Golgene%20Sahip%20Cik%20Robert%20A.%20Johnson;https://www.google.com/search?q=Golgene%20Sahip%20Cik%20Robert%20A.%20Johnson&tbm=isch;2365; ;
3364;Oyunbozan Feministin El Kitabi;Sara Ahmed;Oyunbozan Feministin El Kitabi. Sara Ahmed;n/a;;;2024;320;Society & Culture;✅;Reading;tbr?;reread?;C-4;house-2;https://www.google.com/search?q=Oyunbozan%20Feministin%20El%20Kitabi%20Sara%20Ahmed;https://www.google.com/search?q=Oyunbozan%20Feministin%20El%20Kitabi%20Sara%20Ahmed&tbm=isch;2364; ;
3363;Asiri Seven Kadinlar;Robin Norwood;Asiri Seven Kadinlar. Robin Norwood;n/a;;;2019;328;category?;read?;-;📋;reread?;C-4;house-2;https://www.google.com/search?q=Asiri%20Seven%20Kadinlar%20Robin%20Norwood;https://www.google.com/search?q=Asiri%20Seven%20Kadinlar%20Robin%20Norwood&tbm=isch;2363; ;
3362;The Coddling of the American Mind - How Good Intentions and Bad Ideas Are Setting Up a Generation for Failure;Jonathan Haidt, Greg Lukianoff;The Coddling of the American Mind - How Good Intentions and Bad Ideas Are Setting Up a Generation for Failure. Jonathan Haidt, Greg Lukianoff;n/a;;;2019;352;category?;read?;-;📋;reread?;C-4;house-2;https://www.google.com/search?q=The%20Coddling%20of%20the%20American%20Mind%20-%20How%20Good%20Intentions%20and%20Bad%20Ideas%20Are%20Setting%20Up%20a%20Generation%20for%20Failure%20Jonathan%20Haidt,%20Greg%20Lukianoff;https://www.google.com/search?q=The%20Coddling%20of%20the%20American%20Mind%20-%20How%20Good%20Intentions%20and%20Bad%20Ideas%20Are%20Setting%20Up%20a%20Generation%20for%20Failure%20Jonathan%20Haidt,%20Greg%20Lukianoff&tbm=isch;2362; ;
3361;Fazla Mesai - Neden Daha Kisa Bir Calisma Haftasina Ihtiyacimiz Var;Kyle Levis;Fazla Mesai - Neden Daha Kisa Bir Calisma Haftasina Ihtiyacimiz Var. Kyle Levis;n/a;;;2021;104;Work & Career;✅;-;tbr?;reread?;C-4;house-2;https://www.google.com/search?q=Fazla%20Mesai%20-%20Neden%20Daha%20Kisa%20Bir%20Calisma%20Haftasina%20Ihtiyacimiz%20Var%20Kyle%20Levis;https://www.google.com/search?q=Fazla%20Mesai%20-%20Neden%20Daha%20Kisa%20Bir%20Calisma%20Haftasina%20Ihtiyacimiz%20Var%20Kyle%20Levis%20&tbm=isch;2361; ;
3360;The Canceling of the American Mind - How Cancel Culture Undermines Trust, Destroys Institutions, and Threatens Us All;Greg Lukianoff, Rikki Schlott;The Canceling of the American Mind - How Cancel Culture Undermines Trust, Destroys Institutions, and Threatens Us All. Greg Lukianoff, Rikki Schlott;n/a;;;2025;464;category?;read?;-;📋;reread?;C-4;house-2;https://www.google.com/search?q=The%20Canceling%20of%20the%20American%20Mind%20-%20How%20Cancel%20Culture%20Undermines%20Trust,%20Destroys%20Institutions,%20and%20Threatens%20Us%20All%20Greg%20Lukianoff,%20Rikki%20Schlott;https://www.google.com/search?q=The%20Canceling%20of%20the%20American%20Mind%20-%20How%20Cancel%20Culture%20Undermines%20Trust,%20Destroys%20Institutions,%20and%20Threatens%20Us%20All%20Greg%20Lukianoff,%20Rikki%20Schlott&tbm=isch;2360; ;
3359;Asiri Dusunen Kadinlar - Overtinking;Susan Nolen Hoeksema;Asiri Dusunen Kadinlar - Overtinking. Susan Nolen Hoeksema;n/a;;;2023;344;category?;read?;-;📋;reread?;C-4;house-2;https://www.google.com/search?q=Asiri%20Dusunen%20Kadinlar%20-%20Overtinking%20Susan%20Nolen%20Hoeksema;https://www.google.com/search?q=Asiri%20Dusunen%20Kadinlar%20-%20Overtinking%20Susan%20Nolen%20Hoeksema&tbm=isch;2359; ;
3358;Ailenin Ilgasi - Bakim ve Ozgurlesme Icin Bir Manifesto;Sophie Lewis;Ailenin Ilgasi - Bakim ve Ozgurlesme Icin Bir Manifesto. Sophie Lewis;n/a;;;2025;128;Society & Culture;✅;-;tbr?;reread?;C-4;house-2;https://www.google.com/search?q=Ailenin%20Ilgasi%20-%20Bakim%20ve%20Ozgurlesme%20Icin%20Bir%20Manifesto%20Sophie%20Lewis;https://www.google.com/search?q=Ailenin%20Ilgasi%20-%20Bakim%20ve%20Ozgurlesme%20Icin%20Bir%20Manifesto%20Sophie%20Lewis&tbm=isch;2358; ;
3357;Hic Kimsenin Kizi - Istismardan Kurtulmak ve Adalet Icin Mucadele;Virginia Roberts Giuffre;Hic Kimsenin Kizi - Istismardan Kurtulmak ve Adalet Icin Mucadele. Virginia Roberts Giuffre;n/a;;;2026;432;Biography & Life Stories;✅;-;tbr?;reread?;C-4;house-2;https://www.google.com/search?q=Hic%20Kimsenin%20Kizi%20-%20Istismardan%20Kurtulmak%20ve%20Adalet%20Icin%20Mucadele%20Virginia%20Roberts%20Giuffre;https://www.google.com/search?q=Hic%20Kimsenin%20Kizi%20-%20Istismardan%20Kurtulmak%20ve%20Adalet%20Icin%20Mucadele%20Virginia%20Roberts%20Giuffre&tbm=isch;2357; ;
3356;Bana Bilgiclik Taslayan Adamlar;Rebecca Solnit;Bana Bilgiclik Taslayan Adamlar. Rebecca Solnit;n/a;;;2024;136;Society & Culture;✅;-;tbr?;📖;C-4;house-2;https://www.google.com/search?q=Bana%20Bilgiclik%20Taslayan%20Adamlar%20Rebecca%20Solnit;https://www.google.com/search?q=Bana%20Bilgiclik%20Taslayan%20Adamlar%20Rebecca%20Solnit&tbm=isch;2356; ;
3355;Yedi Olumcul Gunah ve Kadin;Elise Loehnen;Yedi Olumcul Gunah ve Kadin. Elise Loehnen;n/a;;;2025;408;Society & Culture;✅;-;tbr?;reread?;C-4;house-2;https://www.google.com/search?q=Yedi%20Olumcul%20Gunah%20ve%20Kadin%20Elise%20Loehnen;https://www.google.com/search?q=Yedi%20Olumcul%20Gunah%20ve%20Kadin%20Elise%20Loehnen&tbm=isch;2355; ;
3354;Dunyaya Cocuk Getirmek Ne Anlama Gelir?;Mara van der Lugt;Dunyaya Cocuk Getirmek Ne Anlama Gelir?. Mara van der Lugt;n/a;;;2026;352;category?;read?;-;📋;reread?;C-4;house-2;https://www.google.com/search?q=Dunyaya%20Cocuk%20Getirmek%20Ne%20Anlama%20Gelir?%20Mara%20van%20der%20Lugt;https://www.google.com/search?q=Dunyaya%20Cocuk%20Getirmek%20Ne%20Anlama%20Gelir?%20Mara%20van%20der%20Lugt&tbm=isch;2354; ;
3353;Insanlik 5.0: Yapay Zeka ile Kaynastigimizda;Ray Kurzweil;Insanlik 5.0: Yapay Zeka ile Kaynastigimizda. Ray Kurzweil;n/a;;;2025;488;category?;read?;-;📋;reread?;C-4;house-2;https://www.google.com/search?q=Insanlik%205.0:%20Yapay%20Zeka%20ile%20Kaynastigimizda%20Ray%20Kurzweil;https://www.google.com/search?q=Insanlik%205.0:%20Yapay%20Zeka%20ile%20Kaynastigimizda%20Ray%20Kurzweil&tbm=isch;2353; ;
3352;Irvin D. Yalom - Psikoterapi ve Insan Olmak Uzerine;Ruthellen Josselson;Irvin D. Yalom - Psikoterapi ve Insan Olmak Uzerine. Ruthellen Josselson;n/a;;;2022;152;Psychology & Mental Life;✅;-;tbr?;reread?;B-9;house-2;https://www.google.com/search?q=Irvin%20D.%20Yalom%20-%20Psikoterapi%20ve%20Insan%20Olmak%20Uzerine%20Ruthellen%20Josselson;https://www.google.com/search?q=Irvin%20D.%20Yalom%20-%20Psikoterapi%20ve%20Insan%20Olmak%20Uzerine%20Ruthellen%20Josselson&tbm=isch;2352; ;
3351;Muazzam Dunya - Bes Duyunun Otesine Yolculuk;Ed Yong;Muazzam Dunya - Bes Duyunun Otesine Yolculuk. Ed Yong;n/a;;;2025;520;category?;read?;-;📋;reread?;B-7;house-2;https://www.google.com/search?q=Muazzam%20Dunya%20-%20Bes%20Duyunun%20Otesine%20Yolculuk%20Ed%20Yong;https://www.google.com/search?q=Muazzam%20Dunya%20-%20Bes%20Duyunun%20Otesine%20Yolculuk%20Ed%20Yong&tbm=isch;2351; ;
3350;Kitaplarin Iyilestirme Gucu;Hwang BoReum;Kitaplarin Iyilestirme Gucu. Hwang BoReum;n/a;;;2025;192;Creativity & Expression;✅;-;tbr?;reread?;D-5;house-2;https://www.google.com/search?q=Kitaplarin%20Iyilestirme%20Gucu%20Hwang%20BoReum;https://www.google.com/search?q=Kitaplarin%20Iyilestirme%20Gucu%20Hwang%20BoReum&tbm=isch;2350; ;
3349;Hikayeni Yeniden Yaz;Ortamlarda Satilacak Bilgi;Hikayeni Yeniden Yaz. Ortamlarda Satilacak Bilgi;n/a;;;2025;264;category?;read?;-;📋;reread?;F-7;house-2;https://www.google.com/search?q=Hikayeni%20Yeniden%20Yaz%20Ortamlarda%20Satilacak%20Bilgi;https://www.google.com/search?q=Hikayeni%20Yeniden%20Yaz%20Ortamlarda%20Satilacak%20Bilgi&tbm=isch;2349; ;
3348;Akiskan Hayat;Zygmunt Bauman;Akiskan Hayat. Zygmunt Bauman;n/a;;;2020;208;category?;read?;-;📋;reread?;G-5;house-2;https://www.google.com/search?q=Akiskan%20Hayat%20Zygmunt%20Bauman;https://www.google.com/search?q=Akiskan%20Hayat%20Zygmunt%20Bauman&tbm=isch;2348; ;
3347;Akiskan Ask - Insan Iliskilerinin Dayaniksizligi;Zygmunt Bauman;Akiskan Ask - Insan Iliskilerinin Dayaniksizligi. Zygmunt Bauman;n/a;;;2023;206;category?;read?;-;📋;reread?;G-5;house-2;https://www.google.com/search?q=Akiskan%20Ask%20-%20Insan%20Iliskilerinin%20Dayaniksizligi%20Zygmunt%20Bauman;https://www.google.com/search?q=Akiskan%20Ask%20-%20Insan%20Iliskilerinin%20Dayaniksizligi%20Zygmunt%20Bauman&tbm=isch;2347; ;
3346;Akiskan Kotuluk;Zygmunt Bauman, Leondas Donskis;Akiskan Kotuluk. Zygmunt Bauman, Leondas Donskis;n/a;;;2022;224;category?;read?;-;📋;reread?;G-5;house-2;https://www.google.com/search?q=Akiskan%20Kotuluk%20Zygmunt%20Bauman,%20Leondas%20Donskis;https://www.google.com/search?q=Akiskan%20Kotuluk%20Zygmunt%20Bauman,%20Leondas%20Donskis&tbm=isch;2346; ;
3345;Akiskan Korku;Zygmunt Bauman;Akiskan Korku. Zygmunt Bauman;n/a;;;2020;224;category?;read?;-;📋;reread?;G-5;house-2;https://www.google.com/search?q=Akiskan%20Korku%20Zygmunt%20Bauman;https://www.google.com/search?q=Akiskan%20Korku%20Zygmunt%20Bauman&tbm=isch;2345; ;
3344;Metamorfozlar;Emanuele Coccia;Metamorfozlar. Emanuele Coccia;n/a;;;2024;216;category?;read?;-;📋;reread?;C-5;house-2;https://www.google.com/search?q=Metamorfozlar%20Emanuele%20Coccia;https://www.google.com/search?q=Metamorfozlar%20Emanuele%20Coccia&tbm=isch;2344; ;
3343;Antroposen Olayi - Yerkure, Tarih ve Biz;Christophe Bonneuil, Jean Baptiste Fressoz;Antroposen Olayi - Yerkure, Tarih ve Biz. Christophe Bonneuil, Jean Baptiste Fressoz;n/a;;;2025;312;category?;read?;-;📋;reread?;C-5;house-2;https://www.google.com/search?q=Antroposen%20Olayi%20-%20Yerkure,%20Tarih%20ve%20Biz%20Christophe%20Bonneuil,%20%20Jean%20Baptiste%20Fressoz;https://www.google.com/search?q=Antroposen%20Olayi%20-%20Yerkure,%20Tarih%20ve%20Biz%20Christophe%20Bonneuil,%20%20Jean%20Baptiste%20Fressoz&tbm=isch;2343; ;
3342;Kaosu Anlamlandirmak - Daha Iyi Bir Dunya Icin Daha Iyi Bir Ekonomi;J. Doyne Farmer;Kaosu Anlamlandirmak - Daha Iyi Bir Dunya Icin Daha Iyi Bir Ekonomi. J. Doyne Farmer;n/a;;;2025;448;category?;read?;-;📋;reread?;C-8;house-2;https://www.google.com/search?q=Kaosu%20Anlamlandirmak%20-%20Daha%20Iyi%20Bir%20Dunya%20Icin%20Daha%20Iyi%20Bir%20Ekonomi%20J.%20Doyne%20Farmer;https://www.google.com/search?q=Kaosu%20Anlamlandirmak%20-%20Daha%20Iyi%20Bir%20Dunya%20Icin%20Daha%20Iyi%20Bir%20Ekonomi%20J.%20Doyne%20Farmer&tbm=isch;2342; ;
3341;Anlam, Cesaret, Olum, Hiclik;Ferhat Jak Icoz;Anlam, Cesaret, Olum, Hiclik. Ferhat Jak Icoz;n/a;;;2025;464;category?;read?;-;📋;reread?;A-7;house-2;https://www.google.com/search?q=Anlam,%20Cesaret,%20Olum,%20Hiclik%20Ferhat%20Jak%20Icoz;https://www.google.com/search?q=Anlam,%20Cesaret,%20Olum,%20Hiclik%20Ferhat%20Jak%20Icoz&tbm=isch;2341; ;
3340;Kalp Saati - Burada ve Simdi Baglanti Kurmak;Irvin D. Yalom;Kalp Saati - Burada ve Simdi Baglanti Kurmak. Irvin D. Yalom;n/a;;;2025;304;category?;read?;-;📋;reread?;B-8;house-2;https://www.google.com/search?q=Kalp%20Saati%20-%20Burada%20ve%20Simdi%20Baglanti%20Kurmak%20Irvin%20D.%20Yalom;https://www.google.com/search?q=Kalp%20Saati%20-%20Burada%20ve%20Simdi%20Baglanti%20Kurmak%20Irvin%20D.%20Yalom&tbm=isch;2340; ;
3339;Sosyal Curume;Zeliha Burtek, Gulsen Iseri;Sosyal Curume. Zeliha Burtek, Gulsen Iseri;released;;yes;2025;184;Society & Culture;✅;-;tbr?;reread?;G-4;homelibrary;https://www.google.com/search?q=Sosyal%20Curume%20Zeliha%20Burtek,%20Gulsen%20Iseri;https://www.google.com/search?q=Sosyal%20Curume%20Zeliha%20Burtek,%20Gulsen%20Iseri&tbm=isch;2339; ;
3338;Milyonerlige Hizli Gecis - Servet Kazanmanin Sifresini Coz ve Zengin Yasa;M. J. Demarco;Milyonerlige Hizli Gecis - Servet Kazanmanin Sifresini Coz ve Zengin Yasa. M. J. Demarco;released;;yes;2023;520;category?;read?;-;📋;reread?;F-2;homelibrary;https://www.google.com/search?q=Milyonerlige%20Hizli%20Gecis%20-%20Servet%20Kazanmanin%20Sifresini%20Coz%20ve%20Zengin%20Yasa%20M.%20J.%20Demarco;https://www.google.com/search?q=Milyonerlige%20Hizli%20Gecis%20-%20Servet%20Kazanmanin%20Sifresini%20Coz%20ve%20Zengin%20Yasa%20M.%20J.%20Demarco&tbm=isch;2338; ;
3337;Milyoner Aklin Sirlari;T. Harv Eker;Milyoner Aklin Sirlari. T. Harv Eker;no;;;2007;187;category?;read?;-;📋;reread?;F-2;homelibrary;https://www.google.com/search?q=Milyoner%20Aklin%20Sirlari%20T.%20Harv%20Eker;https://www.google.com/search?q=Milyoner%20Aklin%20Sirlari%20T.%20Harv%20Eker&tbm=isch;2337; ;
3336;Histeri Bugun;Anouchka Grose (Derleyen);Histeri Bugun. Anouchka Grose (Derleyen);n/a;;;2025;160;category?;read?;-;📋;reread?;A-5;house-2;https://www.google.com/search?q=Histeri%20Bugun%20Anouchka%20Grose%20(Derleyen);https://www.google.com/search?q=Histeri%20Bugun%20Anouchka%20Grose%20(Derleyen)&tbm=isch;2336; ;
3335;Terapistime Anlatamadiklarim - Kendimizi Iyilestirmek Icin Anlattigimiz Gercekler;Michelle M. May;Terapistime Anlatamadiklarim - Kendimizi Iyilestirmek Icin Anlattigimiz Gercekler. Michelle M. May;n/a;;;2025;280;Psychology & Mental Life;✅;-;tbr?;reread?;B-9;house-2;https://www.google.com/search?q=Terapistime%20Anlatamadiklarim%20-%20Kendimizi%20Iyilestirmek%20Icin%20Anlattigimiz%20Gercekler%20Michelle%20M.%20May;https://www.google.com/search?q=Terapistime%20Anlatamadiklarim%20-%20Kendimizi%20Iyilestirmek%20Icin%20Anlattigimiz%20Gercekler%20Michelle%20M.%20May&tbm=isch;2335; ;
3334;Superiletisimciler: Baglantinin Gizli Dili Nasil Cozulur;Charles Duhigg;Superiletisimciler: Baglantinin Gizli Dili Nasil Cozulur. Charles Duhigg;yes;;;2025;338;category?;read?;-;📋;reread?;A-6;homelibrary;https://www.google.com/search?q=Superiletisimciler:%20Baglantinin%20Gizli%20Dili%20Nasil%20Cozulur%20Charles%20Duhigg;https://www.google.com/search?q=Superiletisimciler:%20Baglantinin%20Gizli%20Dili%20Nasil%20Cozulur%20Charles%20Duhigg&tbm=isch;2334; ;
3333;Her Zamanki Gibi: Degisen Dunyanin Hic Degismeyen Olgulari Uzerine Zamansiz Dersler;Morgan Housel;Her Zamanki Gibi: Degisen Dunyanin Hic Degismeyen Olgulari Uzerine Zamansiz Dersler. Morgan Housel;yes;;;2024;302;category?;read?;-;📋;reread?;C-9;homelibrary;https://www.google.com/search?q=Her%20Zamanki%20Gibi:%20Degisen%20Dunyanin%20Hic%20Degismeyen%20Olgulari%20Uzerine%20Zamansiz%20Dersler%20Morgan%20Housel;https://www.google.com/search?q=Her%20Zamanki%20Gibi:%20Degisen%20Dunyanin%20Hic%20Degismeyen%20Olgulari%20Uzerine%20Zamansiz%20Dersler%20Morgan%20Housel&tbm=isch;2333; ;
3332;Under a White Sky: Can we save the natural world in time?;Vladimir Propp;Under a White Sky: Can we save the natural world in time?. Vladimir Propp;n/a;;;2022;256;category?;read?;-;📋;reread?;F-7;house-2;https://www.google.com/search?q=Under%20a%20White%20Sky:%20Can%20we%20save%20the%20natural%20world%20in%20time?%20Vladimir%20Propp;https://www.google.com/search?q=Under%20a%20White%20Sky:%20Can%20we%20save%20the%20natural%20world%20in%20time?%20Vladimir%20Propp&tbm=isch;2332; ;
3331;Masalin Bicimbilimi;Vladimir Propp;Masalin Bicimbilimi. Vladimir Propp;yes;;;2024;272;category?;read?;-;📋;reread?;B-6;homelibrary;https://www.google.com/search?q=Masalin%20Bicimbilimi%20Vladimir%20Propp;https://www.google.com/search?q=Masalin%20Bicimbilimi%20Vladimir%20Propp&tbm=isch;2331; ;
3330;Sade Bir Hayat;Hwang BoReum;Sade Bir Hayat. Hwang BoReum;yes;;;2025;168;category?;read?;-;📋;reread?;E-7;homelibrary;https://www.google.com/search?q=Sade%20Bir%20Hayat%20Hwang%20BoReum;https://www.google.com/search?q=Sade%20Bir%20Hayat%20Hwang%20BoReum&tbm=isch;2330; ;
3329;Moda Praksisi;Otto Von Busch;Moda Praksisi. Otto Von Busch;no;;;2022;144;Consumer & Marketing;read?;-;tbr?;reread?;E-7;homelibrary;https://www.google.com/search?q=Moda%20Praksisi%20Otto%20Von%20Busch;https://www.google.com/search?q=Moda%20Praksisi%20Otto%20Von%20Busch&tbm=isch;2329; ;
3328;Modada Yavaslik;Solen Kipoz;Modada Yavaslik. Solen Kipoz;released;;yes;2020;240;Environment & Sustainable Living;✅;-;tbr?;reread?;E-7;homelibrary;https://www.google.com/search?q=Modada%20Yavaslik%20Solen%20Kipoz;https://www.google.com/search?q=Modada%20Yavaslik%20Solen%20Kipoz&tbm=isch;2328; ;
3327;Oyun ve Gerceklik;Donald W. Winnicott;Oyun ve Gerceklik. Donald W. Winnicott;yes;;;2021;208;category?;read?;-;📋;reread?;A-7;homelibrary;https://www.google.com/search?q=Oyun%20ve%20Gerceklik%20Donald%20W.%20Winnicott;https://www.google.com/search?q=Oyun%20ve%20Gerceklik%20Donald%20W.%20Winnicott&tbm=isch;2327; ;
3326;Ikinci Beyninizi Kurun - Dijital Yasaminizi Duzenleyip Yaraticiliginizi Artirmanin Kanitlanmis Yontemi;Tiago Forte;Ikinci Beyninizi Kurun - Dijital Yasaminizi Duzenleyip Yaraticiliginizi Artirmanin Kanitlanmis Yontemi. Tiago Forte;yes;;;2025;320;category?;read?;-;📋;reread?;E-6;homelibrary;https://www.google.com/search?q=Ikinci%20Beyninizi%20Kurun%20-%20Dijital%20Yasaminizi%20Duzenleyip%20Yaraticiliginizi%20Artirmanin%20Kanitlanmis%20Yontemi%20Tiago%20Forte;https://www.google.com/search?q=Ikinci%20Beyninizi%20Kurun%20-%20Dijital%20Yasaminizi%20Duzenleyip%20Yaraticiliginizi%20Artirmanin%20Kanitlanmis%20Yontemi%20Tiago%20Forte&tbm=isch;2326; ;
3325;Türkiye Debelenirken - Psiko-Politik Yuzlesmeler;Murat Paker;Türkiye Debelenirken - Psiko-Politik Yuzlesmeler. Murat Paker;yes;;;2016;413;category?;read?;-;📋;reread?;A-4;homelibrary;https://www.google.com/search?q=T%C3%BCrkiye%20Debelenirken%20-%20Psiko-Politik%20Yuzlesmeler%20Murat%20Paker;https://www.google.com/search?q=T%C3%BCrkiye%20Debelenirken%20-%20Psiko-Politik%20Yuzlesmeler%20Murat%20Paker&tbm=isch;2325; ;
3324;Evcillesmis Beyin;Bruce Hood;Evcillesmis Beyin. Bruce Hood;yes;;;2016;256;category?;read?;-;📋;reread?;F-4;homelibrary;https://www.google.com/search?q=Evcillesmis%20Beyin%20Bruce%20Hood;https://www.google.com/search?q=Evcillesmis%20Beyin%20Bruce%20Hood&tbm=isch;2324; ;
3323;Travmatize Toplum - Hile Yapmayi Nasil Yasaklar ve Uygarligimizi Kurtaririz;Fred Harrison;Travmatize Toplum - Hile Yapmayi Nasil Yasaklar ve Uygarligimizi Kurtaririz. Fred Harrison;n/a;;;2018;336;category?;read?;-;📋;reread?;F-5;house-2;https://www.google.com/search?q=Travmatize%20Toplum%20-%20Hile%20Yapmayi%20Nasil%20Yasaklar%20ve%20Uygarligimizi%20Kurtaririz%20Fred%20Harrison;https://www.google.com/search?q=Travmatize%20Toplum%20-%20Hile%20Yapmayi%20Nasil%20Yasaklar%20ve%20Uygarligimizi%20Kurtaririz%20Fred%20Harrison&tbm=isch;2323; ;
3322;Let Me Tell You What I Mean;Joan Didion;Let Me Tell You What I Mean. Joan Didion;yes;;;2022;192;category?;read?;-;📋;reread?;F-7;homelibrary;https://www.google.com/search?q=Let%20Me%20Tell%20You%20What%20I%20Mean%20Joan%20Didion;https://www.google.com/search?q=Let%20Me%20Tell%20You%20What%20I%20Mean%20Joan%20Didion&tbm=isch;2322; ;
3321;Power Play - Elon Musk, Tesla, and the Bet of the Century;Tim Higgins;Power Play - Elon Musk, Tesla, and the Bet of the Century. Tim Higgins;yes;;;2022;400;category?;read?;-;📋;reread?;F-7;homelibrary;https://www.google.com/search?q=Power%20Play%20-%20Elon%20Musk,%20Tesla,%20and%20the%20Bet%20of%20the%20Century%20Tim%20Higgins;https://www.google.com/search?q=Power%20Play%20-%20Elon%20Musk,%20Tesla,%20and%20the%20Bet%20of%20the%20Century%20Tim%20Higgins&tbm=isch;2321; ;
3320;Duygusal Savrulmalardan Kurtulmak - Hassas Tabiatlar Icin Kabul ve Kararlilik Terapisi (ACT);Patricia E. Zurita Ona;Duygusal Savrulmalardan Kurtulmak - Hassas Tabiatlar Icin Kabul ve Kararlilik Terapisi (ACT). Patricia E. Zurita Ona;yes;;;2021;264;category?;read?;-;📋;reread?;A-7;homelibrary;https://www.google.com/search?q=Duygusal%20Savrulmalardan%20Kurtulmak%20-%20Hassas%20Tabiatlar%20Icin%20Kabul%20ve%20Kararlilik%20Terapisi%20(ACT)%20Patricia%20E.%20Zurita%20Ona;https://www.google.com/search?q=Duygusal%20Savrulmalardan%20Kurtulmak%20-%20Hassas%20Tabiatlar%20Icin%20Kabul%20ve%20Kararlilik%20Terapisi%20(ACT)%20Patricia%20E.%20Zurita%20Ona&tbm=isch;2320; ;
3319;Why We Remember - Revealing the Hidden Power of Memory;Charan Ranganath;Why We Remember - Revealing the Hidden Power of Memory. Charan Ranganath;yes;;;2025;306;category?;read?;-;📋;reread?;F-7;homelibrary;https://www.google.com/search?q=Why%20We%20Remember%20-%20Revealing%20the%20Hidden%20Power%20of%20Memory%20Charan%20Ranganath;https://www.google.com/search?q=Why%20We%20Remember%20-%20Revealing%20the%20Hidden%20Power%20of%20Memory%20Charan%20Ranganath&tbm=isch;2319; ;
3318;Aldatmaca - Kadinlar Arzu ve Ihanet Hakkinda Dogru Bilinen Yanlislar;Wednesday Martin;Aldatmaca - Kadinlar Arzu ve Ihanet Hakkinda Dogru Bilinen Yanlislar. Wednesday Martin;n/a;;;2019;456;category?;read?;-;📋;reread?;B-7;house-2;https://www.google.com/search?q=Aldatmaca%20-%20Kadinlar%20Arzu%20ve%20Ihanet%20Hakkinda%20Dogru%20Bilinen%20Yanlislar%20Wednesday%20Martin;https://www.google.com/search?q=Aldatmaca%20-%20Kadinlar%20Arzu%20ve%20Ihanet%20Hakkinda%20Dogru%20Bilinen%20Yanlislar%20Wednesday%20Martin&tbm=isch;2318; ;
3317;Radikaller - Dunyayi Degistirme Pesindekilerin Içyuzu;Jamie Bartlett;Radikaller - Dunyayi Degistirme Pesindekilerin Içyuzu. Jamie Bartlett;yes;;;2020;296;Technology & the Digital World;✅;-;tbr?;reread?;C-9;homelibrary;https://www.google.com/search?q=Radikaller%20-%20Dunyayi%20Degistirme%20Pesindekilerin%20I%C3%A7yuzu%20Jamie%20Bartlett;https://www.google.com/search?q=Radikaller%20-%20Dunyayi%20Degistirme%20Pesindekilerin%20I%C3%A7yuzu%20Jamie%20Bartlett&tbm=isch;2317; ;
3316;Just Kids - the National Book Award-winning memoir;Patti Smith;Just Kids - the National Book Award-winning memoir. Patti Smith;yes;;;2011;320;category?;read?;-;📋;reread?;F-7;homelibrary;https://www.google.com/search?q=Just%20Kids%20-%20the%20National%20Book%20Award-winning%20memoir%20Patti%20Smith;https://www.google.com/search?q=Just%20Kids%20-%20the%20National%20Book%20Award-winning%20memoir%20Patti%20Smith&tbm=isch;2316; ;
3315;Hayalperestler;Patti Smith;Hayalperestler. Patti Smith;yes;;;2012;92;category?;read?;-;📋;reread?;B-5;homelibrary;https://www.google.com/search?q=Hayalperestler%20Patti%20Smith;https://www.google.com/search?q=Hayalperestler%20Patti%20Smith&tbm=isch;2315; ;
3314;Yukselis - Elon Musk ve Spacex'in Umutsuz Ilk Gunleri;Eric Berger;Yukselis - Elon Musk ve Spacex'in Umutsuz Ilk Gunleri. Eric Berger;yes;;;2023;304;category?;read?;-;📋;reread?;C-2;homelibrary;https://www.google.com/search?q=Yukselis%20-%20Elon%20Musk%20ve%20Spacex%27in%20Umutsuz%20Ilk%20Gunleri%20Eric%20Berger;https://www.google.com/search?q=Yukselis%20-%20Elon%20Musk%20ve%20Spacex%27in%20Umutsuz%20Ilk%20Gunleri%20Eric%20Berger&tbm=isch;2314; ;
3313;Cagrisimlı Nesne Dunyasi;Christopher Bollas;Cagrisimlı Nesne Dunyasi. Christopher Bollas;yes;;;2025;120;category?;read?;-;📋;reread?;A-4;homelibrary;https://www.google.com/search?q=Cagrisiml%C4%B1%20Nesne%20Dunyasi%20Christopher%20Bollas;https://www.google.com/search?q=Cagrisiml%C4%B1%20Nesne%20Dunyasi%20Christopher%20Bollas&tbm=isch;2313; ;
3312;M Treni;Patti Smith;M Treni. Patti Smith;yes;;;2015;280;category?;read?;-;📋;reread?;B-5;homelibrary;https://www.google.com/search?q=M%20Treni%20Patti%20Smith;https://www.google.com/search?q=M%20Treni%20Patti%20Smith&tbm=isch;2312; ;
3311;Peri Masallari Ve Yikma Sanati - Cocuklar Icin Klasik Masal Turu ve Uygarlik Sureci;Jack Zipes;Peri Masallari Ve Yikma Sanati - Cocuklar Icin Klasik Masal Turu ve Uygarlik Sureci. Jack Zipes;yes;;;2018;480;category?;read?;-;📋;reread?;B-6;homelibrary;https://www.google.com/search?q=Peri%20Masallari%20Ve%20Yikma%20Sanati%20-%20Cocuklar%20Icin%20Klasik%20Masal%20Turu%20ve%20Uygarlik%20Sureci%20Jack%20Zipes;https://www.google.com/search?q=Peri%20Masallari%20Ve%20Yikma%20Sanati%20-%20Cocuklar%20Icin%20Klasik%20Masal%20Turu%20ve%20Uygarlik%20Sureci%20Jack%20Zipes&tbm=isch;2311; ;
3310;Sinirlar - Hayatinizi Kontrol Etmek Icin Ne Zaman Evet Nasil Hayir Demelisiniz;John Townsend, Henry Cloud;Sinirlar - Hayatinizi Kontrol Etmek Icin Ne Zaman Evet Nasil Hayir Demelisiniz. John Townsend, Henry Cloud;yes;;;2019;312;category?;read?;-;📋;reread?;A-3;homelibrary;https://www.google.com/search?q=Sinirlar%20-%20Hayatinizi%20Kontrol%20Etmek%20Icin%20Ne%20Zaman%20Evet%20Nasil%20Hayir%20Demelisiniz%20John%20Townsend,%20Henry%20Cloud;https://www.google.com/search?q=Sinirlar%20-%20Hayatinizi%20Kontrol%20Etmek%20Icin%20Ne%20Zaman%20Evet%20Nasil%20Hayir%20Demelisiniz%20John%20Townsend,%20Henry%20Cloud&tbm=isch;2310; ;
3309;Kendi Evrimimizi Yonetmek - Yapay Secilim ve Rastlantisal Olmayan Mutasyon Yeryuzundeki Yasami Nasil Degistiriyor?;Mariana Enriquez, Steve Gullans;Kendi Evrimimizi Yonetmek - Yapay Secilim ve Rastlantisal Olmayan Mutasyon Yeryuzundeki Yasami Nasil Degistiriyor?. Mariana Enriquez, Steve Gullans;no;;;2018;360;category?;read?;-;📋;reread?;H-5;homelibrary;https://www.google.com/search?q=Kendi%20Evrimimizi%20Yonetmek%20-%20Yapay%20Secilim%20ve%20Rastlantisal%20Olmayan%20Mutasyon%20Yeryuzundeki%20Yasami%20Nasil%20Degistiriyor?%20Mariana%20Enriquez,%20Steve%20Gullans;https://www.google.com/search?q=Kendi%20Evrimimizi%20Yonetmek%20-%20Yapay%20Secilim%20ve%20Rastlantisal%20Olmayan%20Mutasyon%20Yeryuzundeki%20Yasami%20Nasil%20Degistiriyor?%20Mariana%20Enriquez,%20Steve%20Gullans&tbm=isch;2309; ;
3308;Oteki Diyarlar - Kayip Dunyaya Yolculuk;Thomas Halliday;Oteki Diyarlar - Kayip Dunyaya Yolculuk. Thomas Halliday;no;;;2025;392;category?;read?;-;📋;reread?;H-5;homelibrary;https://www.google.com/search?q=Oteki%20Diyarlar%20-%20Kayip%20Dunyaya%20Yolculuk%20Thomas%20Halliday;https://www.google.com/search?q=Oteki%20Diyarlar%20-%20Kayip%20Dunyaya%20Yolculuk%20Thomas%20Halliday&tbm=isch;2308; ;
3307;Bedenin Sirlari - Hayatimizi Degiştirecek Yeni Bir Insan Biyolojisi;Daniel M. Davis;Bedenin Sirlari - Hayatimizi Degiştirecek Yeni Bir Insan Biyolojisi. Daniel M. Davis;yes;;;2024;216;category?;read?;-;📋;reread?;B-5;homelibrary;https://www.google.com/search?q=Bedenin%20Sirlari%20-%20Hayatimizi%20Degi%C5%9Ftirecek%20Yeni%20Bir%20Insan%20Biyolojisi%20Daniel%20M.%20Davis;https://www.google.com/search?q=Bedenin%20Sirlari%20-%20Hayatimizi%20Degi%C5%9Ftirecek%20Yeni%20Bir%20Insan%20Biyolojisi%20Daniel%20M.%20Davis&tbm=isch;2307; ;
3306;Iyi Evlat Sendromu - Zor Annelerin Iyi Kiz Cocuklari Icin;Katherine Fabrizio;Iyi Evlat Sendromu - Zor Annelerin Iyi Kiz Cocuklari Icin. Katherine Fabrizio;yes;;;2025;320;category?;read?;-;📋;reread?;B-5;homelibrary;https://www.google.com/search?q=Iyi%20Evlat%20Sendromu%20-%20Zor%20Annelerin%20Iyi%20Kiz%20Cocuklari%20Icin%20Katherine%20Fabrizio;https://www.google.com/search?q=Iyi%20Evlat%20Sendromu%20-%20Zor%20Annelerin%20Iyi%20Kiz%20Cocuklari%20Icin%20Katherine%20Fabrizio&tbm=isch;2306; ;
3305;Detaylar;Ia Genberg;Detaylar. Ia Genberg;yes;;;2025;104;category?;read?;-;📋;reread?;B-6;homelibrary;https://www.google.com/search?q=Detaylar%20Ia%20Genberg;https://www.google.com/search?q=Detaylar%20Ia%20Genberg&tbm=isch;2305; ;
3304;Isiklar Sondu - General Electric'in Yukselme, Yanilsama ve Yenilme Hikayesi;Thomas Gryta, Ted Mann;Isiklar Sondu - General Electric'in Yukselme, Yanilsama ve Yenilme Hikayesi. Thomas Gryta, Ted Mann;yes;;;2022;408;category?;read?;-;📋;reread?;C-2;homelibrary;https://www.google.com/search?q=Isiklar%20Sondu%20-%20General%20Electric%27in%20Yukselme,%20Yanilsama%20ve%20Yenilme%20Hikayesi%20Thomas%20Gryta,%20Ted%20Mann;https://www.google.com/search?q=Isiklar%20Sondu%20-%20General%20Electric%27in%20Yukselme,%20Yanilsama%20ve%20Yenilme%20Hikayesi%20Thomas%20Gryta,%20Ted%20Mann&tbm=isch;2304; ;
3303;Yaptiklarimizi Neden Yapiyoruz? - Oz Motivasyonu Anlamak;Richard Flaste, Edward L. Deci;Yaptiklarimizi Neden Yapiyoruz? - Oz Motivasyonu Anlamak. Richard Flaste, Edward L. Deci;no;;;2023;294;category?;read?;-;📋;reread?;F-3;homelibrary;https://www.google.com/search?q=Yaptiklarimizi%20Neden%20Yapiyoruz?%20-%20Oz%20Motivasyonu%20Anlamak%20Richard%20Flaste,%20Edward%20L.%20Deci;https://www.google.com/search?q=Yaptiklarimizi%20Neden%20Yapiyoruz?%20-%20Oz%20Motivasyonu%20Anlamak%20Richard%20Flaste,%20Edward%20L.%20Deci&tbm=isch;2303; ;
3302;Yaklasan Dalga - Teknoloji, Guc ve 21. Yuzyilin En Buyuk Ikilemi;Mustafa Suleyman;Yaklasan Dalga - Teknoloji, Guc ve 21. Yuzyilin En Buyuk Ikilemi. Mustafa Suleyman;yes;;;2024;432;category?;read?;-;📋;reread?;D-2;homelibrary;https://www.google.com/search?q=Yaklasan%20Dalga%20-%20Teknoloji,%20Guc%20ve%2021.%20Yuzyilin%20En%20Buyuk%20Ikilemi%20Mustafa%20Suleyman;https://www.google.com/search?q=Yaklasan%20Dalga%20-%20Teknoloji,%20Guc%20ve%2021.%20Yuzyilin%20En%20Buyuk%20Ikilemi%20Mustafa%20Suleyman&tbm=isch;2302; ;
3301;Elon Musk;Walter Isaacson;Elon Musk. Walter Isaacson;yes;;;2025;736;category?;read?;-;📋;reread?;C-1;homelibrary;https://www.google.com/search?q=Elon%20Musk%20Walter%20Isaacson;https://www.google.com/search?q=Elon%20Musk%20Walter%20Isaacson&tbm=isch;2301; ;
3300;Hepimiz Yildiz Tozuyuz - Buyuk Patlama'dan Dunku Aksam Yemegine Bedenizmizdeki Atomlarin Hikayesi;Dan Levitt;Hepimiz Yildiz Tozuyuz - Buyuk Patlama'dan Dunku Aksam Yemegine Bedenizmizdeki Atomlarin Hikayesi. Dan Levitt;yes;;;2025;400;category?;read?;-;📋;reread?;H-6;homelibrary;https://www.google.com/search?q=Hepimiz%20Yildiz%20Tozuyuz%20-%20Buyuk%20Patlama%27dan%20Dunku%20Aksam%20Yemegine%20Bedenizmizdeki%20Atomlarin%20Hikayesi%20Dan%20Levitt;https://www.google.com/search?q=Hepimiz%20Yildiz%20Tozuyuz%20-%20Buyuk%20Patlama%27dan%20Dunku%20Aksam%20Yemegine%20Bedenizmizdeki%20Atomlarin%20Hikayesi%20Dan%20Levitt&tbm=isch;2300; ;
3299;Guvenli Baglanma - Omur Boyu Surecek Bir Iliskinin Sirlari;Julie Menanno;Guvenli Baglanma - Omur Boyu Surecek Bir Iliskinin Sirlari. Julie Menanno;yes;;;2025;360;category?;read?;-;📋;reread?;C-6;homelibrary;https://www.google.com/search?q=Guvenli%20Baglanma%20-%20Omur%20Boyu%20Surecek%20Bir%20Iliskinin%20Sirlari%20Julie%20Menanno;https://www.google.com/search?q=Guvenli%20Baglanma%20-%20Omur%20Boyu%20Surecek%20Bir%20Iliskinin%20Sirlari%20Julie%20Menanno&tbm=isch;2299; ;
3298;Sakli Dunya - Mantarlar Yasami, Zihnimizi ve Gelecegimizi Nasil Degistirir?;Merlin Sheldrake;Sakli Dunya - Mantarlar Yasami, Zihnimizi ve Gelecegimizi Nasil Degistirir?. Merlin Sheldrake;yes;;;2022;384;category?;read?;-;📋;reread?;H-6;homelibrary;https://www.google.com/search?q=Sakli%20Dunya%20-%20Mantarlar%20Yasami,%20Zihnimizi%20ve%20Gelecegimizi%20Nasil%20Degistirir?%20Merlin%20Sheldrake;https://www.google.com/search?q=Sakli%20Dunya%20-%20Mantarlar%20Yasami,%20Zihnimizi%20ve%20Gelecegimizi%20Nasil%20Degistirir?%20Merlin%20Sheldrake&tbm=isch;2298; ;
3297;Kuvvetle Ayaga Kalkmak - Hesaplasma. Haykiris. Devrim;Brene Brown;Kuvvetle Ayaga Kalkmak - Hesaplasma. Haykiris. Devrim. Brene Brown;yes;;;2016;320;category?;read?;-;📋;reread?;G-8;homelibrary;https://www.google.com/search?q=Kuvvetle%20Ayaga%20Kalkmak%20-%20Hesaplasma.%20Haykiris.%20Devrim%20Brene%20Brown;https://www.google.com/search?q=Kuvvetle%20Ayaga%20Kalkmak%20-%20Hesaplasma.%20Haykiris.%20Devrim%20Brene%20Brown&tbm=isch;2297; ;
3296;Upstartlar - Uber, Airbnb ve Yeni Silikon Vadisi’nin Diger Sirketleri Dunyayı Nasil Degiştiriyor;Brad Stone;Upstartlar - Uber, Airbnb ve Yeni Silikon Vadisi’nin Diger Sirketleri Dunyayı Nasil Degiştiriyor. Brad Stone;yes;;;2025;448;category?;read?;-;📋;reread?;D-2;homelibrary;https://www.google.com/search?q=Upstartlar%20-%20Uber,%20Airbnb%20ve%20Yeni%20Silikon%20Vadisi%E2%80%99nin%20Diger%20Sirketleri%20Dunyay%C4%B1%20Nasil%20Degi%C5%9Ftiriyor%20Brad%20Stone;https://www.google.com/search?q=Upstartlar%20-%20Uber,%20Airbnb%20ve%20Yeni%20Silikon%20Vadisi%E2%80%99nin%20Diger%20Sirketleri%20Dunyay%C4%B1%20Nasil%20Degi%C5%9Ftiriyor%20Brad%20Stone&tbm=isch;2296; ;
3295;Aslinda Ne Yiyoruz, Nasil Yiyoruz? - Gida Tercihlerimiz Neden Onemli;Peter Singer, Jim Mason;Aslinda Ne Yiyoruz, Nasil Yiyoruz? - Gida Tercihlerimiz Neden Onemli. Peter Singer, Jim Mason;yes;;;2024;416;category?;read?;-;📋;reread?;G-4;homelibrary;https://www.google.com/search?q=Aslinda%20Ne%20Yiyoruz,%20Nasil%20Yiyoruz?%20-%20Gida%20Tercihlerimiz%20Neden%20Onemli%20Peter%20Singer,%20Jim%20Mason;https://www.google.com/search?q=Aslinda%20Ne%20Yiyoruz,%20Nasil%20Yiyoruz?%20-%20Gida%20Tercihlerimiz%20Neden%20Onemli%20Peter%20Singer,%20Jim%20Mason&tbm=isch;2295; ;
3294;Anlam ve Melankoli - Sasirtici Bir Cagda Hayat;Christopher Bollas;Anlam ve Melankoli - Sasirtici Bir Cagda Hayat. Christopher Bollas;yes;;;2025;168;category?;read?;-;📋;reread?;A-4;homelibrary;https://www.google.com/search?q=Anlam%20ve%20Melankoli%20-%20Sasirtici%20Bir%20Cagda%20Hayat%20Christopher%20Bollas;https://www.google.com/search?q=Anlam%20ve%20Melankoli%20-%20Sasirtici%20Bir%20Cagda%20Hayat%20Christopher%20Bollas&tbm=isch;2294; ;
3293;Cevrimici Tuzaklar;Kara Alaimo;Cevrimici Tuzaklar. Kara Alaimo;n/a;;;2025;288;Technology & the Digital World;✅;-;tbr?;📖;C-7;house-2;https://www.google.com/search?q=Cevrimici%20Tuzaklar%20Kara%20Alaimo;https://www.google.com/search?q=Cevrimici%20Tuzaklar%20Kara%20Alaimo&tbm=isch;2293; ;
3292;Ergen Bayni;David Bueno;Ergen Bayni. David Bueno;yes;;;2025;280;category?;read?;-;📋;reread?;A-7;homelibrary;https://www.google.com/search?q=Ergen%20Bayni%20David%20Bueno;https://www.google.com/search?q=Ergen%20Bayni%20David%20Bueno&tbm=isch;2292; ;
3291;Iyi Insanlar Kotu Dusununce Felsefe Bizi Kendimizden Nasil Korur?;Steven Nadler, Lawrence E. Shapiro;Iyi Insanlar Kotu Dusununce Felsefe Bizi Kendimizden Nasil Korur?. Steven Nadler, Lawrence E. Shapiro;yes;;;2025;208;category?;read?;-;📋;reread?;C-3;homelibrary;https://www.google.com/search?q=Iyi%20Insanlar%20Kotu%20Dusununce%20Felsefe%20Bizi%20Kendimizden%20Nasil%20Korur?%20Steven%20Nadler,%20Lawrence%20E.%20Shapiro;https://www.google.com/search?q=Iyi%20Insanlar%20Kotu%20Dusununce%20Felsefe%20Bizi%20Kendimizden%20Nasil%20Korur?%20Steven%20Nadler,%20Lawrence%20E.%20Shapiro&tbm=isch;2291; ;
3290;Tedavi Harikalari - Bagisiklik Sistemi ve Yeni Saglik Bilimi;Daniel M. Davis;Tedavi Harikalari - Bagisiklik Sistemi ve Yeni Saglik Bilimi. Daniel M. Davis;yes;;;2022;264;category?;read?;-;📋;reread?;C-6;homelibrary;https://www.google.com/search?q=Tedavi%20Harikalari%20-%20Bagisiklik%20Sistemi%20ve%20Yeni%20Saglik%20Bilimi%20Daniel%20M.%20Davis;https://www.google.com/search?q=Tedavi%20Harikalari%20-%20Bagisiklik%20Sistemi%20ve%20Yeni%20Saglik%20Bilimi%20Daniel%20M.%20Davis&tbm=isch;2290; ;
3289;Paket Terapi - Gunluk Yasaminizi Iyilestirmenizi Saglayacak 100 Psikoterapi Araci;Sacha Bachim;Paket Terapi - Gunluk Yasaminizi Iyilestirmenizi Saglayacak 100 Psikoterapi Araci. Sacha Bachim;yes;;;2019;280;category?;read?;-;📋;reread?;B-8;homelibrary;https://www.google.com/search?q=Paket%20Terapi%20-%20Gunluk%20Yasaminizi%20Iyilestirmenizi%20Saglayacak%20100%20Psikoterapi%20Araci%20Sacha%20Bachim;https://www.google.com/search?q=Paket%20Terapi%20-%20Gunluk%20Yasaminizi%20Iyilestirmenizi%20Saglayacak%20100%20Psikoterapi%20Araci%20Sacha%20Bachim&tbm=isch;2289; ;
3288;Sevgi Neden Onemlidir? - Sefkat Bir Bebegin Beynini Nasıl Bicimlendirir?;Sue Gerhardt;Sevgi Neden Onemlidir? - Sefkat Bir Bebegin Beynini Nasıl Bicimlendirir?. Sue Gerhardt;yes;;;2019;328;category?;read?;-;📋;reread?;A-4;homelibrary;https://www.google.com/search?q=Sevgi%20Neden%20Onemlidir?%20-%20Sefkat%20Bir%20Bebegin%20Beynini%20Nas%C4%B1l%20Bicimlendirir?%20Sue%20Gerhardt;https://www.google.com/search?q=Sevgi%20Neden%20Onemlidir?%20-%20Sefkat%20Bir%20Bebegin%20Beynini%20Nas%C4%B1l%20Bicimlendirir?%20Sue%20Gerhardt&tbm=isch;2288; ;
3287;Mutluluk Yolu;Emma Seppala;Mutluluk Yolu. Emma Seppala;yes;;;2025;216;category?;read?;-;📋;reread?;E-6;homelibrary;https://www.google.com/search?q=Mutluluk%20Yolu%20Emma%20Seppala;https://www.google.com/search?q=Mutluluk%20Yolu%20Emma%20Seppala&tbm=isch;2287; ;
3286;52 Haftalik Bilincalti Calismasi;Joseph Murphy;52 Haftalik Bilincalti Calismasi. Joseph Murphy;yes;;;2025;272;category?;read?;-;📋;reread?;G-6;homelibrary;https://www.google.com/search?q=52%20Haftalik%20Bilincalti%20Calismasi%20Joseph%20Murphy;https://www.google.com/search?q=52%20Haftalik%20Bilincalti%20Calismasi%20Joseph%20Murphy&tbm=isch;2286; ;
3285;Guru, Pazarlamaci, Supheci Bir Bilim, Seks ve Psikanaliz Hikayesi;Seamus O'Mahony;Guru, Pazarlamaci, Supheci Bir Bilim, Seks ve Psikanaliz Hikayesi. Seamus O'Mahony;yes;;;2025;328;category?;read?;-;📋;reread?;B-6;homelibrary;https://www.google.com/search?q=Guru,%20Pazarlamaci,%20Supheci%20Bir%20Bilim,%20Seks%20ve%20Psikanaliz%20Hikayesi%20Seamus%20O%27Mahony;https://www.google.com/search?q=Guru,%20Pazarlamaci,%20Supheci%20Bir%20Bilim,%20Seks%20ve%20Psikanaliz%20Hikayesi%20Seamus%20O%27Mahony&tbm=isch;2285; ;
3284;Schopenhauer’in Kirpileri - Birlikte Ama Yalniz;Deborah Anna Luepnitz;Schopenhauer’in Kirpileri - Birlikte Ama Yalniz. Deborah Anna Luepnitz;yes;;;2025;328;category?;read?;-;📋;reread?;B-6;homelibrary;https://www.google.com/search?q=Schopenhauer%E2%80%99in%20Kirpileri%20-%20Birlikte%20Ama%20Yalniz%20Deborah%20Anna%20Luepnitz;https://www.google.com/search?q=Schopenhauer%E2%80%99in%20Kirpileri%20-%20Birlikte%20Ama%20Yalniz%20Deborah%20Anna%20Luepnitz&tbm=isch;2284; ;
3283;Anne Olmak - Hamilelik ve Dogum Sonrasi Beden, Ruh ve Kimligin Donusumu;Lucy Jones;Anne Olmak - Hamilelik ve Dogum Sonrasi Beden, Ruh ve Kimligin Donusumu. Lucy Jones;yes;;;2025;360;category?;read?;-;📋;reread?;A-4;homelibrary;https://www.google.com/search?q=Anne%20Olmak%20-%20Hamilelik%20ve%20Dogum%20Sonrasi%20Beden,%20Ruh%20ve%20Kimligin%20Donusumu%20Lucy%20Jones;https://www.google.com/search?q=Anne%20Olmak%20-%20Hamilelik%20ve%20Dogum%20Sonrasi%20Beden,%20Ruh%20ve%20Kimligin%20Donusumu%20Lucy%20Jones&tbm=isch;2283; ;
3282;Dogrulanmis - Internette Gercegi Ayirt Etmenin Yollari;Mike Caulfield, Sam Wineburg;Dogrulanmis - Internette Gercegi Ayirt Etmenin Yollari. Mike Caulfield, Sam Wineburg;n/a;;;2025;248;category?;read?;-;📋;reread?;C-8;house-2;https://www.google.com/search?q=Dogrulanmis%20-%20Internette%20Gercegi%20Ayirt%20Etmenin%20Yollari%20Mike%20Caulfield,%20Sam%20Wineburg;https://www.google.com/search?q=Dogrulanmis%20-%20Internette%20Gercegi%20Ayirt%20Etmenin%20Yollari%20Mike%20Caulfield,%20Sam%20Wineburg&tbm=isch;2282; ;
3281;Ozgurlesturen Kahkaha - Insani Deneyimin Komik Boyutu;Peter L. Berger;Ozgurlesturen Kahkaha - Insani Deneyimin Komik Boyutu. Peter L. Berger;yes;;;2025;336;category?;read?;-;📋;reread?;C-6;homelibrary;https://www.google.com/search?q=Ozgurlesturen%20Kahkaha%20-%20Insani%20Deneyimin%20Komik%20Boyutu%20Peter%20L.%20Berger;https://www.google.com/search?q=Ozgurlesturen%20Kahkaha%20-%20Insani%20Deneyimin%20Komik%20Boyutu%20Peter%20L.%20Berger&tbm=isch;2281; ;
3280;Alerjik - Bagisiklik Sistemimiz Degisen Dunyaya Nasil Tepki Veriyor?;Theresa MacPhail;Alerjik - Bagisiklik Sistemimiz Degisen Dunyaya Nasil Tepki Veriyor?. Theresa MacPhail;n/a;;;2025;360;category?;read?;-;📋;reread?;B-7;house-2;https://www.google.com/search?q=Alerjik%20-%20Bagisiklik%20Sistemimiz%20Degisen%20Dunyaya%20Nasil%20Tepki%20Veriyor?%20Theresa%20MacPhail;https://www.google.com/search?q=Alerjik%20-%20Bagisiklik%20Sistemimiz%20Degisen%20Dunyaya%20Nasil%20Tepki%20Veriyor?%20Theresa%20MacPhail&tbm=isch;2280; ;
3279;Aci Gercek - Facebook'un Hakimiyet Savasinin Icyuzu;Sheera Frenkel, Cecilia Kang;Aci Gercek - Facebook'un Hakimiyet Savasinin Icyuzu. Sheera Frenkel, Cecilia Kang;yes;;;2025;356;category?;read?;-;📋;reread?;D-2;homelibrary;https://www.google.com/search?q=Aci%20Gercek%20-%20Facebook%27un%20Hakimiyet%20Savasinin%20Icyuzu%20Sheera%20Frenkel,%20Cecilia%20Kang;https://www.google.com/search?q=Aci%20Gercek%20-%20Facebook%27un%20Hakimiyet%20Savasinin%20Icyuzu%20Sheera%20Frenkel,%20Cecilia%20Kang&tbm=isch;2279; ;
3278;Fazlasiyla Etkileyici - Internette Siddet ve Etkinin Gizli Tarihi;Taylor Lorenz;Fazlasiyla Etkileyici - Internette Siddet ve Etkinin Gizli Tarihi. Taylor Lorenz;n/a;;;2024;392;category?;read?;-;📋;reread?;C-10;house-2;https://www.google.com/search?q=Fazlasiyla%20Etkileyici%20-%20Internette%20Siddet%20ve%20Etkinin%20Gizli%20Tarihi%20Taylor%20Lorenz;https://www.google.com/search?q=Fazlasiyla%20Etkileyici%20-%20Internette%20Siddet%20ve%20Etkinin%20Gizli%20Tarihi%20Taylor%20Lorenz&tbm=isch;2278; ;
3277;Sey-Olmayanlar - Gundelik Hayatin Altust Olusu;Byung-Chul Han;Sey-Olmayanlar - Gundelik Hayatin Altust Olusu. Byung-Chul Han;yes;;;2025;112;category?;read?;-;📋;reread?;E-3;homelibrary;https://www.google.com/search?q=Sey-Olmayanlar%20-%20Gundelik%20Hayatin%20Altust%20Olusu%20Byung-Chul%20Han;https://www.google.com/search?q=Sey-Olmayanlar%20-%20Gundelik%20Hayatin%20Altust%20Olusu%20Byung-Chul%20Han&tbm=isch;2277; ;
3276;Kivilcim Ani'nin Intikami;Malcolm Gladwell;Kivilcim Ani'nin Intikami. Malcolm Gladwell;yes;;;2025;328;Psychology & Mental Life;✅;-;tbr?;📖;C-7;homelibrary;https://www.google.com/search?q=Kivilcim%20Ani%27nin%20Intikami%20Malcolm%20Gladwell;https://www.google.com/search?q=Kivilcim%20Ani%27nin%20Intikami%20Malcolm%20Gladwell&tbm=isch;2276; ;
3275;Moda Psikolojisi;Mutlu Baris;Moda Psikolojisi. Mutlu Baris;released;;yes;2024;112;Psychology & Mental Life;✅;-;tbr?;reread?;E-7;homelibrary;https://www.google.com/search?q=Moda%20Psikolojisi%20Mutlu%20Baris;https://www.google.com/search?q=Moda%20Psikolojisi%20Mutlu%20Baris&tbm=isch;2275; ;
3274;Surdurulebilir Yasam Rehberi;Kollektif;Surdurulebilir Yasam Rehberi. Kollektif;released;;yes;2020;136;Environment & Sustainable Living;✅;-;tbr?;reread?;H-5;homelibrary;https://www.google.com/search?q=Surdurulebilir%20Yasam%20Rehberi%20Kollektif;https://www.google.com/search?q=Surdurulebilir%20Yasam%20Rehberi%20Kollektif&tbm=isch;2274; ;
3273;Paranin Gizli Yasami - Borcun, Servetin, Hirsin ve Hayirseverligin Kalici Hikayeleri;Tad Crawford;Paranin Gizli Yasami - Borcun, Servetin, Hirsin ve Hayirseverligin Kalici Hikayeleri. Tad Crawford;no;;;2024;312;category?;read?;-;📋;reread?;F-2;homelibrary;https://www.google.com/search?q=Paranin%20Gizli%20Yasami%20-%20Borcun,%20Servetin,%20Hirsin%20ve%20Hayirseverligin%20Kalici%20Hikayeleri%20Tad%20Crawford;https://www.google.com/search?q=Paranin%20Gizli%20Yasami%20-%20Borcun,%20Servetin,%20Hirsin%20ve%20Hayirseverligin%20Kalici%20Hikayeleri%20Tad%20Crawford&tbm=isch;2273; ;
3272;Dikkat Eksikligi Bozuklugu;Edward M. Hallowell, John J. Ratey;Dikkat Eksikligi Bozuklugu. Edward M. Hallowell, John J. Ratey;no;;;2018;448;category?;read?;-;📋;reread?;C-9;homelibrary;https://www.google.com/search?q=Dikkat%20Eksikligi%20Bozuklugu%20Edward%20M.%20Hallowell,%20John%20J.%20Ratey;https://www.google.com/search?q=Dikkat%20Eksikligi%20Bozuklugu%20Edward%20M.%20Hallowell,%20John%20J.%20Ratey&tbm=isch;2272; ;
3271;Olgunlasmamis Ebeveynlerin Yetiskin Cocuklari;Lindsay C. Gibson;Olgunlasmamis Ebeveynlerin Yetiskin Cocuklari. Lindsay C. Gibson;yes;;;2017;256;category?;read?;-;📋;reread?;A-8;homelibrary;https://www.google.com/search?q=Olgunlasmamis%20Ebeveynlerin%20Yetiskin%20Cocuklari%20Lindsay%20C.%20Gibson;https://www.google.com/search?q=Olgunlasmamis%20Ebeveynlerin%20Yetiskin%20Cocuklari%20Lindsay%20C.%20Gibson&tbm=isch;2271; ;
3270;Bir Omrun Emegi - Anne Olmaya Dair;Rachel Cusk;Bir Omrun Emegi - Anne Olmaya Dair. Rachel Cusk;yes;;;2025;144;category?;read?;-;📋;reread?;B-7;homelibrary;https://www.google.com/search?q=Bir%20Omrun%20Emegi%20-%20Anne%20Olmaya%20Dair%20Rachel%20Cusk;https://www.google.com/search?q=Bir%20Omrun%20Emegi%20-%20Anne%20Olmaya%20Dair%20Rachel%20Cusk&tbm=isch;2270; ;
3269;Zor Zamanlarda Iyi Ekonomi;Abhijit V. Banerjee, Esther Duflo;Zor Zamanlarda Iyi Ekonomi. Abhijit V. Banerjee, Esther Duflo;yes;;;2020;304;category?;read?;-;📋;reread?;B-7;homelibrary;https://www.google.com/search?q=Zor%20Zamanlarda%20Iyi%20Ekonomi%20Abhijit%20V.%20Banerjee,%20Esther%20Duflo;https://www.google.com/search?q=Zor%20Zamanlarda%20Iyi%20Ekonomi%20Abhijit%20V.%20Banerjee,%20Esther%20Duflo&tbm=isch;2269; ;
3268;Dopamin Toplumu - Haz Caginda Dengeyi Bulmak;Anna Lembke;Dopamin Toplumu - Haz Caginda Dengeyi Bulmak. Anna Lembke;n/a;;;2025;208;Psychology & Mental Life;✅;-;tbr?;reread?;B-7;house-2;https://www.google.com/search?q=Dopamin%20Toplumu%20-%20Haz%20Caginda%20Dengeyi%20Bulmak%20Anna%20Lembke;https://www.google.com/search?q=Dopamin%20Toplumu%20-%20Haz%20Caginda%20Dengeyi%20Bulmak%20Anna%20Lembke&tbm=isch;2268; ;
3267;Iyi Besin Sakin Zihin;Uma Naidoo;Iyi Besin Sakin Zihin. Uma Naidoo;yes;;;2025;360;category?;read?;-;📋;reread?;B-7;homelibrary;https://www.google.com/search?q=Iyi%20Besin%20Sakin%20Zihin%20Uma%20Naidoo;https://www.google.com/search?q=Iyi%20Besin%20Sakin%20Zihin%20Uma%20Naidoo&tbm=isch;2267; ;
3266;Libido Zirvesi - Seks, Ekoloji ve Arzunun Cokusu;Dominic Pettman;Libido Zirvesi - Seks, Ekoloji ve Arzunun Cokusu. Dominic Pettman;n/a;;;2024;160;category?;read?;-;📋;reread?;B-7;house-2;https://www.google.com/search?q=Libido%20Zirvesi%20-%20Seks,%20Ekoloji%20ve%20Arzunun%20Cokusu%20Dominic%20Pettman;https://www.google.com/search?q=Libido%20Zirvesi%20-%20Seks,%20Ekoloji%20ve%20Arzunun%20Cokusu%20Dominic%20Pettman&tbm=isch;2266; ;
3265;Bu DEHB Muthis Bir Sey!;Penn Holderness, Kim Holderness;Bu DEHB Muthis Bir Sey!. Penn Holderness, Kim Holderness;released;;yes;2025;328;Psychology & Mental Life;✅;-;tbr?;reread?;C-9;homelibrary;https://www.google.com/search?q=Bu%20DEHB%20Muthis%20Bir%20Sey!%20Penn%20Holderness,%20Kim%20Holderness;https://www.google.com/search?q=Bu%20DEHB%20Muthis%20Bir%20Sey!%20Penn%20Holderness,%20Kim%20Holderness&tbm=isch;2265; ;
3264;Beyin Sisi;Mike Dow;Beyin Sisi. Mike Dow;no;;;2019;152;category?;read?;-;📋;reread?;C-9;homelibrary;https://www.google.com/search?q=Beyin%20Sisi%20Mike%20Dow;https://www.google.com/search?q=Beyin%20Sisi%20Mike%20Dow&tbm=isch;2264; ;
3263;DEHB Ile Yasamak Dikkat Eksikligi ve Hiperaktivite Bozukluguyla Savasmak Yerine Is Birligi Yapmak Icin Kapsamli Bir Rehber;Jessica McCabe;DEHB Ile Yasamak Dikkat Eksikligi ve Hiperaktivite Bozukluguyla Savasmak Yerine Is Birligi Yapmak Icin Kapsamli Bir Rehber. Jessica McCabe;released;;yes;2025;464;category?;read?;-;📋;reread?;C-9;homelibrary;https://www.google.com/search?q=DEHB%20Ile%20Yasamak%20Dikkat%20Eksikligi%20ve%20Hiperaktivite%20Bozukluguyla%20Savasmak%20Yerine%20Is%20Birligi%20Yapmak%20Icin%20Kapsamli%20Bir%20Rehber%20Jessica%20McCabe;https://www.google.com/search?q=DEHB%20Ile%20Yasamak%20Dikkat%20Eksikligi%20ve%20Hiperaktivite%20Bozukluguyla%20Savasmak%20Yerine%20Is%20Birligi%20Yapmak%20Icin%20Kapsamli%20Bir%20Rehber%20Jessica%20McCabe&tbm=isch;2263; ;
3262;Dune Kadar Dunya - Geleneksel Toplumlardan Ne Ogrenebiliriz?;Jared Diamond;Dune Kadar Dunya - Geleneksel Toplumlardan Ne Ogrenebiliriz?. Jared Diamond;yes;;;2025;624;category?;read?;-;📋;reread?;G-10;homelibrary;https://www.google.com/search?q=Dune%20Kadar%20Dunya%20-%20Geleneksel%20Toplumlardan%20Ne%20Ogrenebiliriz?%20Jared%20Diamond;https://www.google.com/search?q=Dune%20Kadar%20Dunya%20-%20Geleneksel%20Toplumlardan%20Ne%20Ogrenebiliriz?%20Jared%20Diamond&tbm=isch;2262; ;
3261;Yeryuzu Yakilip Yikilirken - Dijital Cagdan Kapitalizm-Sonrasi Dunyaya;Jonathan Crary;Yeryuzu Yakilip Yikilirken - Dijital Cagdan Kapitalizm-Sonrasi Dunyaya. Jonathan Crary;yes;;;2023;152;category?;read?;-;📋;reread?;H-2;homelibrary;https://www.google.com/search?q=Yeryuzu%20Yakilip%20Yikilirken%20-%20Dijital%20Cagdan%20Kapitalizm-Sonrasi%20Dunyaya%20Jonathan%20Crary;https://www.google.com/search?q=Yeryuzu%20Yakilip%20Yikilirken%20-%20Dijital%20Cagdan%20Kapitalizm-Sonrasi%20Dunyaya%20Jonathan%20Crary&tbm=isch;2261; ;
3260;Cogu Zarar Azi Karar - Dunyayi Kuculme Kurtaracak;Jason Hickel;Cogu Zarar Azi Karar - Dunyayi Kuculme Kurtaracak. Jason Hickel;yes;;;2021;304;Environment & Sustainable Living;✅;-;tbr?;reread?;H-2;homelibrary;https://www.google.com/search?q=Cogu%20Zarar%20Azi%20Karar%20-%20Dunyayi%20Kuculme%20Kurtaracak%20Jason%20Hickel;https://www.google.com/search?q=Cogu%20Zarar%20Azi%20Karar%20-%20Dunyayi%20Kuculme%20Kurtaracak%20Jason%20Hickel&tbm=isch;2260; ;
3259;I Feel Bad About My Neck - Dolly Alderton introduction: with a new introduction from Dolly Alderton;Nora Ephron;I Feel Bad About My Neck - Dolly Alderton introduction: with a new introduction from Dolly Alderton. Nora Ephron;yes;;;2020;224;Biography & Life Stories;read?;-;📋;reread?;F-7;homelibrary;https://www.google.com/search?q=I%20Feel%20Bad%20About%20My%20Neck%20-%20Dolly%20Alderton%20introduction:%20with%20a%20new%20introduction%20from%20Dolly%20Alderton%20Nora%20Ephron;https://www.google.com/search?q=I%20Feel%20Bad%20About%20My%20Neck%20-%20Dolly%20Alderton%20introduction:%20with%20a%20new%20introduction%20from%20Dolly%20Alderton%20Nora%20Ephron&tbm=isch;2259; ;
3258;Basarili Kadinlarin Gizli Dusunceleri;Valerie Young;Basarili Kadinlarin Gizli Dusunceleri. Valerie Young;yes;;;2025;272;category?;read?;-;📋;reread?;C-10;homelibrary;https://www.google.com/search?q=Basarili%20Kadinlarin%20Gizli%20Dusunceleri%20Valerie%20Young;https://www.google.com/search?q=Basarili%20Kadinlarin%20Gizli%20Dusunceleri%20Valerie%20Young&tbm=isch;2258; ;
3257;Esyanin Tabiati;Mark Miodownik;Esyanin Tabiati. Mark Miodownik;no;;;2019;280;category?;read?;-;📋;reread?;C-10;homelibrary;https://www.google.com/search?q=Esyanin%20Tabiati%20Mark%20Miodownik;https://www.google.com/search?q=Esyanin%20Tabiati%20Mark%20Miodownik&tbm=isch;2257; ;
3256;Yeni Bir Erdeme Donusen Sagliga Karsi;Jonathan M. Metzl, Anna Kirkland;Yeni Bir Erdeme Donusen Sagliga Karsi. Jonathan M. Metzl, Anna Kirkland;n/a;;;2025;264;category?;read?;-;📋;reread?;C-10;house-2;https://www.google.com/search?q=Yeni%20Bir%20Erdeme%20Donusen%20Sagliga%20Karsi%20Jonathan%20M.%20Metzl,%20Anna%20Kirkland;https://www.google.com/search?q=Yeni%20Bir%20Erdeme%20Donusen%20Sagliga%20Karsi%20Jonathan%20M.%20Metzl,%20Anna%20Kirkland&tbm=isch;2256; ;
3255;Duygusal Aclik Calisma Kitabi;Corolyn Coker Ross;Duygusal Aclik Calisma Kitabi. Corolyn Coker Ross;yes;;;2025;240;category?;read?;-;📋;reread?;C-10;homelibrary;https://www.google.com/search?q=Duygusal%20Aclik%20Calisma%20Kitabi%20Corolyn%20Coker%20Ross;https://www.google.com/search?q=Duygusal%20Aclik%20Calisma%20Kitabi%20Corolyn%20Coker%20Ross&tbm=isch;2255; ;
3254;Anilar Gecidi - Kusurlu Ama Gerekli Hatirlama Bicimlerimiz;Gillian Murphy, Ciara Greene;Anilar Gecidi - Kusurlu Ama Gerekli Hatirlama Bicimlerimiz. Gillian Murphy, Ciara Greene;yes;;;2025;240;category?;read?;-;📋;reread?;C-10;homelibrary;https://www.google.com/search?q=Anilar%20Gecidi%20-%20Kusurlu%20Ama%20Gerekli%20Hatirlama%20Bicimlerimiz%20Gillian%20Murphy,%20Ciara%20Greene;https://www.google.com/search?q=Anilar%20Gecidi%20-%20Kusurlu%20Ama%20Gerekli%20Hatirlama%20Bicimlerimiz%20Gillian%20Murphy,%20Ciara%20Greene&tbm=isch;2254; ;
3253;Beklenti Etkisi - Dusunce Bicimimiz Zihnimizi Nasil Degistirir?;David Robson;Beklenti Etkisi - Dusunce Bicimimiz Zihnimizi Nasil Degistirir?. David Robson;yes;;;2025;388;category?;read?;-;📋;reread?;C-10;homelibrary;https://www.google.com/search?q=Beklenti%20Etkisi%20-%20Dusunce%20Bicimimiz%20Zihnimizi%20Nasil%20Degistirir?%20David%20Robson;https://www.google.com/search?q=Beklenti%20Etkisi%20-%20Dusunce%20Bicimimiz%20Zihnimizi%20Nasil%20Degistirir?%20David%20Robson&tbm=isch;2253; ;
3252;Cok - Acik Evlilik Anilari;Molly Roden Winter;Cok - Acik Evlilik Anilari. Molly Roden Winter;released;;yes;2025;348;Biography & Life Stories;✅;-;tbr?;reread?;C-10;homelibrary;https://www.google.com/search?q=Cok%20-%20Acik%20Evlilik%20Anilari%20Molly%20Roden%20Winter;https://www.google.com/search?q=Cok%20-%20Acik%20Evlilik%20Anilari%20Molly%20Roden%20Winter&tbm=isch;2252; ;
3251;Kentsel Beyin - Dirimsel Kentte Akil Sagligi;Nikolas Rose;Kentsel Beyin - Dirimsel Kentte Akil Sagligi. Nikolas Rose;n/a;;;2025;368;category?;read?;-;📋;reread?;C-10;house-2;https://www.google.com/search?q=Kentsel%20Beyin%20-%20Dirimsel%20Kentte%20Akil%20Sagligi%20Nikolas%20Rose;https://www.google.com/search?q=Kentsel%20Beyin%20-%20Dirimsel%20Kentte%20Akil%20Sagligi%20Nikolas%20Rose&tbm=isch;2251; ;
3250;Gunlukler;Sylvia Plath;Gunlukler. Sylvia Plath;yes;;;2024;460;category?;read?;-;📋;reread?;C-10;homelibrary;https://www.google.com/search?q=Gunlukler%20Sylvia%20Plath;https://www.google.com/search?q=Gunlukler%20Sylvia%20Plath&tbm=isch;2250; ;
3249;Postmodernligin Durumu;David Harvey;Postmodernligin Durumu. David Harvey;n/a;;;2019;416;category?;read?;-;📋;reread?;C-10;house-2;https://www.google.com/search?q=Postmodernligin%20Durumu%20David%20Harvey;https://www.google.com/search?q=Postmodernligin%20Durumu%20David%20Harvey&tbm=isch;2249; ;
3248;Kaygili Kusak - Cocuklarimizi Sanal Dunyaya Nasil Kaptiriyor ve Ruh Sagliklarini Nasil Tehlikeye Atiyoruz?;Jonathan Haidt;Kaygili Kusak - Cocuklarimizi Sanal Dunyaya Nasil Kaptiriyor ve Ruh Sagliklarini Nasil Tehlikeye Atiyoruz?. Jonathan Haidt;n/a;;;2025;464;Psychology & Mental Life;✅;-;tbr?;reread?;C-10;house-2;https://www.google.com/search?q=Kaygili%20Kusak%20-%20Cocuklarimizi%20Sanal%20Dunyaya%20Nasil%20Kaptiriyor%20ve%20Ruh%20Sagliklarini%20Nasil%20Tehlikeye%20Atiyoruz?%20Jonathan%20Haidt;https://www.google.com/search?q=Kaygili%20Kusak%20-%20Cocuklarimizi%20Sanal%20Dunyaya%20Nasil%20Kaptiriyor%20ve%20Ruh%20Sagliklarini%20Nasil%20Tehlikeye%20Atiyoruz?%20Jonathan%20Haidt&tbm=isch;2248; ;
3247;Bir Avci-Toplayicinin 21. Yuzyil Rehberi - Evrim ve Modern Yasamin Zorluklari;Heather Heying, Bret Weinstein;Bir Avci-Toplayicinin 21. Yuzyil Rehberi - Evrim ve Modern Yasamin Zorluklari. Heather Heying, Bret Weinstein;yes;;;2025;368;category?;read?;-;📋;reread?;C-10;homelibrary;https://www.google.com/search?q=Bir%20Avci-Toplayicinin%2021.%20Yuzyil%20Rehberi%20-%20Evrim%20ve%20Modern%20Yasamin%20Zorluklari%20Heather%20Heying,%20Bret%20Weinstein;https://www.google.com/search?q=Bir%20Avci-Toplayicinin%2021.%20Yuzyil%20Rehberi%20-%20Evrim%20ve%20Modern%20Yasamin%20Zorluklari%20Heather%20Heying,%20Bret%20Weinstein&tbm=isch;2247; ;
3246;Secim Mimarisi Kararlarimiza Yon Veren Unsurlar;Eric J. Johnson;Secim Mimarisi Kararlarimiza Yon Veren Unsurlar. Eric J. Johnson;yes;;;2025;392;category?;read?;-;📋;reread?;C-10;homelibrary;https://www.google.com/search?q=Secim%20Mimarisi%20Kararlarimiza%20Yon%20Veren%20Unsurlar%20Eric%20J.%20Johnson;https://www.google.com/search?q=Secim%20Mimarisi%20Kararlarimiza%20Yon%20Veren%20Unsurlar%20Eric%20J.%20Johnson&tbm=isch;2246; ;
3245;Keske Hic Olmasaydik - Var Olmanin Kotulugu;David Benatar;Keske Hic Olmasaydik - Var Olmanin Kotulugu. David Benatar;yes;;;2023;258;category?;read?;-;📋;reread?;B-5;homelibrary;https://www.google.com/search?q=Keske%20Hic%20Olmasaydik%20-%20Var%20Olmanin%20Kotulugu%20David%20Benatar;https://www.google.com/search?q=Keske%20Hic%20Olmasaydik%20-%20Var%20Olmanin%20Kotulugu%20David%20Benatar&tbm=isch;2245; ;
3244;Insanin Caresizligi Hayatin En Agir Sorunlari Icin Samimi Bir Kilavuz;David Benatar;Insanin Caresizligi Hayatin En Agir Sorunlari Icin Samimi Bir Kilavuz. David Benatar;yes;;;2022;247;category?;read?;-;📋;reread?;B-5;homelibrary;https://www.google.com/search?q=Insanin%20Caresizligi%20Hayatin%20En%20Agir%20Sorunlari%20Icin%20Samimi%20Bir%20Kilavuz%20David%20Benatar;https://www.google.com/search?q=Insanin%20Caresizligi%20Hayatin%20En%20Agir%20Sorunlari%20Icin%20Samimi%20Bir%20Kilavuz%20David%20Benatar&tbm=isch;2244; ;
3243;Kadinliklar, Erkeklikler, Cinsellikler - Freud ve Otesi;Nancy J. Chodorow;Kadinliklar, Erkeklikler, Cinsellikler - Freud ve Otesi. Nancy J. Chodorow;yes;;;2024;144;category?;read?;-;📋;reread?;B-5;homelibrary;https://www.google.com/search?q=Kadinliklar,%20Erkeklikler,%20Cinsellikler%20-%20Freud%20ve%20Otesi%20Nancy%20J.%20Chodorow;https://www.google.com/search?q=Kadinliklar,%20Erkeklikler,%20Cinsellikler%20-%20Freud%20ve%20Otesi%20Nancy%20J.%20Chodorow&tbm=isch;2243; ;
3242;Beyin Daha Fazlasini Ister;Daniel Z. Lieberman, Michael E. Long;Beyin Daha Fazlasini Ister. Daniel Z. Lieberman, Michael E. Long;yes;;;2022;268;category?;read?;-;📋;reread?;E-8;homelibrary;https://www.google.com/search?q=Beyin%20Daha%20Fazlasini%20Ister%20Daniel%20Z.%20Lieberman,%20Michael%20E.%20Long;https://www.google.com/search?q=Beyin%20Daha%20Fazlasini%20Ister%20Daniel%20Z.%20Lieberman,%20Michael%20E.%20Long&tbm=isch;2242; ;
3241;Vahsi Kapitalizm - Sirket Suclari, El Altindan Sirket Kurtarmalar ve Ozgurlugun Olumu;Grace Blakeley;Vahsi Kapitalizm - Sirket Suclari, El Altindan Sirket Kurtarmalar ve Ozgurlugun Olumu. Grace Blakeley;n/a;;;2025;424;category?;read?;-;📋;reread?;H-6;house-2;https://www.google.com/search?q=Vahsi%20Kapitalizm%20-%20Sirket%20Suclari,%20El%20Altindan%20Sirket%20Kurtarmalar%20ve%20Ozgurlugun%20Olumu%20Grace%20Blakeley;https://www.google.com/search?q=Vahsi%20Kapitalizm%20-%20Sirket%20Suclari,%20El%20Altindan%20Sirket%20Kurtarmalar%20ve%20Ozgurlugun%20Olumu%20Grace%20Blakeley&tbm=isch;2241; ;
3240;Psikanalizin Tarihi;Roger Perron;Psikanalizin Tarihi. Roger Perron;no;;;2017;142;category?;read?;-;📋;reread?;G-6;homelibrary;https://www.google.com/search?q=Psikanalizin%20Tarihi%20Roger%20Perron;https://www.google.com/search?q=Psikanalizin%20Tarihi%20Roger%20Perron&tbm=isch;2240; ;
3239;Neden Psikanaliz?;Roger Perron;Neden Psikanaliz?. Roger Perron;yes;;;2025;368;category?;read?;-;📋;reread?;A-4;homelibrary;https://www.google.com/search?q=Neden%20Psikanaliz?%20Roger%20Perron;https://www.google.com/search?q=Neden%20Psikanaliz?%20Roger%20Perron&tbm=isch;2239; ;
3238;EMDR Terapisi Teknikleri ile Aci Anilari Silmek;Francine Shapiro;EMDR Terapisi Teknikleri ile Aci Anilari Silmek. Francine Shapiro;yes;;;2019;312;category?;read?;-;📋;reread?;A-3;homelibrary;https://www.google.com/search?q=EMDR%20Terapisi%20Teknikleri%20ile%20Aci%20Anilari%20Silmek%20Francine%20Shapiro;https://www.google.com/search?q=EMDR%20Terapisi%20Teknikleri%20ile%20Aci%20Anilari%20Silmek%20Francine%20Shapiro&tbm=isch;2238; ;
3237;Vucut Saati - Uykunuzu ve Yasaminizi Degistirecek Yeni Sirkadiyen Ritimler Bilimi;Russell Foster;Vucut Saati - Uykunuzu ve Yasaminizi Degistirecek Yeni Sirkadiyen Ritimler Bilimi. Russell Foster;yes;;;2024;428;category?;read?;-;📋;reread?;F-6;homelibrary;https://www.google.com/search?q=Vucut%20Saati%20-%20Uykunuzu%20ve%20Yasaminizi%20Degistirecek%20Yeni%20Sirkadiyen%20Ritimler%20Bilimi%20Russell%20Foster;https://www.google.com/search?q=Vucut%20Saati%20-%20Uykunuzu%20ve%20Yasaminizi%20Degistirecek%20Yeni%20Sirkadiyen%20Ritimler%20Bilimi%20Russell%20Foster&tbm=isch;2237; ;
3236;Kotu Ilac;Ben Goldacre;Kotu Ilac. Ben Goldacre;released;;yes;2016;464;Health & Nutrition;✅;-;tbr?;reread?;B-5;homelibrary;https://www.google.com/search?q=Kotu%20Ilac%20Ben%20Goldacre;https://www.google.com/search?q=Kotu%20Ilac%20Ben%20Goldacre&tbm=isch;2236; ;
3235;Duygularin Gucu - Psikanalizde, Cinsiyette ve Kulturde Kisisel Anlam;Nancy J. Chodorow;Duygularin Gucu - Psikanalizde, Cinsiyette ve Kulturde Kisisel Anlam. Nancy J. Chodorow;yes;;;2019;304;category?;read?;-;📋;reread?;A-6;homelibrary;https://www.google.com/search?q=Duygularin%20Gucu%20-%20Psikanalizde,%20Cinsiyette%20ve%20Kulturde%20Kisisel%20Anlam%20Nancy%20J.%20Chodorow;https://www.google.com/search?q=Duygularin%20Gucu%20-%20Psikanalizde,%20Cinsiyette%20ve%20Kulturde%20Kisisel%20Anlam%20Nancy%20J.%20Chodorow&tbm=isch;2235; ;
3234;Anneligin Yeniden Uretimi;Nancy J. Chodorow;Anneligin Yeniden Uretimi. Nancy J. Chodorow;yes;;;2021;440;category?;read?;-;📋;reread?;B-5;homelibrary;https://www.google.com/search?q=Anneligin%20Yeniden%20Uretimi%20Nancy%20J.%20Chodorow;https://www.google.com/search?q=Anneligin%20Yeniden%20Uretimi%20Nancy%20J.%20Chodorow&tbm=isch;2234; ;
3233;Neden? - Dusunce ve Davranislarimizin Altinda Yatan Nedenler;Charles Tilly;Neden? - Dusunce ve Davranislarimizin Altinda Yatan Nedenler. Charles Tilly;n/a;;;2019;238;category?;read?;-;📋;reread?;G-4;house-2;https://www.google.com/search?q=Neden?%20-%20Dusunce%20ve%20Davranislarimizin%20Altinda%20Yatan%20Nedenler%20Charles%20Tilly;https://www.google.com/search?q=Neden?%20-%20Dusunce%20ve%20Davranislarimizin%20Altinda%20Yatan%20Nedenler%20Charles%20Tilly&tbm=isch;2233; ;
3232;Cografya Mahkumlari - Dunyamizin Kaderini Degistiren On Harita;Tim Marshall;Cografya Mahkumlari - Dunyamizin Kaderini Degistiren On Harita. Tim Marshall;no;;;2018;289;History & Political Thought;read?;-;📋;reread?;H-4;homelibrary;https://www.google.com/search?q=Cografya%20Mahkumlari%20-%20Dunyamizin%20Kaderini%20Degistiren%20On%20Harita%20Tim%20Marshall;https://www.google.com/search?q=Cografya%20Mahkumlari%20-%20Dunyamizin%20Kaderini%20Degistiren%20On%20Harita%20Tim%20Marshall&tbm=isch;2232; ;
3231;Cografyanin Gucu - Dunyamizin Gelecegini Gosteren On Harita;Tim Marshall;Cografyanin Gucu - Dunyamizin Gelecegini Gosteren On Harita. Tim Marshall;no;;;2024;370;category?;read?;-;📋;reread?;H-4;homelibrary;https://www.google.com/search?q=Cografyanin%20Gucu%20-%20Dunyamizin%20Gelecegini%20Gosteren%20On%20Harita%20Tim%20Marshall;https://www.google.com/search?q=Cografyanin%20Gucu%20-%20Dunyamizin%20Gelecegini%20Gosteren%20On%20Harita%20Tim%20Marshall&tbm=isch;2231; ;
3230;Turkiye Cografyasi;Marcel Bazin, Stephane de Tapia;Turkiye Cografyasi. Marcel Bazin, Stephane de Tapia;no;;;2015;350;category?;read?;-;📋;reread?;H-4;homelibrary;https://www.google.com/search?q=Turkiye%20Cografyasi%20Marcel%20Bazin,%20Stephane%20de%20Tapia;https://www.google.com/search?q=Turkiye%20Cografyasi%20Marcel%20Bazin,%20Stephane%20de%20Tapia&tbm=isch;2230; ;
3229;Obur Zihin - Yiyeceklerle Iliskimizin Evrimi;John S. Allen;Obur Zihin - Yiyeceklerle Iliskimizin Evrimi. John S. Allen;yes;;;2025;264;category?;read?;-;📋;reread?;B-6;homelibrary;https://www.google.com/search?q=Obur%20Zihin%20-%20Yiyeceklerle%20Iliskimizin%20Evrimi%20John%20S.%20Allen;https://www.google.com/search?q=Obur%20Zihin%20-%20Yiyeceklerle%20Iliskimizin%20Evrimi%20John%20S.%20Allen&tbm=isch;2229; ;
3228;Elestirel Psikoloji;D. Fox, I. Prilleltensky, S. Austin;Elestirel Psikoloji. D. Fox, I. Prilleltensky, S. Austin;yes;;;2017;592;category?;read?;-;📋;reread?;A-4;homelibrary;https://www.google.com/search?q=Elestirel%20Psikoloji%20D.%20Fox,%20I.%20Prilleltensky,%20S.%20Austin;https://www.google.com/search?q=Elestirel%20Psikoloji%20D.%20Fox,%20I.%20Prilleltensky,%20S.%20Austin&tbm=isch;2228; ;
3227;Giysiler Ne Anlatir?;Seda Yilmaz;Giysiler Ne Anlatir?. Seda Yilmaz;yes;;;2020;168;Consumer & Marketing;✅;-;tbr?;reread?;G-8;homelibrary;https://www.google.com/search?q=Giysiler%20Ne%20Anlatir?%20Seda%20Yilmaz;https://www.google.com/search?q=Giysiler%20Ne%20Anlatir?%20Seda%20Yilmaz&tbm=isch;2227; ;
3226;Antidepresan Efsanesinin Sonu;Irving Kirsch;Antidepresan Efsanesinin Sonu. Irving Kirsch;yes;;;2012;288;category?;read?;-;📋;reread?;A-4;homelibrary;https://www.google.com/search?q=Antidepresan%20Efsanesinin%20Sonu%20Irving%20Kirsch;https://www.google.com/search?q=Antidepresan%20Efsanesinin%20Sonu%20Irving%20Kirsch&tbm=isch;2226; ;
3225;Her Seyin Safagi - Insanligin Yeni Tarihi;David Graeber, David Wengrow;Her Seyin Safagi - Insanligin Yeni Tarihi. David Graeber, David Wengrow;yes;;;2024;848;category?;read?;-;📋;reread?;C-8;homelibrary;https://www.google.com/search?q=Her%20Seyin%20Safagi%20-%20Insanligin%20Yeni%20Tarihi%20David%20Graeber,%20David%20Wengrow;https://www.google.com/search?q=Her%20Seyin%20Safagi%20-%20Insanligin%20Yeni%20Tarihi%20David%20Graeber,%20David%20Wengrow&tbm=isch;2225; ;
3224;Gozetleme Kapitalizmi Cagi - Urunun 'Sen' Oldugu Cagda Insanin Gelecegi Icin Savas;Shoshana Zuboff;Gozetleme Kapitalizmi Cagi - Urunun 'Sen' Oldugu Cagda Insanin Gelecegi Icin Savas. Shoshana Zuboff;yes;;;2021;788;category?;read?;-;📋;reread?;C-8;homelibrary;https://www.google.com/search?q=Gozetleme%20Kapitalizmi%20Cagi%20-%20Urunun%20%27Sen%27%20Oldugu%20Cagda%20Insanin%20Gelecegi%20Icin%20Savas%20Shoshana%20Zuboff;https://www.google.com/search?q=Gozetleme%20Kapitalizmi%20Cagi%20-%20Urunun%20%27Sen%27%20Oldugu%20Cagda%20Insanin%20Gelecegi%20Icin%20Savas%20Shoshana%20Zuboff&tbm=isch;2224; ;
3223;Twitter’dan Sonra Bir Tarih Kaldi Mi?;Evgeny Morozov;Twitter’dan Sonra Bir Tarih Kaldi Mi?. Evgeny Morozov;yes;;;2020;424;Technology & the Digital World;read?;-;📋;reread?;C-8;homelibrary;https://www.google.com/search?q=Twitter%E2%80%99dan%20Sonra%20Bir%20Tarih%20Kaldi%20Mi?%20Evgeny%20Morozov;https://www.google.com/search?q=Twitter%E2%80%99dan%20Sonra%20Bir%20Tarih%20Kaldi%20Mi?%20Evgeny%20Morozov&tbm=isch;2223; ;
3222;Kendimi Nasil Iyilestiririm?;Ortamlarda Satilacak Bilgi;Kendimi Nasil Iyilestiririm?. Ortamlarda Satilacak Bilgi;yes;;;2025;432;category?;read?;-;📋;reread?;F-7;homelibrary;https://www.google.com/search?q=Kendimi%20Nasil%20Iyilestiririm?%20Ortamlarda%20Satilacak%20Bilgi;https://www.google.com/search?q=Kendimi%20Nasil%20Iyilestiririm?%20Ortamlarda%20Satilacak%20Bilgi&tbm=isch;2222; ;
3221;Farkindelik Defteri;Ortamlarda Satilacak Bilgi;Farkindelik Defteri. Ortamlarda Satilacak Bilgi;yes;;;2024;268;category?;read?;-;📋;reread?;F-7;homelibrary;https://www.google.com/search?q=Farkindelik%20Defteri%20Ortamlarda%20Satilacak%20Bilgi;https://www.google.com/search?q=Farkindelik%20Defteri%20Ortamlarda%20Satilacak%20Bilgi&tbm=isch;2221; ;
3220;Anilar, Dusler, Dusunceler;Carl Gustav Jung;Anilar, Dusler, Dusunceler. Carl Gustav Jung;yes;;;2002;380;category?;read?;-;📋;reread?;A-7;homelibrary;https://www.google.com/search?q=Anilar,%20Dusler,%20Dusunceler%20Carl%20Gustav%20Jung;https://www.google.com/search?q=Anilar,%20Dusler,%20Dusunceler%20Carl%20Gustav%20Jung&tbm=isch;2220; ;
3219;Olmek Istiyorum Ama Hala Tteokbokki Yemek Istiyorum;Baek Sehee;Olmek Istiyorum Ama Hala Tteokbokki Yemek Istiyorum. Baek Sehee;yes;;;2025;152;Psychology & Mental Life;✅;-;tbr?;📖;A-7;homelibrary;https://www.google.com/search?q=Olmek%20Istiyorum%20Ama%20Hala%20Tteokbokki%20Yemek%20Istiyorum%20Baek%20Sehee;https://www.google.com/search?q=Olmek%20Istiyorum%20Ama%20Hala%20Tteokbokki%20Yemek%20Istiyorum%20Baek%20Sehee&tbm=isch;2219; ;
3218;Bedenimin Bildikleri - Kompleks Travmadan Iyilesme Anilari;Stephanie Foo;Bedenimin Bildikleri - Kompleks Travmadan Iyilesme Anilari. Stephanie Foo;yes;;;2025;400;Psychology & Mental Life;✅;-;tbr?;reread?;A-5;homelibrary;https://www.google.com/search?q=Bedenimin%20Bildikleri%20-%20Kompleks%20Travmadan%20Iyilesme%20Anilari%20Stephanie%20Foo;https://www.google.com/search?q=Bedenimin%20Bildikleri%20-%20Kompleks%20Travmadan%20Iyilesme%20Anilari%20Stephanie%20Foo&tbm=isch;2218; ;
3217;Bugunun Normali - Uyum Olarak Bireycilik;Mark G.E. Kelly;Bugunun Normali - Uyum Olarak Bireycilik. Mark G.E. Kelly;yes;;;2024;216;category?;read?;-;📋;reread?;B-4;homelibrary;https://www.google.com/search?q=Bugunun%20Normali%20-%20Uyum%20Olarak%20Bireycilik%20Mark%20G.E.%20Kelly;https://www.google.com/search?q=Bugunun%20Normali%20-%20Uyum%20Olarak%20Bireycilik%20Mark%20G.E.%20Kelly&tbm=isch;2217; ;
3216;Mutluluk Hakkinda Aci Gercek - Iyi Yasamin 8 Sirri;Gad Saad;Mutluluk Hakkinda Aci Gercek - Iyi Yasamin 8 Sirri. Gad Saad;n/a;;;2025;296;category?;read?;-;📋;reread?;C-3;house-2;https://www.google.com/search?q=Mutluluk%20Hakkinda%20Aci%20Gercek%20-%20Iyi%20Yasamin%208%20Sirri%20Gad%20Saad;https://www.google.com/search?q=Mutluluk%20Hakkinda%20Aci%20Gercek%20-%20Iyi%20Yasamin%208%20Sirri%20Gad%20Saad&tbm=isch;2216; ;
3215;Hayattan Ogrenmek;Patrick J. Casement;Hayattan Ogrenmek. Patrick J. Casement;yes;;;2025;332;category?;read?;-;📋;reread?;A-9;homelibrary;https://www.google.com/search?q=Hayattan%20Ogrenmek%20Patrick%20J.%20Casement;https://www.google.com/search?q=Hayattan%20Ogrenmek%20Patrick%20J.%20Casement&tbm=isch;2215; ;
3214;Akademiyi Birakma Rehberi;Christopher L. Caterine;Akademiyi Birakma Rehberi. Christopher L. Caterine;yes;;;2023;208;category?;read?;-;📋;reread?;A-10;homelibrary;https://www.google.com/search?q=Akademiyi%20Birakma%20Rehberi%20Christopher%20L.%20Caterine;https://www.google.com/search?q=Akademiyi%20Birakma%20Rehberi%20Christopher%20L.%20Caterine&tbm=isch;2214; ;
3213;Utangaclik - Normal Bir Davranis Tarzi Nasil Hastalik Haline Geldi;Christopher Layne;Utangaclik - Normal Bir Davranis Tarzi Nasil Hastalik Haline Geldi. Christopher Layne;yes;;;2022;312;Psychology & Mental Life;✅;-;tbr?;reread?;A-6;homelibrary;https://www.google.com/search?q=Utangaclik%20-%20Normal%20Bir%20Davranis%20Tarzi%20Nasil%20Hastalik%20Haline%20Geldi%20Christopher%20Layne;https://www.google.com/search?q=Utangaclik%20-%20Normal%20Bir%20Davranis%20Tarzi%20Nasil%20Hastalik%20Haline%20Geldi%20Christopher%20Layne&tbm=isch;2213; ;
3212;Sen Yeter Ki Iste - Hayalleri Gercege Donusturmek Icin 7 Kural;Pierre Franckh;Sen Yeter Ki Iste - Hayalleri Gercege Donusturmek Icin 7 Kural. Pierre Franckh;yes;;;2025;264;category?;read?;-;📋;reread?;G-9;homelibrary;https://www.google.com/search?q=Sen%20Yeter%20Ki%20Iste%20-%20Hayalleri%20Gercege%20Donusturmek%20Icin%207%20Kural%20Pierre%20Franckh;https://www.google.com/search?q=Sen%20Yeter%20Ki%20Iste%20-%20Hayalleri%20Gercege%20Donusturmek%20Icin%207%20Kural%20Pierre%20Franckh&tbm=isch;2212; ;
3211;Kesfedilmemisi Dusunmek - Baskalarinin Gozden Kacirdiklarini Gormek;Rohit Bhargava, Ben Dupont;Kesfedilmemisi Dusunmek - Baskalarinin Gozden Kacirdiklarini Gormek. Rohit Bhargava, Ben Dupont;n/a;;;2025;208;category?;read?;-;📋;reread?;C-6;house-2;https://www.google.com/search?q=Kesfedilmemisi%20Dusunmek%20-%20Baskalarinin%20Gozden%20Kacirdiklarini%20Gormek%20Rohit%20Bhargava,%20Ben%20Dupont;https://www.google.com/search?q=Kesfedilmemisi%20Dusunmek%20-%20Baskalarinin%20Gozden%20Kacirdiklarini%20Gormek%20Rohit%20Bhargava,%20Ben%20Dupont&tbm=isch;2211; ;
3210;Blue Nights;Joan Didion;Blue Nights. Joan Didion;yes;;;2012;208;category?;read?;-;📋;reread?;F-7;homelibrary;https://www.google.com/search?q=Blue%20Nights%20Joan%20Didion;https://www.google.com/search?q=Blue%20Nights%20Joan%20Didion&tbm=isch;2210; ;
3209;Tedirgin Yeni Dunya;Astra Taylor;Tedirgin Yeni Dunya. Astra Taylor;n/a;;;2025;332;category?;read?;-;📋;reread?;G-4;house-2;https://www.google.com/search?q=Tedirgin%20Yeni%20Dunya%20Astra%20Taylor;https://www.google.com/search?q=Tedirgin%20Yeni%20Dunya%20Astra%20Taylor&tbm=isch;2209; ;
3208;Bellegin Anisina;Maria Stepanova;Bellegin Anisina. Maria Stepanova;yes;;;2025;560;category?;read?;-;📋;reread?;C-5;homelibrary;https://www.google.com/search?q=Bellegin%20Anisina%20Maria%20Stepanova;https://www.google.com/search?q=Bellegin%20Anisina%20Maria%20Stepanova&tbm=isch;2208; ;
3207;Kitabi Ac;Julie Smith;Kitabi Ac. Julie Smith;yes;;;2025;368;category?;read?;-;📋;reread?;A-9;homelibrary;https://www.google.com/search?q=Kitabi%20Ac%20Julie%20Smith;https://www.google.com/search?q=Kitabi%20Ac%20Julie%20Smith&tbm=isch;2207; ;
3206;Fransiz Usuluu Iyi Yasama Sanati;Cathy Yandell;Fransiz Usuluu Iyi Yasama Sanati. Cathy Yandell;no;;;2032;232;category?;read?;-;📋;reread?;E-5;homelibrary;https://www.google.com/search?q=Fransiz%20Usuluu%20Iyi%20Yasama%20Sanati%20Cathy%20Yandell;https://www.google.com/search?q=Fransiz%20Usuluu%20Iyi%20Yasama%20Sanati%20Cathy%20Yandell&tbm=isch;2206; ;
3205;Umutsuzluktan Olmek ve Kapitalizmin Gelecegi;Angus Deaton, Anne Case;Umutsuzluktan Olmek ve Kapitalizmin Gelecegi. Angus Deaton, Anne Case;yes;;;2024;368;category?;read?;-;📋;reread?;H-5;homelibrary;https://www.google.com/search?q=Umutsuzluktan%20Olmek%20ve%20Kapitalizmin%20Gelecegi%20Angus%20Deaton,%20Anne%20Case;https://www.google.com/search?q=Umutsuzluktan%20Olmek%20ve%20Kapitalizmin%20Gelecegi%20Angus%20Deaton,%20Anne%20Case&tbm=isch;2205; ;
3204;Veba - Cagimizda Olumu Yasamak;Jacqueline Rose;Veba - Cagimizda Olumu Yasamak. Jacqueline Rose;yes;;;2025;128;category?;read?;-;📋;reread?;B-5;homelibrary;https://www.google.com/search?q=Veba%20-%20Cagimizda%20Olumu%20Yasamak%20Jacqueline%20Rose;https://www.google.com/search?q=Veba%20-%20Cagimizda%20Olumu%20Yasamak%20Jacqueline%20Rose&tbm=isch;2204; ;
3203;Karisini Sapka Sanan Adam;Oliver Sacks;Karisini Sapka Sanan Adam. Oliver Sacks;no;;;2020;264;Psychology & Mental Life;read?;-;📋;reread?;A-5;homelibrary;https://www.google.com/search?q=Karisini%20Sapka%20Sanan%20Adam%20Oliver%20Sacks;https://www.google.com/search?q=Karisini%20Sapka%20Sanan%20Adam%20Oliver%20Sacks&tbm=isch;2203; ;
3202;Duramayan Adam - Obsesif Kompulsif Bozuklukla Yasamak;David Adam;Duramayan Adam - Obsesif Kompulsif Bozuklukla Yasamak. David Adam;released;;yes;2018;312;Psychology & Mental Life;✅;-;tbr?;reread?;A-5;homelibrary;https://www.google.com/search?q=Duramayan%20Adam%20-%20Obsesif%20Kompulsif%20Bozuklukla%20Yasamak%20David%20Adam;https://www.google.com/search?q=Duramayan%20Adam%20-%20Obsesif%20Kompulsif%20Bozuklukla%20Yasamak%20David%20Adam&tbm=isch;2202; ;
3201;Adanmislik;Patti Smith;Adanmislik. Patti Smith;yes;;;2018;136;Biography & Life Stories;✅;-;tbr?;📖;B-5;homelibrary;https://www.google.com/search?q=Adanmislik%20Patti%20Smith;https://www.google.com/search?q=Adanmislik%20Patti%20Smith&tbm=isch;2201; ;
3200;Ask 2.0 - Modern Cagda Romantik Eylemlilik Formulu;Luke Brunning;Ask 2.0 - Modern Cagda Romantik Eylemlilik Formulu. Luke Brunning;n/a;;;2025;264;Philosophy & Meaning;✅;-;tbr?;reread?;B-6;house-2;https://www.google.com/search?q=Ask%202.0%20-%20Modern%20Cagda%20Romantik%20Eylemlilik%20Formulu%20Luke%20Brunning;https://www.google.com/search?q=Ask%202.0%20-%20Modern%20Cagda%20Romantik%20Eylemlilik%20Formulu%20Luke%20Brunning&tbm=isch;2200; ;
3199;Hayvanlara Ve Hayvanlari Sevenlere Acik Mektup;Frederic Lenoir;Hayvanlara Ve Hayvanlari Sevenlere Acik Mektup. Frederic Lenoir;yes;;;2025;124;category?;read?;-;📋;reread?;G-4;homelibrary;https://www.google.com/search?q=Hayvanlara%20Ve%20Hayvanlari%20Sevenlere%20Acik%20Mektup%20Frederic%20Lenoir;https://www.google.com/search?q=Hayvanlara%20Ve%20Hayvanlari%20Sevenlere%20Acik%20Mektup%20Frederic%20Lenoir&tbm=isch;2199; ;
3198;The White Album;Joan Didion;The White Album. Joan Didion;n/a;;;2017;224;Biography & Life Stories;✅;Reading;tbr?;reread?;F-7;house-2;https://www.google.com/search?q=The%20White%20Album%20Joan%20Didion;https://www.google.com/search?q=The%20White%20Album%20Joan%20Didion&tbm=isch;2198; ;
3197;The Year of Magical Thinking;Joan Didion;The Year of Magical Thinking. Joan Didion;yes;;;2009;240;category?;read?;-;📋;reread?;F-7;homelibrary;https://www.google.com/search?q=The%20Year%20of%20Magical%20Thinking%20Joan%20Didion;https://www.google.com/search?q=The%20Year%20of%20Magical%20Thinking%20Joan%20Didion&tbm=isch;2197; ;
3196;Bir Sizofren Kizin Guncesi;M. A. Sechehaye;Bir Sizofren Kizin Guncesi. M. A. Sechehaye;yes;;;2000;178;category?;read?;-;📋;reread?;B-9;homelibrary;https://www.google.com/search?q=Bir%20Sizofren%20Kizin%20Guncesi%20M.%20A.%20Sechehaye;https://www.google.com/search?q=Bir%20Sizofren%20Kizin%20Guncesi%20M.%20A.%20Sechehaye&tbm=isch;2196; ;
3195;Karanlik Akademi - Universiteler Nasil Olur?;Peter Fleming;Karanlik Akademi - Universiteler Nasil Olur?. Peter Fleming;n/a;;;2025;224;category?;read?;-;📋;reread?;A-10;house-2;https://www.google.com/search?q=Karanlik%20Akademi%20-%20Universiteler%20Nasil%20Olur?%20Peter%20Fleming;https://www.google.com/search?q=Karanlik%20Akademi%20-%20Universiteler%20Nasil%20Olur?%20Peter%20Fleming&tbm=isch;2195; ;
3194;Beynimiz Nasil Mutsuzluk Uretiyor?;Loretta Graziano Breuning;Beynimiz Nasil Mutsuzluk Uretiyor?. Loretta Graziano Breuning;yes;;;2024;240;category?;read?;-;📋;reread?;E-6;homelibrary;https://www.google.com/search?q=Beynimiz%20Nasil%20Mutsuzluk%20Uretiyor?%20Loretta%20Graziano%20Breuning;https://www.google.com/search?q=Beynimiz%20Nasil%20Mutsuzluk%20Uretiyor?%20Loretta%20Graziano%20Breuning&tbm=isch;2194; ;
3193;Statu Oyunlari - Guclu ve Onemli Olma Tutkusu;Loretta Graziano Breuning;Statu Oyunlari - Guclu ve Onemli Olma Tutkusu. Loretta Graziano Breuning;yes;;;2024;224;category?;read?;-;📋;reread?;E-6;homelibrary;https://www.google.com/search?q=Statu%20Oyunlari%20-%20Guclu%20ve%20Onemli%20Olma%20Tutkusu%20Loretta%20Graziano%20Breuning;https://www.google.com/search?q=Statu%20Oyunlari%20-%20Guclu%20ve%20Onemli%20Olma%20Tutkusu%20Loretta%20Graziano%20Breuning&tbm=isch;2193; ;
3192;Modern Delilik - Iclerinden Biri Tarafindan Yazilan Akil Hastalariyla Birlikte Yasama Kilavuzu;Terri Cheney;Modern Delilik - Iclerinden Biri Tarafindan Yazilan Akil Hastalariyla Birlikte Yasama Kilavuzu. Terri Cheney;yes;;;2021;276;category?;read?;-;📋;reread?;A-5;homelibrary;https://www.google.com/search?q=Modern%20Delilik%20-%20Iclerinden%20Biri%20Tarafindan%20Yazilan%20Akil%20Hastalariyla%20Birlikte%20Yasama%20Kilavuzu%20Terri%20Cheney;https://www.google.com/search?q=Modern%20Delilik%20-%20Iclerinden%20Biri%20Tarafindan%20Yazilan%20Akil%20Hastalariyla%20Birlikte%20Yasama%20Kilavuzu%20Terri%20Cheney&tbm=isch;2192; ;
3191;Uyanmak Icin Cok Gec - Gelecek Yoksa Bizi Ne Bekliyor?;Slavoj Zizek;Uyanmak Icin Cok Gec - Gelecek Yoksa Bizi Ne Bekliyor?. Slavoj Zizek;yes;;;2025;160;category?;read?;-;📋;reread?;C-5;homelibrary;https://www.google.com/search?q=Uyanmak%20Icin%20Cok%20Gec%20-%20Gelecek%20Yoksa%20Bizi%20Ne%20Bekliyor?%20Slavoj%20Zizek;https://www.google.com/search?q=Uyanmak%20Icin%20Cok%20Gec%20-%20Gelecek%20Yoksa%20Bizi%20Ne%20Bekliyor?%20Slavoj%20Zizek&tbm=isch;2191; ;
3190;Simulakrlar ve Simulasyon;Jean Baudrillard;Simulakrlar ve Simulasyon. Jean Baudrillard;no;;;2024;230;category?;read?;-;📋;reread?;E-9;homelibrary;https://www.google.com/search?q=Simulakrlar%20ve%20Simulasyon%20Jean%20Baudrillard;https://www.google.com/search?q=Simulakrlar%20ve%20Simulasyon%20Jean%20Baudrillard&tbm=isch;2190; ;
3189;Petro-Kiyamet - Kuresel Enerji Krizi Nasil Cozule(Meye)Cek?;Antonio Turiel;Petro-Kiyamet - Kuresel Enerji Krizi Nasil Cozule(Meye)Cek?. Antonio Turiel;yes;;;2024;152;category?;read?;-;📋;reread?;C-5;homelibrary;https://www.google.com/search?q=Petro-Kiyamet%20-%20Kuresel%20Enerji%20Krizi%20Nasil%20Cozule(Meye)Cek?%20Antonio%20Turiel;https://www.google.com/search?q=Petro-Kiyamet%20-%20Kuresel%20Enerji%20Krizi%20Nasil%20Cozule(Meye)Cek?%20Antonio%20Turiel&tbm=isch;2189; ;
3188;Nesneler Sistemi;Jean Baudrillard;Nesneler Sistemi. Jean Baudrillard;yes;;;2023;274;category?;read?;-;📋;reread?;E-9;homelibrary;https://www.google.com/search?q=Nesneler%20Sistemi%20Jean%20Baudrillard;https://www.google.com/search?q=Nesneler%20Sistemi%20Jean%20Baudrillard&tbm=isch;2188; ;
3187;Nereye Gitti Bu Entelektueller? - Furedi’nin Elestirilere Cevabiyla Birlikte;Frank Furedi;Nereye Gitti Bu Entelektueller? - Furedi’nin Elestirilere Cevabiyla Birlikte. Frank Furedi;yes;;;2023;208;category?;read?;-;📋;reread?;C-5;homelibrary;https://www.google.com/search?q=Nereye%20Gitti%20Bu%20Entelektueller?%20-%20Furedi%E2%80%99nin%20Elestirilere%20Cevabiyla%20Birlikte%20Frank%20Furedi;https://www.google.com/search?q=Nereye%20Gitti%20Bu%20Entelektueller?%20-%20Furedi%E2%80%99nin%20Elestirilere%20Cevabiyla%20Birlikte%20Frank%20Furedi&tbm=isch;2187; ;
3186;Nadir Metaller Savasi - Enerji Gecisinin ve Dijitallesmenin Karanlik Yuzu;Guillaume Pitron;Nadir Metaller Savasi - Enerji Gecisinin ve Dijitallesmenin Karanlik Yuzu. Guillaume Pitron;yes;;;2024;296;category?;read?;-;📋;reread?;C-5;homelibrary;https://www.google.com/search?q=Nadir%20Metaller%20Savasi%20-%20Enerji%20Gecisinin%20ve%20Dijitallesmenin%20Karanlik%20Yuzu%20Guillaume%20Pitron;https://www.google.com/search?q=Nadir%20Metaller%20Savasi%20-%20Enerji%20Gecisinin%20ve%20Dijitallesmenin%20Karanlik%20Yuzu%20Guillaume%20Pitron&tbm=isch;2186; ;
3185;Korku Kulturu;Frank Furedi;Korku Kulturu. Frank Furedi;yes;;;2017;272;category?;read?;-;📋;reread?;F-5;homelibrary;https://www.google.com/search?q=Korku%20Kulturu%20Frank%20Furedi;https://www.google.com/search?q=Korku%20Kulturu%20Frank%20Furedi&tbm=isch;2185; ;
3184;Islenmis Gida Yanilgisi - Ya Dusundugumuz Gibi Degilse?;Robert L. Shewfelt;Islenmis Gida Yanilgisi - Ya Dusundugumuz Gibi Degilse?. Robert L. Shewfelt;yes;;;2021;448;category?;read?;-;📋;reread?;A-7;homelibrary;https://www.google.com/search?q=Islenmis%20Gida%20Yanilgisi%20-%20Ya%20Dusundugumuz%20Gibi%20Degilse?%20Robert%20L.%20Shewfelt;https://www.google.com/search?q=Islenmis%20Gida%20Yanilgisi%20-%20Ya%20Dusundugumuz%20Gibi%20Degilse?%20Robert%20L.%20Shewfelt&tbm=isch;2184; ;
3183;Hipernesneler;Timothy Morton;Hipernesneler. Timothy Morton;yes;;;2020;280;category?;read?;-;📋;reread?;G-5;homelibrary;https://www.google.com/search?q=Hipernesneler%20Timothy%20Morton;https://www.google.com/search?q=Hipernesneler%20Timothy%20Morton&tbm=isch;2183; ;
3182;Hayli Duyarli Kisi - Hassas Ruhlar Icin Kilavuz;Elaine N. Aron;Hayli Duyarli Kisi - Hassas Ruhlar Icin Kilavuz. Elaine N. Aron;yes;;;2021;344;category?;read?;-;📋;reread?;C-6;homelibrary;https://www.google.com/search?q=Hayli%20Duyarli%20Kisi%20-%20Hassas%20Ruhlar%20Icin%20Kilavuz%20Elaine%20N.%20Aron;https://www.google.com/search?q=Hayli%20Duyarli%20Kisi%20-%20Hassas%20Ruhlar%20Icin%20Kilavuz%20Elaine%20N.%20Aron&tbm=isch;2182; ;
3181;Gezegeni Nasil Duzeltiriz? - 21. Yuzyilda Sag Kalmak Icin Tavsiyeler;Julian Cribb;Gezegeni Nasil Duzeltiriz? - 21. Yuzyilda Sag Kalmak Icin Tavsiyeler. Julian Cribb;yes;;;2025;192;category?;read?;-;📋;reread?;C-5;homelibrary;https://www.google.com/search?q=Gezegeni%20Nasil%20Duzeltiriz?%20-%2021.%20Yuzyilda%20Sag%20Kalmak%20Icin%20Tavsiyeler%20Julian%20Cribb;https://www.google.com/search?q=Gezegeni%20Nasil%20Duzeltiriz?%20-%2021.%20Yuzyilda%20Sag%20Kalmak%20Icin%20Tavsiyeler%20Julian%20Cribb&tbm=isch;2181; ;
3180;Colossus - Amerikan Imparatorlugu’nun Yukselisi ve Cokusu;Niall Ferguson;Colossus - Amerikan Imparatorlugu’nun Yukselisi ve Cokusu. Niall Ferguson;yes;;;2024;400;category?;read?;-;📋;reread?;H-5;homelibrary;https://www.google.com/search?q=Colossus%20-%20Amerikan%20Imparatorlugu%E2%80%99nun%20Yukselisi%20ve%20Cokusu%20Niall%20Ferguson;https://www.google.com/search?q=Colossus%20-%20Amerikan%20Imparatorlugu%E2%80%99nun%20Yukselisi%20ve%20Cokusu%20Niall%20Ferguson&tbm=isch;2180; ;
3179;Bu Propaganda Degil - Gercege Karsi Savas Maceralari;Peter Pomerantsev;Bu Propaganda Degil - Gercege Karsi Savas Maceralari. Peter Pomerantsev;n/a;;;2021;240;Society & Culture;✅;-;tbr?;reread?;H-5;house-2;https://www.google.com/search?q=Bu%20Propaganda%20Degil%20-%20Gercege%20Karsi%20Savas%20Maceralari%20Peter%20Pomerantsev;https://www.google.com/search?q=Bu%20Propaganda%20Degil%20-%20Gercege%20Karsi%20Savas%20Maceralari%20Peter%20Pomerantsev&tbm=isch;2179; ;
3178;Kendine Yabanci - Bir Varoluscu Terapistin Seans Odasindan Oykuler;Ferhat Jak Icoz;Kendine Yabanci - Bir Varoluscu Terapistin Seans Odasindan Oykuler. Ferhat Jak Icoz;yes;;;2021;224;Psychology & Mental Life;✅;-;tbr?;reread?;A-7;homelibrary;https://www.google.com/search?q=Kendine%20Yabanci%20-%20Bir%20Varoluscu%20Terapistin%20Seans%20Odasindan%20Oykuler%20Ferhat%20Jak%20Icoz;https://www.google.com/search?q=Kendine%20Yabanci%20-%20Bir%20Varoluscu%20Terapistin%20Seans%20Odasindan%20Oykuler%20Ferhat%20Jak%20Icoz&tbm=isch;2178; ;
3177;Tahil Beyin;David Perlmutter;Tahil Beyin. David Perlmutter;yes;;;2017;352;category?;read?;-;📋;reread?;B-9;homelibrary;https://www.google.com/search?q=Tahil%20Beyin%20David%20Perlmutter;https://www.google.com/search?q=Tahil%20Beyin%20David%20Perlmutter&tbm=isch;2177; ;
3176;Hepsi Kafanizin Icinde - Psikosomatik Hastaligin On Saflarindan Hikayeler;Suzanne O’Sullivan;Hepsi Kafanizin Icinde - Psikosomatik Hastaligin On Saflarindan Hikayeler. Suzanne O’Sullivan;yes;;;2023;336;category?;read?;-;📋;reread?;B-9;homelibrary;https://www.google.com/search?q=Hepsi%20Kafanizin%20Icinde%20-%20Psikosomatik%20Hastaligin%20On%20Saflarindan%20Hikayeler%20Suzanne%20O%E2%80%99Sullivan;https://www.google.com/search?q=Hepsi%20Kafanizin%20Icinde%20-%20Psikosomatik%20Hastaligin%20On%20Saflarindan%20Hikayeler%20Suzanne%20O%E2%80%99Sullivan&tbm=isch;2176; ;
3175;Hakikat ve Onarim - Travma Magdurlari Nasil Bir Adalet Tasavvur Eder?;Judith Herman;Hakikat ve Onarim - Travma Magdurlari Nasil Bir Adalet Tasavvur Eder?. Judith Herman;yes;;;2024;228;category?;read?;-;📋;reread?;B-9;homelibrary;https://www.google.com/search?q=Hakikat%20ve%20Onarim%20-%20Travma%20Magdurlari%20Nasil%20Bir%20Adalet%20Tasavvur%20Eder?%20Judith%20Herman;https://www.google.com/search?q=Hakikat%20ve%20Onarim%20-%20Travma%20Magdurlari%20Nasil%20Bir%20Adalet%20Tasavvur%20Eder?%20Judith%20Herman&tbm=isch;2175; ;
3174;Bugday Gobegi;William Davis;Bugday Gobegi. William Davis;yes;;;2017;352;category?;read?;-;📋;reread?;B-9;homelibrary;https://www.google.com/search?q=Bugday%20Gobegi%20William%20Davis;https://www.google.com/search?q=Bugday%20Gobegi%20William%20Davis&tbm=isch;2174; ;
3173;Beyin Yikama;David Perlmutter, Kristin Loberg, Austin Perlmutter;Beyin Yikama. David Perlmutter, Kristin Loberg, Austin Perlmutter;yes;;;2021;344;category?;read?;-;📋;reread?;B-9;homelibrary;https://www.google.com/search?q=Beyin%20Yikama%20David%20Perlmutter,%20Kristin%20Loberg,%20Austin%20Perlmutter;https://www.google.com/search?q=Beyin%20Yikama%20David%20Perlmutter,%20Kristin%20Loberg,%20Austin%20Perlmutter&tbm=isch;2173; ;
3172;Olagan Psikopatlar - Ermisler, Casuslar ve Seri Katillerden Hayat Dersleri;Kevin Dutton;Olagan Psikopatlar - Ermisler, Casuslar ve Seri Katillerden Hayat Dersleri. Kevin Dutton;yes;;;2022;280;category?;read?;-;📋;reread?;B-9;homelibrary;https://www.google.com/search?q=Olagan%20Psikopatlar%20-%20Ermisler,%20Casuslar%20ve%20Seri%20Katillerden%20Hayat%20Dersleri%20Kevin%20Dutton;https://www.google.com/search?q=Olagan%20Psikopatlar%20-%20Ermisler,%20Casuslar%20ve%20Seri%20Katillerden%20Hayat%20Dersleri%20Kevin%20Dutton&tbm=isch;2172; ;
3171;Geride Kalan;Mary Cregan;Geride Kalan. Mary Cregan;yes;;;2023;240;category?;read?;-;📋;reread?;B-9;homelibrary;https://www.google.com/search?q=Geride%20Kalan%20Mary%20Cregan;https://www.google.com/search?q=Geride%20Kalan%20Mary%20Cregan&tbm=isch;2171; ;
3170;Agri Nedir? - Neden Aci Cektigimize ve Nasil Iyilesebilecegimize Yeni Bir Bilimsel Bakis;Monty Lyman;Agri Nedir? - Neden Aci Cektigimize ve Nasil Iyilesebilecegimize Yeni Bir Bilimsel Bakis. Monty Lyman;n/a;;;2025;288;category?;read?;-;📋;reread?;B-9;house-2;https://www.google.com/search?q=Agri%20Nedir?%20-%20Neden%20Aci%20Cektigimize%20ve%20Nasil%20Iyilesebilecegimize%20Yeni%20Bir%20Bilimsel%20Bakis%20Monty%20Lyman;https://www.google.com/search?q=Agri%20Nedir?%20-%20Neden%20Aci%20Cektigimize%20ve%20Nasil%20Iyilesebilecegimize%20Yeni%20Bir%20Bilimsel%20Bakis%20Monty%20Lyman&tbm=isch;2170; ;
3169;Canavar - Hayranlarin Ikilemi;Claire Dederer;Canavar - Hayranlarin Ikilemi. Claire Dederer;yes;;;2024;264;Society & Culture;✅;-;tbr?;reread?;B-9;homelibrary;https://www.google.com/search?q=Canavar%20-%20Hayranlarin%20Ikilemi%20Claire%20Dederer;https://www.google.com/search?q=Canavar%20-%20Hayranlarin%20Ikilemi%20Claire%20Dederer&tbm=isch;2169; ;
3168;Travma ve Iyilesme;Judith Herman;Travma ve Iyilesme. Judith Herman;yes;;;2023;424;category?;read?;-;📋;reread?;B-9;homelibrary;https://www.google.com/search?q=Travma%20ve%20Iyilesme%20Judith%20Herman;https://www.google.com/search?q=Travma%20ve%20Iyilesme%20Judith%20Herman&tbm=isch;2168; ;
3167;Terapiste Ihtiyacim Var mi?;Donna Maria Bottomley;Terapiste Ihtiyacim Var mi?. Donna Maria Bottomley;yes;;;2022;344;category?;read?;-;📋;reread?;B-9;homelibrary;https://www.google.com/search?q=Terapiste%20Ihtiyacim%20Var%20mi?%20Donna%20Maria%20Bottomley;https://www.google.com/search?q=Terapiste%20Ihtiyacim%20Var%20mi?%20Donna%20Maria%20Bottomley&tbm=isch;2167; ;
3166;Sikayet;Sara Ahmed;Sikayet. Sara Ahmed;n/a;;;2025;416;category?;read?;-;📋;reread?;B-9;house-2;https://www.google.com/search?q=Sikayet%20Sara%20Ahmed;https://www.google.com/search?q=Sikayet%20Sara%20Ahmed&tbm=isch;2166; ;
3165;Suclular Nasil Dusunur?;Stanton Samenow;Suclular Nasil Dusunur?. Stanton Samenow;released;;yes;2023;456;Psychology & Mental Life;✅;-;tbr?;reread?;B-9;homelibrary;https://www.google.com/search?q=Suclular%20Nasil%20Dusunur?%20Stanton%20Samenow;https://www.google.com/search?q=Suclular%20Nasil%20Dusunur?%20Stanton%20Samenow&tbm=isch;2165; ;
3164;Senden Nefret Ediyorum Beni Birakma - Sinirda Kisiligi Anlamak;Jerold J. Kreisman, Hal Straus;Senden Nefret Ediyorum Beni Birakma - Sinirda Kisiligi Anlamak. Jerold J. Kreisman, Hal Straus;yes;;;2023;352;category?;read?;-;📋;reread?;B-9;homelibrary;https://www.google.com/search?q=Senden%20Nefret%20Ediyorum%20Beni%20Birakma%20-%20Sinirda%20Kisiligi%20Anlamak%20Jerold%20J.%20Kreisman,%20Hal%20Straus;https://www.google.com/search?q=Senden%20Nefret%20Ediyorum%20Beni%20Birakma%20-%20Sinirda%20Kisiligi%20Anlamak%20Jerold%20J.%20Kreisman,%20Hal%20Straus&tbm=isch;2164; ;
3163;Seks, Yalanlar ve Psikanaliz - Arzunun Gizemi;Galit Atlas;Seks, Yalanlar ve Psikanaliz - Arzunun Gizemi. Galit Atlas;n/a;;;2021;272;category?;read?;-;📋;reread?;B-9;house-2;https://www.google.com/search?q=Seks,%20Yalanlar%20ve%20Psikanaliz%20-%20Arzunun%20Gizemi%20Galit%20Atlas;https://www.google.com/search?q=Seks,%20Yalanlar%20ve%20Psikanaliz%20-%20Arzunun%20Gizemi%20Galit%20Atlas&tbm=isch;2163; ;
3162;Hafizamin Keskin Bicagi;Laurie Halse Anderson;Hafizamin Keskin Bicagi. Laurie Halse Anderson;yes;;;2017;400;category?;read?;-;📋;reread?;B-9;homelibrary;https://www.google.com/search?q=Hafizamin%20Keskin%20Bicagi%20Laurie%20Halse%20Anderson;https://www.google.com/search?q=Hafizamin%20Keskin%20Bicagi%20Laurie%20Halse%20Anderson&tbm=isch;2162; ;
3161;Resimlerle Dusunmek;Temple Grandin;Resimlerle Dusunmek. Temple Grandin;yes;;;2018;232;category?;read?;-;📋;reread?;B-9;homelibrary;https://www.google.com/search?q=Resimlerle%20Dusunmek%20Temple%20Grandin;https://www.google.com/search?q=Resimlerle%20Dusunmek%20Temple%20Grandin&tbm=isch;2161; ;
3160;Elastik - Degisim Caginda Esnek Dusunme;Leonard Mlodinow;Elastik - Degisim Caginda Esnek Dusunme. Leonard Mlodinow;yes;;;2020;320;category?;read?;-;📋;reread?;B-9;homelibrary;https://www.google.com/search?q=Elastik%20-%20Degisim%20Caginda%20Esnek%20Dusunme%20Leonard%20Mlodinow;https://www.google.com/search?q=Elastik%20-%20Degisim%20Caginda%20Esnek%20Dusunme%20Leonard%20Mlodinow&tbm=isch;2160; ;
3159;Cok Hisseden Cocuk;Lorenz Wagner;Cok Hisseden Cocuk. Lorenz Wagner;yes;;;2022;272;category?;read?;-;📋;reread?;B-9;homelibrary;https://www.google.com/search?q=Cok%20Hisseden%20Cocuk%20Lorenz%20Wagner;https://www.google.com/search?q=Cok%20Hisseden%20Cocuk%20Lorenz%20Wagner&tbm=isch;2159; ;
3158;Bulasma Esigi - Hayvan Hastaliklari ve Bir Sonraki Pandemi;David Quammen;Bulasma Esigi - Hayvan Hastaliklari ve Bir Sonraki Pandemi. David Quammen;yes;;;2025;624;category?;read?;-;📋;reread?;B-9;homelibrary;https://www.google.com/search?q=Bulasma%20Esigi%20-%20Hayvan%20Hastaliklari%20ve%20Bir%20Sonraki%20Pandemi%20David%20Quammen;https://www.google.com/search?q=Bulasma%20Esigi%20-%20Hayvan%20Hastaliklari%20ve%20Bir%20Sonraki%20Pandemi%20David%20Quammen&tbm=isch;2158; ;
3157;Bu Su - Yasama Ugrasina Dair Bir Yol Haritasi;David Foster Wallace;Bu Su - Yasama Ugrasina Dair Bir Yol Haritasi. David Foster Wallace;yes;;;2022;140;Philosophy & Meaning;✅;-;tbr?;reread?;B-9;homelibrary;https://www.google.com/search?q=Bu%20Su%20-%20Yasama%20Ugrasina%20Dair%20Bir%20Yol%20Haritasi%20David%20Foster%20Wallace;https://www.google.com/search?q=Bu%20Su%20-%20Yasama%20Ugrasina%20Dair%20Bir%20Yol%20Haritasi%20David%20Foster%20Wallace&tbm=isch;2157; ;
3156;Annem Bir Sizofren;Claire Phillips;Annem Bir Sizofren. Claire Phillips;yes;;;2024;224;Psychology & Mental Life;✅;-;tbr?;reread?;B-9;homelibrary;https://www.google.com/search?q=Annem%20Bir%20Sizofren%20Claire%20Phillips;https://www.google.com/search?q=Annem%20Bir%20Sizofren%20Claire%20Phillips&tbm=isch;2156; ;
3155;Aciyi Yutmak - Travma Sonrasi Stres Bozuklugunu Tanimlamak, Anlamak ve Bununla Basa Cikmak;Kate Morton;Aciyi Yutmak - Travma Sonrasi Stres Bozuklugunu Tanimlamak, Anlamak ve Bununla Basa Cikmak. Kate Morton;yes;;;2023;256;category?;read?;-;📋;reread?;B-9;homelibrary;https://www.google.com/search?q=Aciyi%20Yutmak%20-%20Travma%20Sonrasi%20Stres%20Bozuklugunu%20Tanimlamak,%20Anlamak%20ve%20Bununla%20Basa%20Cikmak%20Kate%20Morton;https://www.google.com/search?q=Aciyi%20Yutmak%20-%20Travma%20Sonrasi%20Stres%20Bozuklugunu%20Tanimlamak,%20Anlamak%20ve%20Bununla%20Basa%20Cikmak%20Kate%20Morton&tbm=isch;2155; ;
3154;Sakin Zarar Verme - Hayat, Olum e Beyin Hikayeleri;Henry Marsh;Sakin Zarar Verme - Hayat, Olum e Beyin Hikayeleri. Henry Marsh;yes;;;2016;300;category?;read?;-;📋;reread?;B-9;homelibrary;https://www.google.com/search?q=Sakin%20Zarar%20Verme%20-%20Hayat,%20Olum%20e%20Beyin%20Hikayeleri%20Henry%20Marsh;https://www.google.com/search?q=Sakin%20Zarar%20Verme%20-%20Hayat,%20Olum%20e%20Beyin%20Hikayeleri%20Henry%20Marsh&tbm=isch;2154; ;
3153;Manik - Dikkat! Tanidiginizi Sandiginiz Kisiler Manik Olabilir Hatta Siz Bile;Terri Cheney;Manik - Dikkat! Tanidiginizi Sandiginiz Kisiler Manik Olabilir Hatta Siz Bile. Terri Cheney;yes;;;2009;248;Biography & Life Stories;✅;-;tbr?;reread?;A-5;homelibrary;https://www.google.com/search?q=Manik%20-%20Dikkat!%20Tanidiginizi%20Sandiginiz%20Kisiler%20Manik%20Olabilir%20Hatta%20Siz%20Bile%20Terri%20Cheney;https://www.google.com/search?q=Manik%20-%20Dikkat!%20Tanidiginizi%20Sandiginiz%20Kisiler%20Manik%20Olabilir%20Hatta%20Siz%20Bile%20Terri%20Cheney&tbm=isch;2153; ;
3152;Depresyon Atlasi;Andrew Solomon;Depresyon Atlasi. Andrew Solomon;yes;;;2024;577;category?;read?;-;📋;reread?;D-3;homelibrary;https://www.google.com/search?q=Depresyon%20Atlasi%20Andrew%20Solomon;https://www.google.com/search?q=Depresyon%20Atlasi%20Andrew%20Solomon&tbm=isch;2152; ;
3151;Depresyon - Yasanmis Ornekler, Pratik Oneriler, Uygulamalar;Paul Gilbert;Depresyon - Yasanmis Ornekler, Pratik Oneriler, Uygulamalar. Paul Gilbert;no;;;2022;624;category?;read?;-;📋;reread?;E-5;homelibrary;https://www.google.com/search?q=Depresyon%20-%20Yasanmis%20Ornekler,%20Pratik%20Oneriler,%20Uygulamalar%20Paul%20Gilbert;https://www.google.com/search?q=Depresyon%20-%20Yasanmis%20Ornekler,%20Pratik%20Oneriler,%20Uygulamalar%20Paul%20Gilbert&tbm=isch;2151; ;
3150;Yasama Tutunmak Icin Nedenler;Matt Haig;Yasama Tutunmak Icin Nedenler. Matt Haig;released;;yes;2023;264;Psychology & Mental Life;✅;-;tbr?;reread?;E-5;homelibrary;https://www.google.com/search?q=Yasama%20Tutunmak%20Icin%20Nedenler%20Matt%20Haig;https://www.google.com/search?q=Yasama%20Tutunmak%20Icin%20Nedenler%20Matt%20Haig&tbm=isch;2150; ;
3149;Sizofreni Uzerine;Esmé Weijun Wang;Sizofreni Uzerine. Esmé Weijun Wang;yes;;;2021;222;Psychology & Mental Life;✅;-;tbr?;📖;C-5;homelibrary;https://www.google.com/search?q=Sizofreni%20Uzerine%20Esm%C3%A9%20Weijun%20Wang;https://www.google.com/search?q=Sizofreni%20Uzerine%20Esm%C3%A9%20Weijun%20Wang&tbm=isch;2149; ;
3148;Sonsuz Soru;Christopher Bollas;Sonsuz Soru. Christopher Bollas;yes;;;2024;200;category?;read?;-;tbr?;reread?;A-4;homelibrary;https://www.google.com/search?q=Sonsuz%20Soru%20Christopher%20Bollas;https://www.google.com/search?q=Sonsuz%20Soru%20Christopher%20Bollas&tbm=isch;2148; ;
3147;Rahatlama Kitabi - Suyun Ustunde Kalmami Saglayan Dusunceler;Matt Haig;Rahatlama Kitabi - Suyun Ustunde Kalmami Saglayan Dusunceler. Matt Haig;released;;yes;2022;272;Psychology & Mental Life;✅;-;tbr?;reread?;E-5;homelibrary;https://www.google.com/search?q=Rahatlama%20Kitabi%20-%20Suyun%20Ustunde%20Kalmami%20Saglayan%20Dusunceler%20Matt%20Haig;https://www.google.com/search?q=Rahatlama%20Kitabi%20-%20Suyun%20Ustunde%20Kalmami%20Saglayan%20Dusunceler%20Matt%20Haig&tbm=isch;2147; ;
3146;Nevrotik Bir Gezegenden Notlar;Matt Haig;Nevrotik Bir Gezegenden Notlar. Matt Haig;released;;yes;2022;320;Psychology & Mental Life;✅;-;tbr?;reread?;E-5;homelibrary;https://www.google.com/search?q=Nevrotik%20Bir%20Gezegenden%20Notlar%20Matt%20Haig;https://www.google.com/search?q=Nevrotik%20Bir%20Gezegenden%20Notlar%20Matt%20Haig&tbm=isch;2146; ;
3145;Neden Yaziyorum;George Orwell;Neden Yaziyorum. George Orwell;yes;;;2023;256;category?;read?;-;📋;reread?;D-5;homelibrary;https://www.google.com/search?q=Neden%20Yaziyorum%20George%20Orwell;https://www.google.com/search?q=Neden%20Yaziyorum%20George%20Orwell&tbm=isch;2145; ;
3144;Konusmalar;Christopher Bollas;Konusmalar. Christopher Bollas;yes;;;2025;168;category?;read?;-;📋;reread?;A-4;homelibrary;https://www.google.com/search?q=Konusmalar%20Christopher%20Bollas;https://www.google.com/search?q=Konusmalar%20Christopher%20Bollas&tbm=isch;2144; ;
3143;Kiyamet - Gecmisin Buyuk Felaketleri ve Gelecek Icin Bazi Dersler;Niall Ferguson;Kiyamet - Gecmisin Buyuk Felaketleri ve Gelecek Icin Bazi Dersler. Niall Ferguson;yes;;;2023;464;category?;read?;-;tbr?;reread?;H-5;homelibrary;https://www.google.com/search?q=Kiyamet%20-%20Gecmisin%20Buyuk%20Felaketleri%20ve%20Gelecek%20Icin%20Bazi%20Dersler%20Niall%20Ferguson;https://www.google.com/search?q=Kiyamet%20-%20Gecmisin%20Buyuk%20Felaketleri%20ve%20Gelecek%20Icin%20Bazi%20Dersler%20Niall%20Ferguson&tbm=isch;2143; ;
3142;Karanliktaki Atesler - Huzursuz Akli Iyilestirmek;Kay Redfield Jamison;Karanliktaki Atesler - Huzursuz Akli Iyilestirmek. Kay Redfield Jamison;yes;;;2024;320;category?;read?;-;📋;reread?;C-5;homelibrary;https://www.google.com/search?q=Karanliktaki%20Atesler%20-%20Huzursuz%20Akli%20Iyilestirmek%20Kay%20Redfield%20Jamison;https://www.google.com/search?q=Karanliktaki%20Atesler%20-%20Huzursuz%20Akli%20Iyilestirmek%20Kay%20Redfield%20Jamison&tbm=isch;2142; ;
3141;Karanlik Gozukunce - Bir Delilik Guncesi;William Styron;Karanlik Gozukunce - Bir Delilik Guncesi. William Styron;yes;;;2024;100;Biography & Life Stories;✅;-;tbr?;reread?;C-5;homelibrary;https://www.google.com/search?q=Karanlik%20Gozukunce%20-%20Bir%20Delilik%20Guncesi%20William%20Styron;https://www.google.com/search?q=Karanlik%20Gozukunce%20-%20Bir%20Delilik%20Guncesi%20William%20Styron&tbm=isch;2141; ;
3140;Insan Olma Cesareti - Cagdas Bir Psikanalitik Yolculuk;Michael Shoshani Rosenbaum;Insan Olma Cesareti - Cagdas Bir Psikanalitik Yolculuk. Michael Shoshani Rosenbaum;yes;;;2024;356;category?;read?;-;tbr?;reread?;A-4;homelibrary;https://www.google.com/search?q=Insan%20Olma%20Cesareti%20-%20Cagdas%20Bir%20Psikanalitik%20Yolculuk%20Michael%20Shoshani%20Rosenbaum;https://www.google.com/search?q=Insan%20Olma%20Cesareti%20-%20Cagdas%20Bir%20Psikanalitik%20Yolculuk%20Michael%20Shoshani%20Rosenbaum&tbm=isch;2140; ;
3139;Histeri;Christopher Bollas;Histeri. Christopher Bollas;yes;;;2023;344;category?;read?;-;📋;reread?;A-4;homelibrary;https://www.google.com/search?q=Histeri%20Christopher%20Bollas;https://www.google.com/search?q=Histeri%20Christopher%20Bollas&tbm=isch;2139; ;
3138;Gunes Patladiginda - Sizofreninin Gizemi;Christopher Bollas;Gunes Patladiginda - Sizofreninin Gizemi. Christopher Bollas;yes;;;2025;208;category?;read?;-;📋;reread?;A-4;homelibrary;https://www.google.com/search?q=Gunes%20Patladiginda%20-%20Sizofreninin%20Gizemi%20Christopher%20Bollas;https://www.google.com/search?q=Gunes%20Patladiginda%20-%20Sizofreninin%20Gizemi%20Christopher%20Bollas&tbm=isch;2138; ;
3137;Gizli Kaynak - Bilincin Kaynagina Yolculuk;Mark Solms;Gizli Kaynak - Bilincin Kaynagina Yolculuk. Mark Solms;yes;;;2023;408;category?;read?;-;📋;reread?;C-5;homelibrary;https://www.google.com/search?q=Gizli%20Kaynak%20-%20Bilincin%20Kaynagina%20Yolculuk%20Mark%20Solms;https://www.google.com/search?q=Gizli%20Kaynak%20-%20Bilincin%20Kaynagina%20Yolculuk%20Mark%20Solms&tbm=isch;2137; ;
3136;Erken Coken Karanlik;Kay Redfield Jamison;Erken Coken Karanlik. Kay Redfield Jamison;yes;;;2023;336;Psychology & Mental Life;✅;-;tbr?;reread?;C-5;homelibrary;https://www.google.com/search?q=Erken%20Coken%20Karanlik%20Kay%20Redfield%20Jamison;https://www.google.com/search?q=Erken%20Coken%20Karanlik%20Kay%20Redfield%20Jamison&tbm=isch;2136; ;
3135;Edebiyat, Psikanaliz ve Baska Meseleler;Bulent Somay;Edebiyat, Psikanaliz ve Baska Meseleler. Bulent Somay;yes;;;2025;144;category?;read?;-;📋;reread?;B-8;homelibrary;https://www.google.com/search?q=Edebiyat,%20Psikanaliz%20ve%20Baska%20Meseleler%20Bulent%20Somay;https://www.google.com/search?q=Edebiyat,%20Psikanaliz%20ve%20Baska%20Meseleler%20Bulent%20Somay&tbm=isch;2135; ;
3134;Dogamizin Iyilik Melekleri - Siddet Neden Azaldi?;Steven Pinker;Dogamizin Iyilik Melekleri - Siddet Neden Azaldi?. Steven Pinker;yes;;;2019;822;category?;read?;-;tbr?;reread?;B-3;homelibrary;https://www.google.com/search?q=Dogamizin%20Iyilik%20Melekleri%20-%20Siddet%20Neden%20Azaldi?%20Steven%20Pinker;https://www.google.com/search?q=Dogamizin%20Iyilik%20Melekleri%20-%20Siddet%20Neden%20Azaldi?%20Steven%20Pinker&tbm=isch;2134; ;
3133;Bir Sizofrenin Yasami;Elyn R. Saks;Bir Sizofrenin Yasami. Elyn R. Saks;yes;;;2022;416;Psychology & Mental Life;✅;-;tbr?;reread?;A-5;homelibrary;https://www.google.com/search?q=Bir%20Sizofrenin%20Yasami%20Elyn%20R.%20Saks;https://www.google.com/search?q=Bir%20Sizofrenin%20Yasami%20Elyn%20R.%20Saks&tbm=isch;2133; ;
3132;Bilmek Istemedigim Seyler;Deborah Levy;Bilmek Istemedigim Seyler. Deborah Levy;yes;;;2019;104;category?;read?;-;📋;reread?;D-6;homelibrary;https://www.google.com/search?q=Bilmek%20Istemedigim%20Seyler%20Deborah%20Levy;https://www.google.com/search?q=Bilmek%20Istemedigim%20Seyler%20Deborah%20Levy&tbm=isch;2132; ;
3131;Ben Bir Sosyopatim;Patric Gagne;Ben Bir Sosyopatim. Patric Gagne;yes;;;2025;408;Biography & Life Stories;✅;-;tbr?;reread?;A-5;homelibrary;https://www.google.com/search?q=Ben%20Bir%20Sosyopatim%20Patric%20Gagne;https://www.google.com/search?q=Ben%20Bir%20Sosyopatim%20Patric%20Gagne&tbm=isch;2131; ;
3130;Bekledigin Kisi Sensin;Richard C. Schwartz;Bekledigin Kisi Sensin. Richard C. Schwartz;yes;;;2025;236;category?;read?;-;📋;reread?;B-5;homelibrary;https://www.google.com/search?q=Bekledigin%20Kisi%20Sensin%20Richard%20C.%20Schwartz;https://www.google.com/search?q=Bekledigin%20Kisi%20Sensin%20Richard%20C.%20Schwartz&tbm=isch;2130; ;
3129;Anna Freud’u Okumak;Nick Midgley;Anna Freud’u Okumak. Nick Midgley;yes;;;2025;432;category?;read?;-;📋;reread?;A-7;homelibrary;https://www.google.com/search?q=Anna%20Freud%E2%80%99u%20Okumak%20Nick%20Midgley;https://www.google.com/search?q=Anna%20Freud%E2%80%99u%20Okumak%20Nick%20Midgley&tbm=isch;2129; ;
3128;Durulmayan Bir Kafa;Kay Redfield Jamison;Durulmayan Bir Kafa. Kay Redfield Jamison;yes;;;2018;232;Biography & Life Stories;✅;-;tbr?;reread?;C-5;homelibrary;https://www.google.com/search?q=Durulmayan%20Bir%20Kafa%20Kay%20Redfield%20Jamison;https://www.google.com/search?q=Durulmayan%20Bir%20Kafa%20Kay%20Redfield%20Jamison&tbm=isch;2128; ;
3127;Otur Kizim;Kate Manne;Otur Kizim. Kate Manne;yes;;;2021;400;category?;read?;-;📋;reread?;B-5;homelibrary;https://www.google.com/search?q=Otur%20Kizim%20Kate%20Manne;https://www.google.com/search?q=Otur%20Kizim%20Kate%20Manne&tbm=isch;2127; ;
3126;Ne Yersek Oyuz - Bir ‘Slow Food’ Manifestosu;Alice Waters;Ne Yersek Oyuz - Bir ‘Slow Food’ Manifestosu. Alice Waters;no;;;2025;168;category?;read?;-;📋;reread?;F-6;homelibrary;https://www.google.com/search?q=Ne%20Yersek%20Oyuz%20-%20Bir%20%E2%80%98Slow%20Food%E2%80%99%20Manifestosu%20Alice%20Waters;https://www.google.com/search?q=Ne%20Yersek%20Oyuz%20-%20Bir%20%E2%80%98Slow%20Food%E2%80%99%20Manifestosu%20Alice%20Waters&tbm=isch;2126; ;
3125;Yas Tutan Beyin;Mary-Frances O’Connor;Yas Tutan Beyin. Mary-Frances O’Connor;yes;;;2025;216;category?;read?;-;📋;reread?;A-4;homelibrary;https://www.google.com/search?q=Yas%20Tutan%20Beyin%20Mary-Frances%20O%E2%80%99Connor;https://www.google.com/search?q=Yas%20Tutan%20Beyin%20Mary-Frances%20O%E2%80%99Connor&tbm=isch;2125; ;
3124;Kralice Arilar ve Taklitciler;Rosalind Wiseman;Kralice Arilar ve Taklitciler. Rosalind Wiseman;released;;yes;2016;520;Psychology & Mental Life;✅;-;tbr?;reread?;A-4;homelibrary;https://www.google.com/search?q=Kralice%20Arilar%20ve%20Taklitciler%20Rosalind%20Wiseman;https://www.google.com/search?q=Kralice%20Arilar%20ve%20Taklitciler%20Rosalind%20Wiseman&tbm=isch;2124; ;
3123;Sana Gul Bahcesi Vadetmedim;Joanne Greenberg;Sana Gul Bahcesi Vadetmedim. Joanne Greenberg;no;;;2023;296;category?;read?;-;tbr?;reread?;H-8;homelibrary;https://www.google.com/search?q=Sana%20Gul%20Bahcesi%20Vadetmedim%20Joanne%20Greenberg;https://www.google.com/search?q=Sana%20Gul%20Bahcesi%20Vadetmedim%20Joanne%20Greenberg&tbm=isch;2123; ;
3122;Hayvan Sebze Abur Cubur;Mark Bittman;Hayvan Sebze Abur Cubur. Mark Bittman;yes;;;2025;392;category?;read?;-;📋;reread?;F-6;homelibrary;https://www.google.com/search?q=Hayvan%20Sebze%20Abur%20Cubur%20Mark%20Bittman;https://www.google.com/search?q=Hayvan%20Sebze%20Abur%20Cubur%20Mark%20Bittman&tbm=isch;2122; ;
3121;Dogru Akil - Neden Iyi Insanlar Siyaset ve Din Yuzunden Bolunur?;Jonathan Haidt;Dogru Akil - Neden Iyi Insanlar Siyaset ve Din Yuzunden Bolunur?. Jonathan Haidt;yes;;;2025;456;category?;read?;-;📋;reread?;E-6;homelibrary;https://www.google.com/search?q=Dogru%20Akil%20-%20Neden%20Iyi%20Insanlar%20Siyaset%20ve%20Din%20Yuzunden%20Bolunur?%20Jonathan%20Haidt;https://www.google.com/search?q=Dogru%20Akil%20-%20Neden%20Iyi%20Insanlar%20Siyaset%20ve%20Din%20Yuzunden%20Bolunur?%20Jonathan%20Haidt&tbm=isch;2121; ;
3120;Divan;Irvin D. Yalom;Divan. Irvin D. Yalom;yes;;;2022;448;category?;read?;-;📋;reread?;H-8;homelibrary;https://www.google.com/search?q=Divan%20Irvin%20D.%20Yalom;https://www.google.com/search?q=Divan%20Irvin%20D.%20Yalom&tbm=isch;2120; ;
3119;Dikkatin Anatomisi - Odaklanmayi ve Verimliligi Yeniden Kesfetmek;Gloria Mark;Dikkatin Anatomisi - Odaklanmayi ve Verimliligi Yeniden Kesfetmek. Gloria Mark;n/a;;;2025;360;category?;read?;-;📋;reread?;C-8;house-2;https://www.google.com/search?q=Dikkatin%20Anatomisi%20-%20Odaklanmayi%20ve%20Verimliligi%20Yeniden%20Kesfetmek%20Gloria%20Mark;https://www.google.com/search?q=Dikkatin%20Anatomisi%20-%20Odaklanmayi%20ve%20Verimliligi%20Yeniden%20Kesfetmek%20Gloria%20Mark&tbm=isch;2119; ;
3118;Algoritma ve Kehanet;Alessandro Vespignani, Rosita Rijtano;Algoritma ve Kehanet. Alessandro Vespignani, Rosita Rijtano;yes;;;2025;208;Technology & the Digital World;read?;-;📋;reread?;A-4;homelibrary;https://www.google.com/search?q=Algoritma%20ve%20Kehanet%20Alessandro%20Vespignani,%20Rosita%20Rijtano;https://www.google.com/search?q=Algoritma%20ve%20Kehanet%20Alessandro%20Vespignani,%20Rosita%20Rijtano&tbm=isch;2118; ;
3117;Adanmislik - Sonsuz Secenekler Caginda Baglilik Meselesi;Pete Davis;Adanmislik - Sonsuz Secenekler Caginda Baglilik Meselesi. Pete Davis;yes;;;2025;272;Psychology & Mental Life;read?;-;📋;reread?;A-4;homelibrary;https://www.google.com/search?q=Adanmislik%20-%20Sonsuz%20Secenekler%20Caginda%20Baglilik%20Meselesi%20Pete%20Davis;https://www.google.com/search?q=Adanmislik%20-%20Sonsuz%20Secenekler%20Caginda%20Baglilik%20Meselesi%20Pete%20Davis&tbm=isch;2117; ;
3116;Hakikat Oyunlari;John Forrester;Hakikat Oyunlari. John Forrester;yes;;;2000;208;Psychology & Mental Life;read?;-;📋;reread?;A-4;homelibrary;https://www.google.com/search?q=Hakikat%20Oyunlari%20John%20Forrester;https://www.google.com/search?q=Hakikat%20Oyunlari%20John%20Forrester&tbm=isch;2116; ;
3115;Yogun Psikoterapinin Temel Ilkeleri;Frieda Fromm Reichmann;Yogun Psikoterapinin Temel Ilkeleri. Frieda Fromm Reichmann;yes;;;2021;340;Psychology & Mental Life;read?;-;📋;reread?;A-4;homelibrary;https://www.google.com/search?q=Yogun%20Psikoterapinin%20Temel%20Ilkeleri%20Frieda%20Fromm%20Reichmann;https://www.google.com/search?q=Yogun%20Psikoterapinin%20Temel%20Ilkeleri%20Frieda%20Fromm%20Reichmann&tbm=isch;2115; ;
3114;Everything I Know About Love;Dolly Alderton;Everything I Know About Love. Dolly Alderton;yes;;;2019;358;Biography & Life Stories;read?;-;📋;reread?;F-7;homelibrary;https://www.google.com/search?q=Everything%20I%20Know%20About%20Love%20Dolly%20Alderton;https://www.google.com/search?q=Everything%20I%20Know%20About%20Love%20Dolly%20Alderton&tbm=isch;2114; ;
3113;Hatalarimizdan Ogrenmek;Patrick J. Casement;Hatalarimizdan Ogrenmek. Patrick J. Casement;yes;;;2025;248;category?;read?;-;📋;reread?;A-9;homelibrary;https://www.google.com/search?q=Hatalarimizdan%20Ogrenmek%20Patrick%20J.%20Casement;https://www.google.com/search?q=Hatalarimizdan%20Ogrenmek%20Patrick%20J.%20Casement&tbm=isch;2113; ;
3112;Ofke Makinesi;Tobias Rose-Stockwell;Ofke Makinesi. Tobias Rose-Stockwell;n/a;;;2025;512;category?;read?;-;📋;reread?;D-6;house-2;https://www.google.com/search?q=Ofke%20Makinesi%20Tobias%20Rose-Stockwell;https://www.google.com/search?q=Ofke%20Makinesi%20Tobias%20Rose-Stockwell&tbm=isch;2112; ;
3111;Kendimize Soyledigimiz Yalanlar;Jon Frederickson;Kendimize Soyledigimiz Yalanlar. Jon Frederickson;yes;;;2025;160;Psychology & Mental Life;✅;-;tbr?;reread?;B-5;homelibrary;https://www.google.com/search?q=Kendimize%20Soyledigimiz%20Yalanlar%20Jon%20Frederickson;https://www.google.com/search?q=Kendimize%20Soyledigimiz%20Yalanlar%20Jon%20Frederickson&tbm=isch;2111; ;
3110;Psikanalizde Iliskisel Kavramlar Bir Butunlesme;Stephen A. Mitchell;Psikanalizde Iliskisel Kavramlar Bir Butunlesme. Stephen A. Mitchell;yes;;;2018;341;category?;read?;-;📋;reread?;B-6;homelibrary;https://www.google.com/search?q=Psikanalizde%20Iliskisel%20Kavramlar%20Bir%20Butunlesme%20Stephen%20A.%20Mitchell;https://www.google.com/search?q=Psikanalizde%20Iliskisel%20Kavramlar%20Bir%20Butunlesme%20Stephen%20A.%20Mitchell&tbm=isch;2110; ;
3109;Freud and Beyond - A History of Modern Psychoanalytic Thought;Stephen A. Mitchell, Margaret J. Black;Freud and Beyond - A History of Modern Psychoanalytic Thought. Stephen A. Mitchell, Margaret J. Black;yes;;;1995;293;category?;read?;-;📋;reread?;F-7;homelibrary;https://www.google.com/search?q=Freud%20and%20Beyond%20-%20A%20History%20of%20Modern%20Psychoanalytic%20Thought%20Stephen%20A.%20Mitchell,%20Margaret%20J.%20Black;https://www.google.com/search?q=Freud%20and%20Beyond%20-%20A%20History%20of%20Modern%20Psychoanalytic%20Thought%20Stephen%20A.%20Mitchell,%20Margaret%20J.%20Black&tbm=isch;2109; ;
3108;Why Love Matters - How Affection Shapes A Baby's Brain;Stephen A. Mitchell;Why Love Matters - How Affection Shapes A Baby's Brain. Stephen A. Mitchell;yes;;;2008;246;category?;read?;-;tbr?;reread?;F-7;homelibrary;https://www.google.com/search?q=Why%20Love%20Matters%20-%20How%20Affection%20Shapes%20A%20Baby%27s%20Brain%20Stephen%20A.%20Mitchell;https://www.google.com/search?q=Why%20Love%20Matters%20-%20How%20Affection%20Shapes%20A%20Baby%27s%20Brain%20Stephen%20A.%20Mitchell&tbm=isch;2108; ;
3107;Can Love Last? The Fate of Romance Over Time;Stephen A. Mitchell;Can Love Last? The Fate of Romance Over Time. Stephen A. Mitchell;yes;;;2002;222;category?;read?;-;tbr?;reread?;F-7;homelibrary;https://www.google.com/search?q=Can%20Love%20Last?%20The%20Fate%20of%20Romance%20Over%20Time%20Stephen%20A.%20Mitchell;https://www.google.com/search?q=Can%20Love%20Last?%20The%20Fate%20of%20Romance%20Over%20Time%20Stephen%20A.%20Mitchell&tbm=isch;2107; ;
3106;Bullet Journal Metodu - Hayati Yakala Gunu Iskalama;Ryder Carroll;Bullet Journal Metodu - Hayati Yakala Gunu Iskalama. Ryder Carroll;yes;;;2019;304;category?;read?;-;tbr?;📖;E-6;homelibrary;https://www.google.com/search?q=Bullet%20Journal%20Metodu%20-%20Hayati%20Yakala%20Gunu%20Iskalama%20Ryder%20Carroll;https://www.google.com/search?q=Bullet%20Journal%20Metodu%20-%20Hayati%20Yakala%20Gunu%20Iskalama%20Ryder%20Carroll&tbm=isch;2106; ;
3105;Sosyal Temsiller;Serge Moscovici;Sosyal Temsiller. Serge Moscovici;yes;;;2025;448;category?;read?;-;📋;reread?;B-9;homelibrary;https://www.google.com/search?q=Sosyal%20Temsiller%20Serge%20Moscovici;https://www.google.com/search?q=Sosyal%20Temsiller%20Serge%20Moscovici&tbm=isch;2105; ;
3104;Ruya Analizleri;Carl Gustav Jung;Ruya Analizleri. Carl Gustav Jung;yes;;;2024;792;category?;read?;-;📋;reread?;B-6;homelibrary;https://www.google.com/search?q=Ruya%20Analizleri%20Carl%20Gustav%20Jung;https://www.google.com/search?q=Ruya%20Analizleri%20Carl%20Gustav%20Jung&tbm=isch;2104; ;
3103;Psikanalizin Temel Ilkeleri;Jacques Lacan;Psikanalizin Temel Ilkeleri. Jacques Lacan;yes;;;2024;188;category?;read?;-;📋;reread?;A-6;homelibrary;https://www.google.com/search?q=Psikanalizin%20Temel%20Ilkeleri%20Jacques%20Lacan;https://www.google.com/search?q=Psikanalizin%20Temel%20Ilkeleri%20Jacques%20Lacan&tbm=isch;2103; ;
3102;Metabolizma Katili - Islenmis Gida, Beslenme ve Modern Tibbin Yalanlari;Robert H. Lustig;Metabolizma Katili - Islenmis Gida, Beslenme ve Modern Tibbin Yalanlari. Robert H. Lustig;yes;;;2025;400;Health & Nutrition;✅;-;tbr?;reread?;F-6;homelibrary;https://www.google.com/search?q=Metabolizma%20Katili%20-%20Islenmis%20Gida,%20Beslenme%20ve%20Modern%20Tibbin%20Yalanlari%20Robert%20H.%20Lustig;https://www.google.com/search?q=Metabolizma%20Katili%20-%20Islenmis%20Gida,%20Beslenme%20ve%20Modern%20Tibbin%20Yalanlari%20Robert%20H.%20Lustig&tbm=isch;2102; ;
3101;Cocugunuzu Resimlerinden Kesfedin;Roseline Davido;Cocugunuzu Resimlerinden Kesfedin. Roseline Davido;yes;;;2017;280;category?;read?;-;📋;reread?;A-5;homelibrary;https://www.google.com/search?q=Cocugunuzu%20Resimlerinden%20Kesfedin%20Roseline%20Davido;https://www.google.com/search?q=Cocugunuzu%20Resimlerinden%20Kesfedin%20Roseline%20Davido&tbm=isch;2101; ;
3100;Akil Sagliginin Oruntusu;Neville Sygminton;Akil Sagliginin Oruntusu. Neville Sygminton;yes;;;2025;304;category?;read?;-;📋;reread?;A-5;homelibrary;https://www.google.com/search?q=Akil%20Sagliginin%20Oruntusu%20Neville%20Sygminton;https://www.google.com/search?q=Akil%20Sagliginin%20Oruntusu%20Neville%20Sygminton&tbm=isch;2100; ;
3099;Anne Beyni - Norobilim Ebeveynligin Oykusunu Nasil Yeniden Yaziyor?;Chelsea Conaboy;Anne Beyni - Norobilim Ebeveynligin Oykusunu Nasil Yeniden Yaziyor?. Chelsea Conaboy;yes;;;2025;416;category?;read?;-;📋;reread?;A-5;homelibrary;https://www.google.com/search?q=Anne%20Beyni%20-%20Norobilim%20Ebeveynligin%20Oykusunu%20Nasil%20Yeniden%20Yaziyor?%20Chelsea%20Conaboy;https://www.google.com/search?q=Anne%20Beyni%20-%20Norobilim%20Ebeveynligin%20Oykusunu%20Nasil%20Yeniden%20Yaziyor?%20Chelsea%20Conaboy&tbm=isch;2099; ;
3098;Kendi Cigligini Duymak ve Iyilesmek;Kimberly Johnson;Kendi Cigligini Duymak ve Iyilesmek. Kimberly Johnson;yes;;;2024;304;category?;read?;-;📋;reread?;B-5;homelibrary;https://www.google.com/search?q=Kendi%20Cigligini%20Duymak%20ve%20Iyilesmek%20Kimberly%20Johnson;https://www.google.com/search?q=Kendi%20Cigligini%20Duymak%20ve%20Iyilesmek%20Kimberly%20Johnson&tbm=isch;2098; ;
3097;Lacan Depresyon ve Melankoli Hakkinda Ne Dedi?;Stijn Vanheule, Derek Hook;Lacan Depresyon ve Melankoli Hakkinda Ne Dedi?. Stijn Vanheule, Derek Hook;yes;;;2024;349;category?;read?;-;📋;reread?;B-5;homelibrary;https://www.google.com/search?q=Lacan%20Depresyon%20ve%20Melankoli%20Hakkinda%20Ne%20Dedi?%20Stijn%20Vanheule,%20Derek%20Hook;https://www.google.com/search?q=Lacan%20Depresyon%20ve%20Melankoli%20Hakkinda%20Ne%20Dedi?%20Stijn%20Vanheule,%20Derek%20Hook&tbm=isch;2097; ;
3096;Modern Psikolojinin Tarihi;Carl Gustav Jung;Modern Psikolojinin Tarihi. Carl Gustav Jung;yes;;;2023;280;category?;read?;-;📋;reread?;B-4;homelibrary;https://www.google.com/search?q=Modern%20Psikolojinin%20Tarihi%20Carl%20Gustav%20Jung;https://www.google.com/search?q=Modern%20Psikolojinin%20Tarihi%20Carl%20Gustav%20Jung&tbm=isch;2096; ;
3095;Cinsellik Nedir?;Alenka Zupancic;Cinsellik Nedir?. Alenka Zupancic;n/a;;;2021;224;category?;read?;-;📋;reread?;B-5;house-2;https://www.google.com/search?q=Cinsellik%20Nedir?%20Alenka%20Zupancic;https://www.google.com/search?q=Cinsellik%20Nedir?%20Alenka%20Zupancic&tbm=isch;2095; ;
3094;Neden Psikanaliz? - Uc Mudahale;Alenka Zupancic;Neden Psikanaliz? - Uc Mudahale. Alenka Zupancic;n/a;;;2019;88;category?;read?;-;📋;reread?;B-5;house-2;https://www.google.com/search?q=Neden%20Psikanaliz?%20-%20Uc%20Mudahale%20Alenka%20Zupancic;https://www.google.com/search?q=Neden%20Psikanaliz?%20-%20Uc%20Mudahale%20Alenka%20Zupancic&tbm=isch;2094; ;
3093;Psikanalitik Kisilik Calismalari;W. R. D. Fairbairn;Psikanalitik Kisilik Calismalari. W. R. D. Fairbairn;yes;;;2023;256;category?;read?;-;📋;reread?;B-5;homelibrary;https://www.google.com/search?q=Psikanalitik%20Kisilik%20Calismalari%20W.%20R.%20D.%20Fairbairn;https://www.google.com/search?q=Psikanalitik%20Kisilik%20Calismalari%20W.%20R.%20D.%20Fairbairn&tbm=isch;2093; ;
3092;Ruya Uzerine;Henri Bergson;Ruya Uzerine. Henri Bergson;yes;;;2024;80;category?;read?;-;📋;reread?;B-4;homelibrary;https://www.google.com/search?q=Ruya%20Uzerine%20Henri%20Bergson;https://www.google.com/search?q=Ruya%20Uzerine%20Henri%20Bergson&tbm=isch;2092; ;
3091;Ruyalar;Carl Gustav Jung;Ruyalar. Carl Gustav Jung;yes;;;2015;360;category?;read?;-;📋;reread?;B-4;homelibrary;https://www.google.com/search?q=Ruyalar%20Carl%20Gustav%20Jung;https://www.google.com/search?q=Ruyalar%20Carl%20Gustav%20Jung&tbm=isch;2091; ;
3090;Haset ve Sukran;Melanie Klein;Haset ve Sukran. Melanie Klein;yes;;;2020;104;category?;read?;-;📋;reread?;A-7;homelibrary;https://www.google.com/search?q=Haset%20ve%20Sukran%20Melanie%20Klein;https://www.google.com/search?q=Haset%20ve%20Sukran%20Melanie%20Klein&tbm=isch;2090; ;
3089;Hayali Arkadaslar ve Onlari Yaratan Cocuklar;Marjorie Taylor;Hayali Arkadaslar ve Onlari Yaratan Cocuklar. Marjorie Taylor;yes;;;2024;256;category?;read?;-;📋;reread?;A-7;homelibrary;https://www.google.com/search?q=Hayali%20Arkadaslar%20ve%20Onlari%20Yaratan%20Cocuklar%20Marjorie%20Taylor;https://www.google.com/search?q=Hayali%20Arkadaslar%20ve%20Onlari%20Yaratan%20Cocuklar%20Marjorie%20Taylor&tbm=isch;2089; ;
3088;Kendiligin Yeniden Yapilanmasi;Heinz Kohut;Kendiligin Yeniden Yapilanmasi. Heinz Kohut;yes;;;2017;256;category?;read?;-;📋;reread?;A-7;homelibrary;https://www.google.com/search?q=Kendiligin%20Yeniden%20Yapilanmasi%20Heinz%20Kohut;https://www.google.com/search?q=Kendiligin%20Yeniden%20Yapilanmasi%20Heinz%20Kohut&tbm=isch;2088; ;
3087;Kendiligin Cozumlenmesi;Heinz Kohut;Kendiligin Cozumlenmesi. Heinz Kohut;yes;;;2022;288;category?;read?;-;📋;reread?;A-7;homelibrary;https://www.google.com/search?q=Kendiligin%20Cozumlenmesi%20Heinz%20Kohut;https://www.google.com/search?q=Kendiligin%20Cozumlenmesi%20Heinz%20Kohut&tbm=isch;2087; ;
3086;Masallar Ne Anlatir - Cocuk Gelisiminde Masallarin Rolune Bir Bakis;Bruno Bettelheim;Masallar Ne Anlatir - Cocuk Gelisiminde Masallarin Rolune Bir Bakis. Bruno Bettelheim;yes;;;2025;360;category?;read?;-;📋;reread?;A-7;homelibrary;https://www.google.com/search?q=Masallar%20Ne%20Anlatir%20-%20Cocuk%20Gelisiminde%20Masallarin%20Rolune%20Bir%20Bakis%20Bruno%20Bettelheim;https://www.google.com/search?q=Masallar%20Ne%20Anlatir%20-%20Cocuk%20Gelisiminde%20Masallarin%20Rolune%20Bir%20Bakis%20Bruno%20Bettelheim&tbm=isch;2086; ;
3085;Freud ve Insan Ruhu;Bruno Bettelheim;Freud ve Insan Ruhu. Bruno Bettelheim;yes;;;2023;102;category?;read?;-;📋;reread?;A-7;homelibrary;https://www.google.com/search?q=Freud%20ve%20Insan%20Ruhu%20Bruno%20Bettelheim;https://www.google.com/search?q=Freud%20ve%20Insan%20Ruhu%20Bruno%20Bettelheim&tbm=isch;2085; ;
3084;Bilinc ve Bilincdisi;Carl Gustav Jung;Bilinc ve Bilincdisi. Carl Gustav Jung;yes;;;2022;208;category?;read?;-;📋;reread?;A-7;homelibrary;https://www.google.com/search?q=Bilinc%20ve%20Bilincdisi%20Carl%20Gustav%20Jung;https://www.google.com/search?q=Bilinc%20ve%20Bilincdisi%20Carl%20Gustav%20Jung&tbm=isch;2084; ;
3083;Tereddutlu Dusunceler;W.R. Bion;Tereddutlu Dusunceler. W.R. Bion;yes;;;2023;208;category?;read?;-;📋;reread?;A-7;homelibrary;https://www.google.com/search?q=Tereddutlu%20Dusunceler%20W.R.%20Bion;https://www.google.com/search?q=Tereddutlu%20Dusunceler%20W.R.%20Bion&tbm=isch;2083; ;
3082;Nesne Iliskileri - Haset ve Sukran ve Diger Yazilar (1946-1963);Melanie Klein;Nesne Iliskileri - Haset ve Sukran ve Diger Yazilar (1946-1963). Melanie Klein;yes;;;2023;440;category?;read?;-;📋;reread?;A-7;homelibrary;https://www.google.com/search?q=Nesne%20Iliskileri%20-%20Haset%20ve%20Sukran%20ve%20Diger%20Yazilar%20(1946-1963)%20Melanie%20Klein;https://www.google.com/search?q=Nesne%20Iliskileri%20-%20Haset%20ve%20Sukran%20ve%20Diger%20Yazilar%20(1946-1963)%20Melanie%20Klein&tbm=isch;2082; ;
3081;Sevgi, Sucluluk ve Onarim ve Diger Yazilari (1921-1945);Melanie Klein;Sevgi, Sucluluk ve Onarim ve Diger Yazilari (1921-1945). Melanie Klein;yes;;;2023;560;category?;read?;-;📋;reread?;A-7;homelibrary;https://www.google.com/search?q=Sevgi,%20Sucluluk%20ve%20Onarim%20ve%20Diger%20Yazilari%20(1921-1945)%20Melanie%20Klein;https://www.google.com/search?q=Sevgi,%20Sucluluk%20ve%20Onarim%20ve%20Diger%20Yazilari%20(1921-1945)%20Melanie%20Klein&tbm=isch;2081; ;
3080;Insanin 8 Evresi;Erik H. Erikson;Insanin 8 Evresi. Erik H. Erikson;yes;;;2018;204;category?;read?;-;📋;reread?;A-7;homelibrary;https://www.google.com/search?q=Insanin%208%20Evresi%20Erik%20H.%20Erikson;https://www.google.com/search?q=Insanin%208%20Evresi%20Erik%20H.%20Erikson&tbm=isch;2080; ;
3079;Apacik Psikoterapi - Psikanaliz ve Psikoterapide Kavramlar ve Vakalar;Kevin Volkan, Vamik Volkan;Apacik Psikoterapi - Psikanaliz ve Psikoterapide Kavramlar ve Vakalar. Kevin Volkan, Vamik Volkan;yes;;;2024;364;category?;read?;-;📋;reread?;A-7;homelibrary;https://www.google.com/search?q=Apacik%20Psikoterapi%20-%20Psikanaliz%20ve%20Psikoterapide%20Kavramlar%20ve%20Vakalar%20Kevin%20Volkan,%20Vamik%20Volkan;https://www.google.com/search?q=Apacik%20Psikoterapi%20-%20Psikanaliz%20ve%20Psikoterapide%20Kavramlar%20ve%20Vakalar%20Kevin%20Volkan,%20Vamik%20Volkan&tbm=isch;2079; ;
3078;Jung Psikolojisinin Ana Cizgileri;Calvin S. Hall, Vernon J. Nordby;Jung Psikolojisinin Ana Cizgileri. Calvin S. Hall, Vernon J. Nordby;yes;;;2016;144;category?;read?;-;📋;reread?;B-4;homelibrary;https://www.google.com/search?q=Jung%20Psikolojisinin%20Ana%20Cizgileri%20Calvin%20S.%20Hall,%20Vernon%20J.%20Nordby;https://www.google.com/search?q=Jung%20Psikolojisinin%20Ana%20Cizgileri%20Calvin%20S.%20Hall,%20Vernon%20J.%20Nordby&tbm=isch;2078; ;
3077;Her Seyin Evrimi - Yeni Fikirler Nasil Ortaya Cikar?;Matt Ridley;Her Seyin Evrimi - Yeni Fikirler Nasil Ortaya Cikar?. Matt Ridley;yes;;;2025;384;category?;read?;-;tbr?;reread?;B-2;homelibrary;https://www.google.com/search?q=Her%20Seyin%20Evrimi%20-%20Yeni%20Fikirler%20Nasil%20Ortaya%20Cikar?%20Matt%20Ridley;https://www.google.com/search?q=Her%20Seyin%20Evrimi%20-%20Yeni%20Fikirler%20Nasil%20Ortaya%20Cikar?%20Matt%20Ridley&tbm=isch;2077; ;
3076;Gonlum Dilime Dargin;Elvin Aydin Keles;Gonlum Dilime Dargin. Elvin Aydin Keles;released;;yes;2021;208;Psychology & Mental Life;✅;-;tbr?;reread?;D-6;homelibrary;https://www.google.com/search?q=Gonlum%20Dilime%20Dargin%20Elvin%20Aydin%20Keles;https://www.google.com/search?q=Gonlum%20Dilime%20Dargin%20Elvin%20Aydin%20Keles&tbm=isch;2076; ;
3075;21 Gunde Ustalas - Olumlamalar;Louise L. Hay;21 Gunde Ustalas - Olumlamalar. Louise L. Hay;yes;;;2025;136;Personal Growth & Productivity;✅;-;tbr?;reread?;G-7;homelibrary;https://www.google.com/search?q=21%20Gunde%20Ustalas%20-%20Olumlamalar%20Louise%20L.%20Hay;https://www.google.com/search?q=21%20Gunde%20Ustalas%20-%20Olumlamalar%20Louise%20L.%20Hay&tbm=isch;2075; ;
3074;Yalom Seckisi;Irvin D. Yalom;Yalom Seckisi. Irvin D. Yalom;yes;;;2018;244;Psychology & Mental Life;✅;-;tbr?;📖;B-8;homelibrary;https://www.google.com/search?q=Yalom%20Seckisi%20Irvin%20D.%20Yalom;https://www.google.com/search?q=Yalom%20Seckisi%20Irvin%20D.%20Yalom&tbm=isch;2074; ;
3073;Askin Celladi ve Diger Psikoterapi Oykuleri;Irvin D. Yalom;Askin Celladi ve Diger Psikoterapi Oykuleri. Irvin D. Yalom;yes;;;2019;303;Psychology & Mental Life;✅;-;tbr?;📖;B-8;homelibrary;https://www.google.com/search?q=Askin%20Celladi%20ve%20Diger%20Psikoterapi%20Oykuleri%20Irvin%20D.%20Yalom;https://www.google.com/search?q=Askin%20Celladi%20ve%20Diger%20Psikoterapi%20Oykuleri%20Irvin%20D.%20Yalom&tbm=isch;2073; ;
3072;Kuram ile Klinik Bulusunca - Tekinsizlik, Sonradanlik, Ruya, Baglarin Kurulmasi ve Ilk Nesne Iliskileri;Bella Habip;Kuram ile Klinik Bulusunca - Tekinsizlik, Sonradanlik, Ruya, Baglarin Kurulmasi ve Ilk Nesne Iliskileri. Bella Habip;yes;;;2012;148;category?;read?;-;📋;reread?;A-9;homelibrary;https://www.google.com/search?q=Kuram%20ile%20Klinik%20Bulusunca%20-%20Tekinsizlik,%20Sonradanlik,%20Ruya,%20Baglarin%20Kurulmasi%20ve%20Ilk%20Nesne%20Iliskileri%20Bella%20Habip;https://www.google.com/search?q=Kuram%20ile%20Klinik%20Bulusunca%20-%20Tekinsizlik,%20Sonradanlik,%20Ruya,%20Baglarin%20Kurulmasi%20ve%20Ilk%20Nesne%20Iliskileri%20Bella%20Habip&tbm=isch;2072; ;
3071;Psikanalizin Yedi Temel Kavrami;J. D. Nasio;Psikanalizin Yedi Temel Kavrami. J. D. Nasio;yes;;;2018;244;category?;read?;-;📋;reread?;A-5;homelibrary;https://www.google.com/search?q=Psikanalizin%20Yedi%20Temel%20Kavrami%20J.%20D.%20Nasio;https://www.google.com/search?q=Psikanalizin%20Yedi%20Temel%20Kavrami%20J.%20D.%20Nasio&tbm=isch;2071; ;
3070;Her Gun Biraz Daha Yakin;Irvin D. Yalom, Ginny Elkin;Her Gun Biraz Daha Yakin. Irvin D. Yalom, Ginny Elkin;yes;;;2018;304;Psychology & Mental Life;✅;-;tbr?;📖;B-8;homelibrary;https://www.google.com/search?q=Her%20Gun%20Biraz%20Daha%20Yakin%20Irvin%20D.%20Yalom,%20Ginny%20Elkin;https://www.google.com/search?q=Her%20Gun%20Biraz%20Daha%20Yakin%20Irvin%20D.%20Yalom,%20Ginny%20Elkin&tbm=isch;2070; ;
3069;Kintsugi - Mutlulugu Bulmak Icin Kusurlarinizi Kucaklayin;Tomas Navarro;Kintsugi - Mutlulugu Bulmak Icin Kusurlarinizi Kucaklayin. Tomas Navarro;yes;;;2025;320;category?;read?;-;📋;reread?;E-4;homelibrary;https://www.google.com/search?q=Kintsugi%20-%20Mutlulugu%20Bulmak%20Icin%20Kusurlarinizi%20Kucaklayin%20Tomas%20Navarro;https://www.google.com/search?q=Kintsugi%20-%20Mutlulugu%20Bulmak%20Icin%20Kusurlarinizi%20Kucaklayin%20Tomas%20Navarro&tbm=isch;2069; ;
3068;Hastadan Ogrenmek - Bir Psikanalistin Danisma Odasi;Patrick J. Casement;Hastadan Ogrenmek - Bir Psikanalistin Danisma Odasi. Patrick J. Casement;yes;;;2022;536;category?;read?;-;📋;reread?;A-9;homelibrary;https://www.google.com/search?q=Hastadan%20Ogrenmek%20-%20Bir%20Psikanalistin%20Danisma%20Odasi%20Patrick%20J.%20Casement;https://www.google.com/search?q=Hastadan%20Ogrenmek%20-%20Bir%20Psikanalistin%20Danisma%20Odasi%20Patrick%20J.%20Casement&tbm=isch;2068; ;
3067;Annem ve Hayatin Anlami;Irvin D. Yalom;Annem ve Hayatin Anlami. Irvin D. Yalom;yes;;;2018;320;category?;read?;-;📋;reread?;B-8;homelibrary;https://www.google.com/search?q=Annem%20ve%20Hayatin%20Anlami%20Irvin%20D.%20Yalom;https://www.google.com/search?q=Annem%20ve%20Hayatin%20Anlami%20Irvin%20D.%20Yalom&tbm=isch;2067; ;
3066;Bagislanan Terapi;Irvin D. Yalom;Bagislanan Terapi. Irvin D. Yalom;yes;;;2017;312;category?;read?;-;📋;reread?;B-8;homelibrary;https://www.google.com/search?q=Bagislanan%20Terapi%20Irvin%20D.%20Yalom;https://www.google.com/search?q=Bagislanan%20Terapi%20Irvin%20D.%20Yalom&tbm=isch;2066; ;
3065;Din ve Psikiyatri;Irvin D. Yalom;Din ve Psikiyatri. Irvin D. Yalom;yes;;;2017;64;category?;read?;-;📋;reread?;B-8;homelibrary;https://www.google.com/search?q=Din%20ve%20Psikiyatri%20Irvin%20D.%20Yalom;https://www.google.com/search?q=Din%20ve%20Psikiyatri%20Irvin%20D.%20Yalom&tbm=isch;2065; ;
3064;Gunese Bakmak - Olumle Yuzlesmek;Irvin D. Yalom;Gunese Bakmak - Olumle Yuzlesmek. Irvin D. Yalom;yes;;;2017;256;category?;read?;-;📋;reread?;B-8;homelibrary;https://www.google.com/search?q=Gunese%20Bakmak%20-%20Olumle%20Yuzlesmek%20Irvin%20D.%20Yalom;https://www.google.com/search?q=Gunese%20Bakmak%20-%20Olumle%20Yuzlesmek%20Irvin%20D.%20Yalom&tbm=isch;2064; ;
3063;Kayginin Anlami;Rollo May;Kayginin Anlami. Rollo May;yes;;;2020;526;category?;read?;-;📋;reread?;A-6;homelibrary;https://www.google.com/search?q=Kayginin%20Anlami%20Rollo%20May;https://www.google.com/search?q=Kayginin%20Anlami%20Rollo%20May&tbm=isch;2063; ;
3062;Olum Kalim Meselesi;Irvin D. Yalom, Marilyn Yalom;Olum Kalim Meselesi. Irvin D. Yalom, Marilyn Yalom;yes;;;2022;248;category?;read?;-;📋;reread?;B-8;homelibrary;https://www.google.com/search?q=Olum%20Kalim%20Meselesi%20Irvin%20D.%20Yalom,%20Marilyn%20Yalom;https://www.google.com/search?q=Olum%20Kalim%20Meselesi%20Irvin%20D.%20Yalom,%20Marilyn%20Yalom&tbm=isch;2062; ;
3061;Kultur ve Psikanaliz - Sinema, Edebiyat ve Guncelin Psikanalizi;Bella Habip;Kultur ve Psikanaliz - Sinema, Edebiyat ve Guncelin Psikanalizi. Bella Habip;yes;;;2019;240;category?;read?;-;📋;reread?;A-9;homelibrary;https://www.google.com/search?q=Kultur%20ve%20Psikanaliz%20-%20Sinema,%20Edebiyat%20ve%20Guncelin%20Psikanalizi%20Bella%20Habip;https://www.google.com/search?q=Kultur%20ve%20Psikanaliz%20-%20Sinema,%20Edebiyat%20ve%20Guncelin%20Psikanalizi%20Bella%20Habip&tbm=isch;2061; ;
3060;Meskalin 60 Draje;Murathan Mungan;Meskalin 60 Draje. Murathan Mungan;no;;;2017;259;category?;read?;-;tbr?;reread?;B-7;homelibrary;https://www.google.com/search?q=Meskalin%2060%20Draje%20Murathan%20Mungan;https://www.google.com/search?q=Meskalin%2060%20Draje%20Murathan%20Mungan&tbm=isch;2060; ;
3059;Olum ve Olme Uzerine;Elisabeth Kubler-Ross;Olum ve Olme Uzerine. Elisabeth Kubler-Ross;yes;;;2023;376;category?;read?;-;📋;reread?;B-8;homelibrary;https://www.google.com/search?q=Olum%20ve%20Olme%20Uzerine%20Elisabeth%20Kubler-Ross;https://www.google.com/search?q=Olum%20ve%20Olme%20Uzerine%20Elisabeth%20Kubler-Ross&tbm=isch;2059; ;
3058;Olumden Sonra Yasam - Olume Yakin Deneyimlerden Ogrenilen Dersler;Elisabeth Kubler-Ross;Olumden Sonra Yasam - Olume Yakin Deneyimlerden Ogrenilen Dersler. Elisabeth Kubler-Ross;yes;;;2024;96;category?;read?;-;📋;reread?;B-8;homelibrary;https://www.google.com/search?q=Olumden%20Sonra%20Yasam%20-%20Olume%20Yakin%20Deneyimlerden%20Ogrenilen%20Dersler%20Elisabeth%20Kubler-Ross;https://www.google.com/search?q=Olumden%20Sonra%20Yasam%20-%20Olume%20Yakin%20Deneyimlerden%20Ogrenilen%20Dersler%20Elisabeth%20Kubler-Ross&tbm=isch;2058; ;
3057;Yasam Dersleri;Elisabeth Kubler-Ross;Yasam Dersleri. Elisabeth Kubler-Ross;yes;;;2021;245;category?;read?;-;📋;reread?;B-8;homelibrary;https://www.google.com/search?q=Yasam%20Dersleri%20Elisabeth%20Kubler-Ross;https://www.google.com/search?q=Yasam%20Dersleri%20Elisabeth%20Kubler-Ross&tbm=isch;2057; ;
3056;Yolda Ogrenmek - Psikanaliz ve Psikoterapi Uzerine Dusunceler;Patrick J. Casement;Yolda Ogrenmek - Psikanaliz ve Psikoterapi Uzerine Dusunceler. Patrick J. Casement;yes;;;2025;300;category?;read?;-;📋;reread?;A-9;homelibrary;https://www.google.com/search?q=Yolda%20Ogrenmek%20-%20Psikanaliz%20ve%20Psikoterapi%20Uzerine%20Dusunceler%20Patrick%20J.%20Casement;https://www.google.com/search?q=Yolda%20Ogrenmek%20-%20Psikanaliz%20ve%20Psikoterapi%20Uzerine%20Dusunceler%20Patrick%20J.%20Casement&tbm=isch;2056; ;
3055;Sosyal Medya Hesaplarinizi Hemen Simdi Kapatmaniz icin 10 Arguman;Jaron Lanier;Sosyal Medya Hesaplarinizi Hemen Simdi Kapatmaniz icin 10 Arguman. Jaron Lanier;yes;;;2022;178;Technology & the Digital World;✅;-;tbr?;reread?;E-8;homelibrary;https://www.google.com/search?q=Sosyal%20Medya%20Hesaplarinizi%20Hemen%20Simdi%20Kapatmaniz%20icin%2010%20Arguman%20Jaron%20Lanier;https://www.google.com/search?q=Sosyal%20Medya%20Hesaplarinizi%20Hemen%20Simdi%20Kapatmaniz%20icin%2010%20Arguman%20Jaron%20Lanier&tbm=isch;2055; ;
3054;Psikanalitik Incelemeler - Resim Sanati, Edebiyat, Sinema Analizi ve Toplumsalin Klinikteki Izdusumleri;Bella Habip;Psikanalitik Incelemeler - Resim Sanati, Edebiyat, Sinema Analizi ve Toplumsalin Klinikteki Izdusumleri. Bella Habip;yes;;;2024;192;category?;read?;-;📋;reread?;A-9;homelibrary;https://www.google.com/search?q=Psikanalitik%20Incelemeler%20-%20Resim%20Sanati,%20Edebiyat,%20Sinema%20Analizi%20ve%20Toplumsalin%20Klinikteki%20Izdusumleri%20Bella%20Habip;https://www.google.com/search?q=Psikanalitik%20Incelemeler%20-%20Resim%20Sanati,%20Edebiyat,%20Sinema%20Analizi%20ve%20Toplumsalin%20Klinikteki%20Izdusumleri%20Bella%20Habip&tbm=isch;2054; ;
3053;Minimalizm - Hayatinizi Sadelestirmenin ve Surdurulebilir Yasamanin Yollari;Madeleine Olivia;Minimalizm - Hayatinizi Sadelestirmenin ve Surdurulebilir Yasamanin Yollari. Madeleine Olivia;yes;;;2025;352;category?;read?;-;📋;reread?;D-8;homelibrary;https://www.google.com/search?q=Minimalizm%20-%20Hayatinizi%20Sadelestirmenin%20ve%20Surdurulebilir%20Yasamanin%20Yollari%20Madeleine%20Olivia;https://www.google.com/search?q=Minimalizm%20-%20Hayatinizi%20Sadelestirmenin%20ve%20Surdurulebilir%20Yasamanin%20Yollari%20Madeleine%20Olivia&tbm=isch;2053; ;
3052;Minimalist Ev;Joshua Becker;Minimalist Ev. Joshua Becker;yes;;;2023;288;category?;read?;-;📋;reread?;D-8;homelibrary;https://www.google.com/search?q=Minimalist%20Ev%20Joshua%20Becker;https://www.google.com/search?q=Minimalist%20Ev%20Joshua%20Becker&tbm=isch;2052; ;
3051;Gidalarin Beyniniz Uzerindeki Etkisi - Depresyon, Kaygi, TSSB, OKB, DEHB ve Diger Hastaliklarla Mucadelede Gidalarin Sasirtici Rolu Uzerine Bir Rehber;Uma Naidoo;Gidalarin Beyniniz Uzerindeki Etkisi - Depresyon, Kaygi, TSSB, OKB, DEHB ve Diger Hastaliklarla Mucadelede Gidalarin Sasirtici Rolu Uzerine Bir Rehber. Uma Naidoo;yes;;;2024;400;category?;read?;-;📋;reread?;F-6;homelibrary;https://www.google.com/search?q=Gidalarin%20Beyniniz%20Uzerindeki%20Etkisi%20-%20Depresyon,%20Kaygi,%20TSSB,%20OKB,%20DEHB%20ve%20Diger%20Hastaliklarla%20Mucadelede%20Gidalarin%20Sasirtici%20Rolu%20Uzerine%20Bir%20Rehber%20Uma%20Naidoo;https://www.google.com/search?q=Gidalarin%20Beyniniz%20Uzerindeki%20Etkisi%20-%20Depresyon,%20Kaygi,%20TSSB,%20OKB,%20DEHB%20ve%20Diger%20Hastaliklarla%20Mucadelede%20Gidalarin%20Sasirtici%20Rolu%20Uzerine%20Bir%20Rehber%20Uma%20Naidoo&tbm=isch;2051; ;
3050;Fazlaliklardan Kurtulma Sanati;Nagisa Tatsumi;Fazlaliklardan Kurtulma Sanati. Nagisa Tatsumi;yes;;;2024;176;category?;read?;-;📋;reread?;D-8;homelibrary;https://www.google.com/search?q=Fazlaliklardan%20Kurtulma%20Sanati%20Nagisa%20Tatsumi;https://www.google.com/search?q=Fazlaliklardan%20Kurtulma%20Sanati%20Nagisa%20Tatsumi&tbm=isch;2050; ;
3049;David Harvey ile Soylesiler;David Harvey;David Harvey ile Soylesiler. David Harvey;yes;;;2023;130;category?;read?;-;📋;reread?;G-5;homelibrary;https://www.google.com/search?q=David%20Harvey%20ile%20Soylesiler%20David%20Harvey;https://www.google.com/search?q=David%20Harvey%20ile%20Soylesiler%20David%20Harvey&tbm=isch;2049; ;
3048;Bozuk Para;Lyn Alden;Bozuk Para. Lyn Alden;yes;;;2025;672;category?;read?;-;📋;reread?;C-9;homelibrary;https://www.google.com/search?q=Bozuk%20Para%20Lyn%20Alden;https://www.google.com/search?q=Bozuk%20Para%20Lyn%20Alden&tbm=isch;2048; ;
3047;Akilli Yatirimcinin Finansal Bagimsizlik Rehberi - Bilmeniz Gereken Her Sey Hakkinda Basit Bir Klavuz;Ben Carlson, Robin Powell;Akilli Yatirimcinin Finansal Bagimsizlik Rehberi - Bilmeniz Gereken Her Sey Hakkinda Basit Bir Klavuz. Ben Carlson, Robin Powell;no;;;2024;128;category?;read?;-;📋;reread?;F-2;homelibrary;https://www.google.com/search?q=Akilli%20Yatirimcinin%20Finansal%20Bagimsizlik%20Rehberi%20-%20Bilmeniz%20Gereken%20Her%20Sey%20Hakkinda%20Basit%20Bir%20Klavuz%20Ben%20Carlson,%20Robin%20Powell;https://www.google.com/search?q=Akilli%20Yatirimcinin%20Finansal%20Bagimsizlik%20Rehberi%20-%20Bilmeniz%20Gereken%20Her%20Sey%20Hakkinda%20Basit%20Bir%20Klavuz%20Ben%20Carlson,%20Robin%20Powell&tbm=isch;2047; ;
3046;Travmanin Ic Dunyasi - Ruhun Arketipsel Savunmalari;Donald Kalsched;Travmanin Ic Dunyasi - Ruhun Arketipsel Savunmalari. Donald Kalsched;yes;;;2025;436;category?;read?;-;📋;reread?;A-8;homelibrary;https://www.google.com/search?q=Travmanin%20Ic%20Dunyasi%20-%20Ruhun%20Arketipsel%20Savunmalari%20Donald%20Kalsched;https://www.google.com/search?q=Travmanin%20Ic%20Dunyasi%20-%20Ruhun%20Arketipsel%20Savunmalari%20Donald%20Kalsched&tbm=isch;2046; ;
3045;Stressiz Yatirim Sanati - Stressiz Bir Finansal Hayat Nasil Yasanir?;Jared Dillian;Stressiz Yatirim Sanati - Stressiz Bir Finansal Hayat Nasil Yasanir?. Jared Dillian;released;;yes;2025;272;category?;read?;-;📋;reread?;F-2;homelibrary;https://www.google.com/search?q=Stressiz%20Yatirim%20Sanati%20-%20Stressiz%20Bir%20Finansal%20Hayat%20Nasil%20Yasanir?%20Jared%20Dillian;https://www.google.com/search?q=Stressiz%20Yatirim%20Sanati%20-%20Stressiz%20Bir%20Finansal%20Hayat%20Nasil%20Yasanir?%20Jared%20Dillian&tbm=isch;2045; ;
3044;Sizi Buraya Ne Getirdi? - Ruyalarla Yapilan Bir Terapi Hikayesi;Nursena Balatekin;Sizi Buraya Ne Getirdi? - Ruyalarla Yapilan Bir Terapi Hikayesi. Nursena Balatekin;yes;;;2025;208;category?;read?;-;📋;reread?;A-7;homelibrary;https://www.google.com/search?q=Sizi%20Buraya%20Ne%20Getirdi?%20-%20Ruyalarla%20Yapilan%20Bir%20Terapi%20Hikayesi%20Nursena%20Balatekin;https://www.google.com/search?q=Sizi%20Buraya%20Ne%20Getirdi?%20-%20Ruyalarla%20Yapilan%20Bir%20Terapi%20Hikayesi%20Nursena%20Balatekin&tbm=isch;2044; ;
3043;Sisu - Finlandiyalilarin Cesaret Sanati;Joanna Nylund;Sisu - Finlandiyalilarin Cesaret Sanati. Joanna Nylund;yes;;;2025;160;category?;read?;-;📋;reread?;E-4;homelibrary;https://www.google.com/search?q=Sisu%20-%20Finlandiyalilarin%20Cesaret%20Sanati%20Joanna%20Nylund;https://www.google.com/search?q=Sisu%20-%20Finlandiyalilarin%20Cesaret%20Sanati%20Joanna%20Nylund&tbm=isch;2043; ;
3042;Sifirdan Milyonerlige - Borsaya Yatirim Yapmanin Basit, Etkili ve Stressiz Bir Yolu;Nicolas Berube;Sifirdan Milyonerlige - Borsaya Yatirim Yapmanin Basit, Etkili ve Stressiz Bir Yolu. Nicolas Berube;released;;yes;2025;192;category?;read?;-;📋;reread?;F-2;homelibrary;https://www.google.com/search?q=Sifirdan%20Milyonerlige%20-%20Borsaya%20Yatirim%20Yapmanin%20Basit,%20Etkili%20ve%20Stressiz%20Bir%20Yolu%20Nicolas%20Berube;https://www.google.com/search?q=Sifirdan%20Milyonerlige%20-%20Borsaya%20Yatirim%20Yapmanin%20Basit,%20Etkili%20ve%20Stressiz%20Bir%20Yolu%20Nicolas%20Berube&tbm=isch;2042; ;
3041;Seksizm - Eski Zamanlardan Beri Suregelen Baski;Susan Arndt;Seksizm - Eski Zamanlardan Beri Suregelen Baski. Susan Arndt;yes;;;2025;368;category?;read?;-;📋;reread?;B-8;homelibrary;https://www.google.com/search?q=Seksizm%20-%20Eski%20Zamanlardan%20Beri%20Suregelen%20Baski%20Fareed%20Zakaria;https://www.google.com/search?q=Seksizm%20-%20Eski%20Zamanlardan%20Beri%20Suregelen%20Baski%20Fareed%20Zakaria&tbm=isch;2041; ;
3040;Pandemi Sonrasi Dunya Icin On Ders;Fareed Zakaria;Pandemi Sonrasi Dunya Icin On Ders. Fareed Zakaria;yes;;;2021;304;category?;read?;-;📋;reread?;D-6;homelibrary;https://www.google.com/search?q=Pandemi%20Sonrasi%20Dunya%20Icin%20On%20Ders%20Fareed%20Zakaria;https://www.google.com/search?q=Pandemi%20Sonrasi%20Dunya%20Icin%20On%20Ders%20Fareed%20Zakaria&tbm=isch;2040; ;
3039;Moda Psikolojisi;Rana Kutvan;Moda Psikolojisi. Rana Kutvan;released;;yes;2025;133;Psychology & Mental Life;✅;-;tbr?;reread?;E-7;homelibrary;https://www.google.com/search?q=Moda%20Psikolojisi%20Rana%20Kutvan;https://www.google.com/search?q=Moda%20Psikolojisi%20Rana%20Kutvan&tbm=isch;2039; ;
3038;Ikigai - Japonlarin Mutlu Hayat Sirri;Tim Tamashiro;Ikigai - Japonlarin Mutlu Hayat Sirri. Tim Tamashiro;yes;;;2025;192;category?;read?;-;📋;reread?;E-4;homelibrary;https://www.google.com/search?q=Ikigai%20-%20Japonlarin%20Mutlu%20Hayat%20Sirri%20Tim%20Tamashiro;https://www.google.com/search?q=Ikigai%20-%20Japonlarin%20Mutlu%20Hayat%20Sirri%20Tim%20Tamashiro&tbm=isch;2038; ;
3037;Fika - Isveclilerin Mutluluk Veren Gunluk Kahve Ritueli;Lynda Balsle;Fika - Isveclilerin Mutluluk Veren Gunluk Kahve Ritueli. Lynda Balsle;yes;;;2025;160;Simple Living & Everyday Comforts;✅;-;tbr?;reread?;E-4;homelibrary;https://www.google.com/search?q=Fika%20-%20Isveclilerin%20Mutluluk%20Veren%20Gunluk%20Kahve%20Ritueli%20Lynda%20Balsle;https://www.google.com/search?q=Fika%20-%20Isveclilerin%20Mutluluk%20Veren%20Gunluk%20Kahve%20Ritueli%20Lynda%20Balsle&tbm=isch;2037; ;
3036;Evim Temiz Mutluyum;Mrs Hinch (Sophie Hinchliffe);Evim Temiz Mutluyum. Mrs Hinch (Sophie Hinchliffe);released;;yes;2020;240;Simple Living & Everyday Comforts;✅;-;tbr?;reread?;G-8;homelibrary;https://www.google.com/search?q=Evim%20Temiz%20Mutluyum%20Mrs%20Hinch%20(Sophie%20Hinchliffe);https://www.google.com/search?q=Evim%20Temiz%20Mutluyum%20Mrs%20Hinch%20(Sophie%20Hinchliffe)&tbm=isch;2036; ;
3035;Esaret Altindaki Iliskiler - Tutkunun Anahtari;Esther Perel;Esaret Altindaki Iliskiler - Tutkunun Anahtari. Esther Perel;released;;yes;2025;288;Psychology & Mental Life;✅;-;tbr?;reread?;A-6;homelibrary;https://www.google.com/search?q=Esaret%20Altindaki%20Iliskiler%20-%20Tutkunun%20Anahtari%20Esther%20Perel;https://www.google.com/search?q=Esaret%20Altindaki%20Iliskiler%20-%20Tutkunun%20Anahtari%20Esther%20Perel&tbm=isch;2035; ;
3034;Dunyanin Halleri;David Harvey;Dunyanin Halleri. David Harvey;n/a;;;2019;432;category?;read?;-;📋;reread?;A-6;house-2;https://www.google.com/search?q=Dunyanin%20Halleri%20David%20Harvey;https://www.google.com/search?q=Dunyanin%20Halleri%20David%20Harvey&tbm=isch;2034; ;
3033;Bir Psikiyatristin Gizli Defteri - En Siradisi Vakalar;Gary Small, Gigi Vorgan;Bir Psikiyatristin Gizli Defteri - En Siradisi Vakalar. Gary Small, Gigi Vorgan;yes;;;2018;336;Psychology & Mental Life;✅;-;tbr?;📖;B-8;homelibrary;https://www.google.com/search?q=Bir%20Psikiyatristin%20Gizli%20Defteri%20-%20En%20Siradisi%20Vakalar%20Gary%20Small,%20Gigi%20Vorgan;https://www.google.com/search?q=Bir%20Psikiyatristin%20Gizli%20Defteri%20-%20En%20Siradisi%20Vakalar%20Gary%20Small,%20Gigi%20Vorgan&tbm=isch;2033; ;
3032;Alti Neslin Portresi;Jean M. Twenge;Alti Neslin Portresi. Jean M. Twenge;yes;;;2025;720;category?;read?;-;📋;reread?;A-4;homelibrary;https://www.google.com/search?q=Alti%20Neslin%20Portresi%20Jean%20M.%20Twenge;https://www.google.com/search?q=Alti%20Neslin%20Portresi%20Jean%20M.%20Twenge&tbm=isch;2032; ;
3031;Pivot Yil - Olmak Istediginiz Kisiye Donusmeniz Icin 365 Gun;Brianna Wiest;Pivot Yil - Olmak Istediginiz Kisiye Donusmeniz Icin 365 Gun. Brianna Wiest;yes;;;2025;376;category?;read?;-;📋;reread?;E-6;homelibrary;https://www.google.com/search?q=Pivot%20Yil%20-%20Olmak%20Istediginiz%20Kisiye%20Donusmeniz%20Icin%20365%20Gun%20Brianna%20Wiest;https://www.google.com/search?q=Pivot%20Yil%20-%20Olmak%20Istediginiz%20Kisiye%20Donusmeniz%20Icin%20365%20Gun%20Brianna%20Wiest&tbm=isch;2031; ;
3030;Bir Daha Bak - Hep Orada Olani Fark Etmenin Gucu;Tali Sharot, Cass R. Sunstein;Bir Daha Bak - Hep Orada Olani Fark Etmenin Gucu. Tali Sharot, Cass R. Sunstein;yes;;;2025;252;Psychology & Mental Life;✅;-;📋;reread?;C-7;homelibrary;https://www.google.com/search?q=Bir%20Daha%20Bak%20-%20Hep%20Orada%20Olani%20Fark%20Etmenin%20Gucu%20Tali%20Sharot,%20Cass%20R.%20Sunstein;https://www.google.com/search?q=Bir%20Daha%20Bak%20-%20Hep%20Orada%20Olani%20Fark%20Etmenin%20Gucu%20Tali%20Sharot,%20Cass%20R.%20Sunstein&tbm=isch;2030; ;
3029;Beyin Dunyayi Nasil Olusturdu - Bolunmus Beyin ve Modern Dunyada Yarim Kurelerarasi Asimetri;Iain Mcgilchrist;Beyin Dunyayi Nasil Olusturdu - Bolunmus Beyin ve Modern Dunyada Yarim Kurelerarasi Asimetri. Iain Mcgilchrist;yes;;;2025;920;category?;read?;-;📋;reread?;E-9;homelibrary;https://www.google.com/search?q=Beyin%20Dunyayi%20Nasil%20Olusturdu%20-%20Bolunmus%20Beyin%20ve%20Modern%20Dunyada%20Yarim%20Kurelerarasi%20Asimetri%20Iain%20Mcgilchrist;https://www.google.com/search?q=Beyin%20Dunyayi%20Nasil%20Olusturdu%20-%20Bolunmus%20Beyin%20ve%20Modern%20Dunyada%20Yarim%20Kurelerarasi%20Asimetri%20Iain%20Mcgilchrist&tbm=isch;2029; ;
3028;Psikanalizi Yazmak;Talat Parman;Psikanalizi Yazmak. Talat Parman;yes;;;2021;144;category?;read?;-;📋;reread?;A-6;homelibrary;https://www.google.com/search?q=Psikanalizi%20Yazmak%20Talat%20Parman;https://www.google.com/search?q=Psikanalizi%20Yazmak%20Talat%20Parman&tbm=isch;2028; ;
3027;Psikanaliz Hareketinin Kendini Imhasi;Sebastien Dupont;Psikanaliz Hareketinin Kendini Imhasi. Sebastien Dupont;yes;;;2018;140;category?;read?;-;📋;reread?;A-6;homelibrary;https://www.google.com/search?q=Psikanaliz%20Hareketinin%20Kendini%20Imhasi%20Sebastien%20Dupont;https://www.google.com/search?q=Psikanaliz%20Hareketinin%20Kendini%20Imhasi%20Sebastien%20Dupont&tbm=isch;2027; ;
3026;Gunubirlik Hayatlar;Irvin D. Yalom;Gunubirlik Hayatlar. Irvin D. Yalom;yes;;;2016;208;Psychology & Mental Life;✅;-;tbr?;📖;B-8;homelibrary;https://www.google.com/search?q=Gunubirlik%20Hayatlar%20Irvin%20D.%20Yalom;https://www.google.com/search?q=Gunubirlik%20Hayatlar%20Irvin%20D.%20Yalom&tbm=isch;2026; ;
3025;Emtia Yatirimciliginin Kucuk Kitabi;John Stephenson;Emtia Yatirimciliginin Kucuk Kitabi. John Stephenson;yes;;;2013;202;category?;read?;-;📋;reread?;F-2;homelibrary;https://www.google.com/search?q=Emtia%20Yatirimciliginin%20Kucuk%20Kitabi%20John%20Stephenson;https://www.google.com/search?q=Emtia%20Yatirimciliginin%20Kucuk%20Kitabi%20John%20Stephenson&tbm=isch;2025; ;
3024;Bir Psikiyatristin Anilari;Irvin D. Yalom;Bir Psikiyatristin Anilari. Irvin D. Yalom;yes;;;2017;408;Psychology & Mental Life;✅;-;tbr?;reread?;B-8;homelibrary;https://www.google.com/search?q=Bir%20Psikiyatristin%20Anilari%20Irvin%20D.%20Yalom;https://www.google.com/search?q=Bir%20Psikiyatristin%20Anilari%20Irvin%20D.%20Yalom&tbm=isch;2024; ;
3023;Iki Terapistin Terapi Notlari;Arnold A. Lazarus, Clifford N. Lazarus;Iki Terapistin Terapi Notlari. Arnold A. Lazarus, Clifford N. Lazarus;yes;;;2021;256;category?;✅;-;tbr?;reread?;B-8;homelibrary;https://www.google.com/search?q=Iki%20Terapistin%20Terapi%20Notlari%20Arnold%20A.%20Lazarus,%20Clifford%20N.%20Lazarus;https://www.google.com/search?q=Iki%20Terapistin%20Terapi%20Notlari%20Arnold%20A.%20Lazarus,%20Clifford%20N.%20Lazarus&tbm=isch;2023; ;
3022;Psikoloji 101 - Kisilik ve Motivasyondan Psikolojik Terapilere, Stres ve Ruh Sagligindan Duygulara Psikoloji Hakkinda Bilmeniz Gereken Her Sey;Sandi Mann;Psikoloji 101 - Kisilik ve Motivasyondan Psikolojik Terapilere, Stres ve Ruh Sagligindan Duygulara Psikoloji Hakkinda Bilmeniz Gereken Her Sey. Sandi Mann;no;;;2025;360;category?;read?;-;tbr?;reread?;D-3;homelibrary;https://www.google.com/search?q=Psikoloji%20101%20-%20Kisilik%20ve%20Motivasyondan%20Psikolojik%20Terapilere,%20Stres%20ve%20Ruh%20Sagligindan%20Duygulara%20Psikoloji%20Hakkinda%20Bilmeniz%20Gereken%20Her%20Sey%20Sandi%20Mann;https://www.google.com/search?q=Psikoloji%20101%20-%20Kisilik%20ve%20Motivasyondan%20Psikolojik%20Terapilere,%20Stres%20ve%20Ruh%20Sagligindan%20Duygulara%20Psikoloji%20Hakkinda%20Bilmeniz%20Gereken%20Her%20Sey%20Sandi%20Mann&tbm=isch;2022; ;
3021;Kendi Kendine Psikoterapi;Tammi Miller;Kendi Kendine Psikoterapi. Tammi Miller;yes;;;2024;312;category?;read?;-;📋;reread?;A-7;homelibrary;https://www.google.com/search?q=Kendi%20Kendine%20Psikoterapi%20Tammi%20Miller;https://www.google.com/search?q=Kendi%20Kendine%20Psikoterapi%20Tammi%20Miller&tbm=isch;2021; ;
3020;Et Yiyenler Arasinda Yasamak - Vejetaryenler ve Veganlar Icin Hayatta kalma Rehberi;Carol J. Adams;Et Yiyenler Arasinda Yasamak - Vejetaryenler ve Veganlar Icin Hayatta kalma Rehberi. Carol J. Adams;n/a;;;2025;352;category?;read?;-;📋;reread?;G-4;house-2;https://www.google.com/search?q=Et%20Yiyenler%20Arasinda%20Yasamak%20-%20Vejetaryenler%20ve%20Veganlar%20Icin%20Hayatta%20kalma%20Rehberi%20Carol%20J.%20Adams;https://www.google.com/search?q=Et%20Yiyenler%20Arasinda%20Yasamak%20-%20Vejetaryenler%20ve%20Veganlar%20Icin%20Hayatta%20kalma%20Rehberi%20Carol%20J.%20Adams&tbm=isch;2020; ;
3019;Wabi-Sabi - Kusurdaki Bilgelik - Japonlarin Kusurlari Sevebilme Sanati;Nobuo Suzuki;Wabi-Sabi - Kusurdaki Bilgelik - Japonlarin Kusurlari Sevebilme Sanati. Nobuo Suzuki;yes;;;2024;166;category?;read?;-;📋;reread?;E-4;homelibrary;https://www.google.com/search?q=Wabi-Sabi%20-%20Kusurdaki%20Bilgelik%20-%20Japonlarin%20Kusurlari%20Sevebilme%20Sanati%20Nobuo%20Suzuki;https://www.google.com/search?q=Wabi-Sabi%20-%20Kusurdaki%20Bilgelik%20-%20Japonlarin%20Kusurlari%20Sevebilme%20Sanati%20Nobuo%20Suzuki&tbm=isch;2019; ;
3018;Bilincin Dogasi ve Gucu - Zaman Duracak ve Siz Sadece Sonsuzlukta Yasayacaksiniz;James Allen;Bilincin Dogasi ve Gucu - Zaman Duracak ve Siz Sadece Sonsuzlukta Yasayacaksiniz. James Allen;yes;;;2025;144;category?;read?;-;📋;reread?;G-7;homelibrary;https://www.google.com/search?q=Bilincin%20Dogasi%20ve%20Gucu%20-%20Zaman%20Duracak%20ve%20Siz%20Sadece%20Sonsuzlukta%20Yasayacaksiniz%20James%20Allen;https://www.google.com/search?q=Bilincin%20Dogasi%20ve%20Gucu%20-%20Zaman%20Duracak%20ve%20Siz%20Sadece%20Sonsuzlukta%20Yasayacaksiniz%20James%20Allen&tbm=isch;2018; ;
3017;Aciklamali Bilinc Haritasi - En Yuksek Potansiyelinizi Ortaya Cikarmak Icin Kanitlanmis Bir Enerji Olcegi;David R. Hawkins;Aciklamali Bilinc Haritasi - En Yuksek Potansiyelinizi Ortaya Cikarmak Icin Kanitlanmis Bir Enerji Olcegi. David R. Hawkins;yes;;;2023;304;category?;read?;-;📋;reread?;F-3;homelibrary;https://www.google.com/search?q=Aciklamali%20Bilinc%20Haritasi%20-%20En%20Yuksek%20Potansiyelinizi%20Ortaya%20Cikarmak%20Icin%20Kanitlanmis%20Bir%20Enerji%20Olcegi%20David%20R.%20Hawkins;https://www.google.com/search?q=Aciklamali%20Bilinc%20Haritasi%20-%20En%20Yuksek%20Potansiyelinizi%20Ortaya%20Cikarmak%20Icin%20Kanitlanmis%20Bir%20Enerji%20Olcegi%20David%20R.%20Hawkins&tbm=isch;2017; ;
3016;Namaste - Mutluluga Kendini Gelistirmeye ve Basariya Giden Yol;Francesc Miralles, Hector Garcia;Namaste - Mutluluga Kendini Gelistirmeye ve Basariya Giden Yol. Francesc Miralles, Hector Garcia;no;;;2025;234;category?;read?;-;📋;reread?;E-5;homelibrary;https://www.google.com/search?q=Namaste%20-%20Mutluluga%20Kendini%20Gelistirmeye%20ve%20Basariya%20Giden%20Yol%20Francesc%20Miralles,%20Hector%20Garcia;https://www.google.com/search?q=Namaste%20-%20Mutluluga%20Kendini%20Gelistirmeye%20ve%20Basariya%20Giden%20Yol%20Francesc%20Miralles,%20Hector%20Garcia&tbm=isch;2016; ;
3015;Iyilestiren Iliskiler - Terapideki Diyaloglar Uzerine Yorumlar;Richard G. Erskine;Iyilestiren Iliskiler - Terapideki Diyaloglar Uzerine Yorumlar. Richard G. Erskine;yes;;;2024;204;category?;✅;-;tbr?;📖;B-6;homelibrary;https://www.google.com/search?q=Iyilestiren%20Iliskiler%20-%20Terapideki%20Diyaloglar%20Uzerine%20Yorumlar%20Richard%20G.%20Erskine;https://www.google.com/search?q=Iyilestiren%20Iliskiler%20-%20Terapideki%20Diyaloglar%20Uzerine%20Yorumlar%20Richard%20G.%20Erskine&tbm=isch;2015; ;
3014;Borderline - Bir Kisilik Bozuklugunun Biyografisi;Alexander Kriss;Borderline - Bir Kisilik Bozuklugunun Biyografisi. Alexander Kriss;yes;;;2024;360;category?;read?;-;📋;reread?;A-7;homelibrary;https://www.google.com/search?q=Borderline%20-%20Bir%20Kisilik%20Bozuklugunun%20Biyografisi%20Alexander%20Kriss;https://www.google.com/search?q=Borderline%20-%20Bir%20Kisilik%20Bozuklugunun%20Biyografisi%20Alexander%20Kriss&tbm=isch;2014; ;
3013;Turkiye’de Genc Olmak - 2017-2024 Sia Insight Turkiye Genclik Arastirmasi;Fatos Karahasan;Turkiye’de Genc Olmak - 2017-2024 Sia Insight Turkiye Genclik Arastirmasi. Fatos Karahasan;no;;;2024;336;category?;read?;-;tbr?;reread?;F-1;homelibrary;https://www.google.com/search?q=Turkiye%E2%80%99de%20Genc%20Olmak%20-%202017-2024%20Sia%20Insight%20Turkiye%20Genclik%20Arastirmasi%20Fatos%20Karahasan;https://www.google.com/search?q=Turkiye%E2%80%99de%20Genc%20Olmak%20-%202017-2024%20Sia%20Insight%20Turkiye%20Genclik%20Arastirmasi%20Fatos%20Karahasan&tbm=isch;2013; ;
3012;Saglik Salgini;Barbara Ehrenreich;Saglik Salgini. Barbara Ehrenreich;yes;;;2021;200;category?;✅;-;tbr?;reread?;B-9;homelibrary;https://www.google.com/search?q=Saglik%20Salgini%20Barbara%20Ehrenreich;https://www.google.com/search?q=Saglik%20Salgini%20Barbara%20Ehrenreich&tbm=isch;2012; ;
3011;Ruhun Plani;Robert Schwartz;Ruhun Plani. Robert Schwartz;yes;;;2024;368;category?;read?;-;tbr?;reread?;G-8;homelibrary;https://www.google.com/search?q=Ruhun%20Plani%20Robert%20Schwartz;https://www.google.com/search?q=Ruhun%20Plani%20Robert%20Schwartz&tbm=isch;2011; ;
3010;Olmek Istiyorum Ama Tteokbokki de Yemek Istiyorum;Baek Sehee;Olmek Istiyorum Ama Tteokbokki de Yemek Istiyorum. Baek Sehee;yes;;;2024;144;Psychology & Mental Life;✅;-;tbr?;📖;A-7;homelibrary;https://www.google.com/search?q=Olmek%20Istiyorum%20Ama%20Tteokbokki%20de%20Yemek%20Istiyorum%20Baek%20Sehee;https://www.google.com/search?q=Olmek%20Istiyorum%20Ama%20Tteokbokki%20de%20Yemek%20Istiyorum%20Baek%20Sehee&tbm=isch;2010; ;
3009;Iyi Hissetmek El Kitabi;David Burns;Iyi Hissetmek El Kitabi. David Burns;yes;;;2024;680;category?;read?;-;📋;reread?;A-7;homelibrary;https://www.google.com/search?q=Iyi%20Hissetmek%20El%20Kitabi%20David%20Burns;https://www.google.com/search?q=Iyi%20Hissetmek%20El%20Kitabi%20David%20Burns&tbm=isch;2009; ;
3008;Ikinci Benlik - Bilgisatarlar ve Insan Ruhu;Sherry Turkle;Ikinci Benlik - Bilgisatarlar ve Insan Ruhu. Sherry Turkle;n/a;;;2024;394;category?;read?;-;📋;reread?;D-7;house-2;https://www.google.com/search?q=Ikinci%20Benlik%20-%20Bilgisatarlar%20ve%20Insan%20Ruhu%20Sherry%20Turkle;https://www.google.com/search?q=Ikinci%20Benlik%20-%20Bilgisatarlar%20ve%20Insan%20Ruhu%20Sherry%20Turkle&tbm=isch;2008; ;
3007;Ekrandaki Hayat - Internet Caginda Kimlik;Sherry Turkle;Ekrandaki Hayat - Internet Caginda Kimlik. Sherry Turkle;n/a;;;2024;381;category?;read?;-;📋;reread?;D-7;house-2;https://www.google.com/search?q=Ekrandaki%20Hayat%20-%20Internet%20Caginda%20Kimlik%20Sherry%20Turkle;https://www.google.com/search?q=Ekrandaki%20Hayat%20-%20Internet%20Caginda%20Kimlik%20Sherry%20Turkle&tbm=isch;2007; ;
3006;Depresyonun Estetigi ve Politikasi - Yerinde Saymak;Mikkel Krause Frantzen;Depresyonun Estetigi ve Politikasi - Yerinde Saymak. Mikkel Krause Frantzen;yes;;;2024;224;category?;read?;-;📋;reread?;A-7;homelibrary;https://www.google.com/search?q=Depresyonun%20Estetigi%20ve%20Politikasi%20-%20Yerinde%20Saymak%20Mikkel%20Krause%20Frantzen;https://www.google.com/search?q=Depresyonun%20Estetigi%20ve%20Politikasi%20-%20Yerinde%20Saymak%20Mikkel%20Krause%20Frantzen&tbm=isch;2006; ;
3005;Bugun Yeniden Basliyorsun - Terapi Odasindan Tavsiyeler;Lucy Maddox;Bugun Yeniden Basliyorsun - Terapi Odasindan Tavsiyeler. Lucy Maddox;yes;;;2025;256;category?;read?;-;📋;reread?;B-9;homelibrary;https://www.google.com/search?q=Bugun%20Yeniden%20Basliyorsun%20-%20Terapi%20Odasindan%20Tavsiyeler%20Lucy%20Maddox;https://www.google.com/search?q=Bugun%20Yeniden%20Basliyorsun%20-%20Terapi%20Odasindan%20Tavsiyeler%20Lucy%20Maddox&tbm=isch;2005; ;
3004;Birlikte Iyi Hissetmek - Sorunlu Iliskileri Yoluna Koymanin Sirri;David Burns;Birlikte Iyi Hissetmek - Sorunlu Iliskileri Yoluna Koymanin Sirri. David Burns;yes;;;2019;320;category?;read?;-;📋;reread?;A-7;homelibrary;https://www.google.com/search?q=Birlikte%20Iyi%20Hissetmek%20-%20Sorunlu%20Iliskileri%20Yoluna%20Koymanin%20Sirri%20David%20Burns;https://www.google.com/search?q=Birlikte%20Iyi%20Hissetmek%20-%20Sorunlu%20Iliskileri%20Yoluna%20Koymanin%20Sirri%20David%20Burns&tbm=isch;2004; ;
3003;Bilim Tohumlari - GDO’yu Nasil Bu Kadar Yanlis Anladik?;Mark Lynas;Bilim Tohumlari - GDO’yu Nasil Bu Kadar Yanlis Anladik?. Mark Lynas;yes;;;2021;312;category?;read?;-;📋;reread?;F-6;homelibrary;https://www.google.com/search?q=Bilim%20Tohumlari%20-%20GDO%E2%80%99yu%20Nasil%20Bu%20Kadar%20Yanlis%20Anladik?%20Mark%20Lynas;https://www.google.com/search?q=Bilim%20Tohumlari%20-%20GDO%E2%80%99yu%20Nasil%20Bu%20Kadar%20Yanlis%20Anladik?%20Mark%20Lynas&tbm=isch;2003; ;
3002;Amerika;Jean Baudrillard;Amerika. Jean Baudrillard;yes;;;2000;150;category?;read?;-;tbr?;reread?;E-7;homelibrary;https://www.google.com/search?q=Amerika%20Jean%20Baudrillard;https://www.google.com/search?q=Amerika%20Jean%20Baudrillard&tbm=isch;2002; ;
3001;Doganin Sonu;Bill McKibben;Doganin Sonu. Bill McKibben;no;;;2015;225;category?;read?;-;tbr?;reread?;F-6;homelibrary;https://www.google.com/search?q=Doganin%20Sonu%20Bill%20McKibben;https://www.google.com/search?q=Doganin%20Sonu%20Bill%20McKibben&tbm=isch;2001; ;
3000;The Beauty Myth - How Images Of Beauty Are Used Against Women;Naomi Wolf;The Beauty Myth - How Images Of Beauty Are Used Against Women. Naomi Wolf;yes;;;1991;347;category?;read?;-;tbr?;reread?;F-7;homelibrary;https://www.google.com/search?q=The%20Beauty%20Myth%20-%20How%20Images%20Of%20Beauty%20Are%20Used%20Against%20Women%20Naomi%20Wolf;https://www.google.com/search?q=The%20Beauty%20Myth%20-%20How%20Images%20Of%20Beauty%20Are%20Used%20Against%20Women%20Naomi%20Wolf&tbm=isch;2000; ;
2999;Manifest Gunlugu - Dilediginiz Gercekligi Yaratarak Kisisel Potansiyelinizi Ortaya Cikarin;Gill Thackray;Manifest Gunlugu - Dilediginiz Gercekligi Yaratarak Kisisel Potansiyelinizi Ortaya Cikarin. Gill Thackray;no;;;2024;128;category?;read?;-;tbr?;reread?;E-5;homelibrary;https://www.google.com/search?q=Manifest%20Gunlugu%20-%20Dilediginiz%20Gercekligi%20Yaratarak%20Kisisel%20Potansiyelinizi%20Ortaya%20Cikarin%20Gill%20Thackray;https://www.google.com/search?q=Manifest%20Gunlugu%20-%20Dilediginiz%20Gercekligi%20Yaratarak%20Kisisel%20Potansiyelinizi%20Ortaya%20Cikarin%20Gill%20Thackray&tbm=isch;1999; ;
2998;Sezgi Pompalari ve Diger Dusunme Aletleri;Daniel C. Dennett;Sezgi Pompalari ve Diger Dusunme Aletleri. Daniel C. Dennett;yes;;;2018;444;category?;read?;-;📋;reread?;D-5;homelibrary;https://www.google.com/search?q=Sezgi%20Pompalari%20ve%20Diger%20Dusunme%20Aletleri%20Daniel%20C.%20Dennett;https://www.google.com/search?q=Sezgi%20Pompalari%20ve%20Diger%20Dusunme%20Aletleri%20Daniel%20C.%20Dennett&tbm=isch;1998; ;
2997;Gelecek Dusundugunuzden Daha Yakin - Teknoloji Is Hayatini, Sanayiyi ve Gunluk Hayatimizi Nasil Donusturuyor?;Peter H. Diamandis, Steven Kotler;Gelecek Dusundugunuzden Daha Yakin - Teknoloji Is Hayatini, Sanayiyi ve Gunluk Hayatimizi Nasil Donusturuyor?. Peter H. Diamandis, Steven Kotler;no;;;2024;384;category?;✅;-;tbr?;reread?;H-6;homelibrary;https://www.google.com/search?q=Gelecek%20Dusundugunuzden%20Daha%20Yakin%20-%20Teknoloji%20Is%20Hayatini,%20Sanayiyi%20ve%20Gunluk%20Hayatimizi%20Nasil%20Donusturuyor?%20Peter%20H.%20Diamandis,%20Steven%20Kotler;https://www.google.com/search?q=Gelecek%20Dusundugunuzden%20Daha%20Yakin%20-%20Teknoloji%20Is%20Hayatini,%20Sanayiyi%20ve%20Gunluk%20Hayatimizi%20Nasil%20Donusturuyor?%20Peter%20H.%20Diamandis,%20Steven%20Kotler&tbm=isch;1997; ;
2996;Normalligin Deliligi - Hastalik Olarak Gercekcilik - Insandaki Yikicilik Uzerine Bir Kuram;Arno Gruen;Normalligin Deliligi - Hastalik Olarak Gercekcilik - Insandaki Yikicilik Uzerine Bir Kuram. Arno Gruen;yes;;;2024;272;category?;read?;-;📋;reread?;B-8;homelibrary;https://www.google.com/search?q=Normalligin%20Deliligi%20-%20Hastalik%20Olarak%20Gercekcilik%20-%20Insandaki%20Yikicilik%20Uzerine%20Bir%20Kuram%20Arno%20Gruen;https://www.google.com/search?q=Normalligin%20Deliligi%20-%20Hastalik%20Olarak%20Gercekcilik%20-%20Insandaki%20Yikicilik%20Uzerine%20Bir%20Kuram%20Arno%20Gruen&tbm=isch;1996; ;
2995;Mafya, Eroin, Devlet - Turkiye’nin Alacakaranligi;Ryan Gingeras;Mafya, Eroin, Devlet - Turkiye’nin Alacakaranligi. Ryan Gingeras;released;;yes;2024;480;History & Political Thought;✅;-;tbr?;reread?;H-5;homelibrary;https://www.google.com/search?q=Mafya,%20Eroin,%20Devlet%20-%20Turkiye%E2%80%99nin%20Alacakaranligi%20Ryan%20Gingeras;https://www.google.com/search?q=Mafya,%20Eroin,%20Devlet%20-%20Turkiye%E2%80%99nin%20Alacakaranligi%20Ryan%20Gingeras&tbm=isch;1995; ;
2994;Buyuk Kaos - Iklim Degisikligi ve Hic Dusunulmeyenler;Amitav Ghosh;Buyuk Kaos - Iklim Degisikligi ve Hic Dusunulmeyenler. Amitav Ghosh;yes;;;2022;206;category?;read?;-;📋;reread?;G-6;homelibrary;https://www.google.com/search?q=Buyuk%20Kaos%20-%20Iklim%20Degisikligi%20ve%20Hic%20Dusunulmeyenler%20Amitav%20Ghosh;https://www.google.com/search?q=Buyuk%20Kaos%20-%20Iklim%20Degisikligi%20ve%20Hic%20Dusunulmeyenler%20Amitav%20Ghosh&tbm=isch;1994; ;
2993;Buyurun Ziyafete;Vedat Milor, Besim Hatinoğlu;Buyurun Ziyafete. Vedat Milor, Besim Hatinoğlu;released;;yes;2023;264;category?;✅;-;tbr?;reread?;G-6;homelibrary;https://www.google.com/search?q=Buyurun%20Ziyafete%20Vedat%20Milor,%20Besim%20Hatino%C4%9Flu;https://www.google.com/search?q=Buyurun%20Ziyafete%20Vedat%20Milor,%20Besim%20Hatino%C4%9Flu&tbm=isch;1993; ;
2992;Askin Normal Kaosu;Ulrich Beck, Elisabeth Beck-Gernsheim;Askin Normal Kaosu. Ulrich Beck, Elisabeth Beck-Gernsheim;n/a;;;2012;414;category?;read?;-;📋;reread?;G-5;house-2;https://www.google.com/search?q=Askin%20Normal%20Kaosu%20Ulrich%20Beck,%20Elisabeth%20Beck-Gernsheim;https://www.google.com/search?q=Askin%20Normal%20Kaosu%20Ulrich%20Beck,%20Elisabeth%20Beck-Gernsheim&tbm=isch;1992; ;
2991;Kahve Tutkununun El Kitabi;Candace Rose Rardon;Kahve Tutkununun El Kitabi. Candace Rose Rardon;no;;;2024;183;Simple Living & Everyday Comforts;✅;-;tbr?;reread?;G-6;homelibrary;https://www.google.com/search?q=Kahve%20Tutkununun%20El%20Kitabi%20Candace%20Rose%20Rardon;https://www.google.com/search?q=Kahve%20Tutkununun%20El%20Kitabi%20Candace%20Rose%20Rardon&tbm=isch;1991; ;
2990;Risk Toplumu - Baska Bir Modernlige Dogru;Ulrich Beck;Risk Toplumu - Baska Bir Modernlige Dogru. Ulrich Beck;n/a;;;2025;392;category?;read?;-;📋;reread?;G-5;house-2;https://www.google.com/search?q=Risk%20Toplumu%20-%20Baska%20Bir%20Modernlige%20Dogru%20Ulrich%20Beck;https://www.google.com/search?q=Risk%20Toplumu%20-%20Baska%20Bir%20Modernlige%20Dogru%20Ulrich%20Beck&tbm=isch;1990; ;
2989;Her Gun Yeni Bir Hayat;Louise L. Hay;Her Gun Yeni Bir Hayat. Louise L. Hay;no;;;2019;248;category?;read?;-;📋;reread?;F-3;homelibrary;https://www.google.com/search?q=Her%20Gun%20Yeni%20Bir%20Hayat%20Louise%20L.%20Hay;https://www.google.com/search?q=Her%20Gun%20Yeni%20Bir%20Hayat%20Louise%20L.%20Hay&tbm=isch;1989; ;
2988;Iyi Hissetme Sanati - Uygulama Rehberi;Mark Williams, John Teasdale, Zindel Segal;Iyi Hissetme Sanati - Uygulama Rehberi. Mark Williams, John Teasdale, Zindel Segal;yes;;;2024;280;category?;read?;-;tbr?;reread?;G-7;homelibrary;https://www.google.com/search?q=Iyi%20Hissetme%20Sanati%20-%20Uygulama%20Rehberi%20Mark%20Williams,%20John%20Teasdale,%20Zindel%20Segal;https://www.google.com/search?q=Iyi%20Hissetme%20Sanati%20-%20Uygulama%20Rehberi%20Mark%20Williams,%20John%20Teasdale,%20Zindel%20Segal&tbm=isch;1988; ;
2987;Bedenin Gizli Gucu;David JP Phillips;Bedenin Gizli Gucu. David JP Phillips;yes;;;2024;192;category?;read?;-;📋;reread?;G-7;homelibrary;https://www.google.com/search?q=Bedenin%20Gizli%20Gucu%20David%20JP%20Phillips;https://www.google.com/search?q=Bedenin%20Gizli%20Gucu%20David%20JP%20Phillips&tbm=isch;1987; ;
2986;Gorme ve Cinsellik;Jacqueline Rose;Gorme ve Cinsellik. Jacqueline Rose;yes;;;2024;248;category?;read?;-;📋;reread?;B-8;homelibrary;https://www.google.com/search?q=Gorme%20ve%20Cinsellik%20Jacqueline%20Rose;https://www.google.com/search?q=Gorme%20ve%20Cinsellik%20Jacqueline%20Rose&tbm=isch;1986; ;
2985;Hayatin Gizli Hazlari - Gecmisi Hatirlayip Gelecegi Hayal Etmenin Yeni Bir Yolu;Theodore Zeldin;Hayatin Gizli Hazlari - Gecmisi Hatirlayip Gelecegi Hayal Etmenin Yeni Bir Yolu. Theodore Zeldin;n/a;;;2021;400;category?;read?;-;📋;reread?;C-7;house-2;https://www.google.com/search?q=Hayatin%20Gizli%20Hazlari%20-%20Gecmisi%20Hatirlayip%20Gelecegi%20Hayal%20Etmenin%20Yeni%20Bir%20Yolu%20Theodore%20Zeldin;https://www.google.com/search?q=Hayatin%20Gizli%20Hazlari%20-%20Gecmisi%20Hatirlayip%20Gelecegi%20Hayal%20Etmenin%20Yeni%20Bir%20Yolu%20Theodore%20Zeldin&tbm=isch;1985; ;
2984;Insanligin Mahrem Tarihi;Theodore Zeldin;Insanligin Mahrem Tarihi. Theodore Zeldin;yes;;;2023;528;category?;read?;-;📋;reread?;C-7;homelibrary;https://www.google.com/search?q=Insanligin%20Mahrem%20Tarihi%20Theodore%20Zeldin;https://www.google.com/search?q=Insanligin%20Mahrem%20Tarihi%20Theodore%20Zeldin&tbm=isch;1984; ;
2983;Kalp Gucuyle Tedavi;Louise L. Hay, David Kessler;Kalp Gucuyle Tedavi. Louise L. Hay, David Kessler;yes;;;2023;200;category?;read?;-;📋;reread?;G-7;homelibrary;https://www.google.com/search?q=Kalp%20Gucuyle%20Tedavi%20Louise%20L.%20Hay,%20David%20Kessler;https://www.google.com/search?q=Kalp%20Gucuyle%20Tedavi%20Louise%20L.%20Hay,%20David%20Kessler&tbm=isch;1983; ;
2982;Pozitif Gucun Buyusu - Icinizdeki Gucu Kesfedin;Louise L. Hay;Pozitif Gucun Buyusu - Icinizdeki Gucu Kesfedin. Louise L. Hay;yes;;;2019;275;category?;read?;-;📋;reread?;G-7;homelibrary;https://www.google.com/search?q=Pozitif%20Gucun%20Buyusu%20-%20Icinizdeki%20Gucu%20Kesfedin%20Louise%20L.%20Hay;https://www.google.com/search?q=Pozitif%20Gucun%20Buyusu%20-%20Icinizdeki%20Gucu%20Kesfedin%20Louise%20L.%20Hay&tbm=isch;1982; ;
2981;Kimse Normal Degil - Zihinsel Rahatsizliklari Damgalayan Kultur;Roy Richard Grinker;Kimse Normal Degil - Zihinsel Rahatsizliklari Damgalayan Kultur. Roy Richard Grinker;n/a;;;2022;492;category?;read?;-;📋;reread?;B-8;house-2;https://www.google.com/search?q=Kimse%20Normal%20Degil%20-%20Zihinsel%20Rahatsizliklari%20Damgalayan%20Kultur%20Roy%20Richard%20Grinker;https://www.google.com/search?q=Kimse%20Normal%20Degil%20-%20Zihinsel%20Rahatsizliklari%20Damgalayan%20Kultur%20Roy%20Richard%20Grinker&tbm=isch;1981; ;
2980;Baglanma - Aski Bulmanin ve Korumanin Bilimsel Yollari;Amir Levine, Rachel Heller;Baglanma - Aski Bulmanin ve Korumanin Bilimsel Yollari. Amir Levine, Rachel Heller;yes;;;2023;239;Psychology & Mental Life;✅;-;tbr?;📖;C-6;homelibrary;https://www.google.com/search?q=Baglanma%20-%20Aski%20Bulmanin%20ve%20Korumanin%20Bilimsel%20Yollari%20Amir%20Levine,%20%20Rachel%20Heller;https://www.google.com/search?q=Baglanma%20-%20Aski%20Bulmanin%20ve%20Korumanin%20Bilimsel%20Yollari%20Amir%20Levine,%20%20Rachel%20Heller&tbm=isch;1980; ;
2979;Kendine Ihanet - Kadin ve Erkekte Ozerklik Korkusu;Arno Gruen;Kendine Ihanet - Kadin ve Erkekte Ozerklik Korkusu. Arno Gruen;yes;;;2020;191;category?;read?;-;📋;reread?;B-8;homelibrary;https://www.google.com/search?q=Kendine%20Ihanet%20-%20Kadin%20ve%20Erkekte%20Ozerklik%20Korkusu%20Arno%20Gruen;https://www.google.com/search?q=Kendine%20Ihanet%20-%20Kadin%20ve%20Erkekte%20Ozerklik%20Korkusu%20Arno%20Gruen&tbm=isch;1979; ;
2978;Dijital Cehennem - Bir Like'in Ucuna Yolculuk;Guillaume Pitron;Dijital Cehennem - Bir Like'in Ucuna Yolculuk. Guillaume Pitron;yes;;;2023;264;category?;read?;-;📋;reread?;C-5;homelibrary;https://www.google.com/search?q=Dijital%20Cehennem%20-%20Bir%20Like%27in%20Ucuna%20Yolculuk%20Guillaume%20Pitron;https://www.google.com/search?q=Dijital%20Cehennem%20-%20Bir%20Like%27in%20Ucuna%20Yolculuk%20Guillaume%20Pitron&tbm=isch;1978; ;
2977;Yedek Parca - Doku ve Organ Nakillerinin Sasirtici Oykusu;Paul Craddock;Yedek Parca - Doku ve Organ Nakillerinin Sasirtici Oykusu. Paul Craddock;yes;;;2024;264;category?;read?;-;📋;reread?;B-9;homelibrary;https://www.google.com/search?q=Yedek%20Parca%20-%20Doku%20ve%20Organ%20Nakillerinin%20Sasirtici%20Oykusu%20Paul%20Craddock;https://www.google.com/search?q=Yedek%20Parca%20-%20Doku%20ve%20Organ%20Nakillerinin%20Sasirtici%20Oykusu%20Paul%20Craddock&tbm=isch;1977; ;
2976;Her Sey Nasil Cokebilir? – Simdiki Nesiller Icin Cokusbilim Elkitabi;Pablo Servigne, Raphaël Stevens;Her Sey Nasil Cokebilir? – Simdiki Nesiller Icin Cokusbilim Elkitabi. Pablo Servigne, Raphaël Stevens;yes;;;2024;224;category?;read?;-;📋;reread?;C-5;homelibrary;https://www.google.com/search?q=Her%20Sey%20Nasil%20Cokebilir?%20%E2%80%93%20Simdiki%20Nesiller%20Icin%20Cokusbilim%20Elkitabi%20Pablo%20Servigne,%20Rapha%C3%ABl%20Stevens;https://www.google.com/search?q=Her%20Sey%20Nasil%20Cokebilir?%20%E2%80%93%20Simdiki%20Nesiller%20Icin%20Cokusbilim%20Elkitabi%20Pablo%20Servigne,%20Rapha%C3%ABl%20Stevens&tbm=isch;1976; ;
2975;Fashion - A Philosophy;Lars Svendsen;Fashion - A Philosophy. Lars Svendsen;yes;;;2006;188;category?;read?;-;📋;reread?;F-7;homelibrary;https://www.google.com/search?q=Fashion%20-%20A%20Philosophy%20Lars%20Svendsen;https://www.google.com/search?q=Fashion%20-%20A%20Philosophy%20Lars%20Svendsen&tbm=isch;1975; ;
2974;Piyasayi Altust Eden Kucuk Kitap - Para Kazanmanin Sihirli Formulu;Joel Greenblatt;Piyasayi Altust Eden Kucuk Kitap - Para Kazanmanin Sihirli Formulu. Joel Greenblatt;yes;;;2006;168;category?;read?;-;📋;reread?;F-2;homelibrary;https://www.google.com/search?q=Piyasayi%20Altust%20Eden%20Kucuk%20Kitap%20-%20Para%20Kazanmanin%20Sihirli%20Formulu%20Joel%20Greenblatt;https://www.google.com/search?q=Piyasayi%20Altust%20Eden%20Kucuk%20Kitap%20-%20Para%20Kazanmanin%20Sihirli%20Formulu%20Joel%20Greenblatt&tbm=isch;1974; ;
2973;Akilli Yatirimci;Benjamin Graham;Akilli Yatirimci. Benjamin Graham;no;;;2020;648;category?;read?;-;📋;reread?;F-2;homelibrary;https://www.google.com/search?q=Akilli%20Yatirimci%20Benjamin%20Graham;https://www.google.com/search?q=Akilli%20Yatirimci%20Benjamin%20Graham&tbm=isch;1973; ;
2972;Borsadan Gecinmenin Yollari;Alexander Elder;Borsadan Gecinmenin Yollari. Alexander Elder;released;;yes;2024;488;category?;read?;-;📋;reread?;F-2;homelibrary;https://www.google.com/search?q=Borsadan%20Gecinmenin%20Yollari%20Alexander%20Elder;https://www.google.com/search?q=Borsadan%20Gecinmenin%20Yollari%20Alexander%20Elder&tbm=isch;1972; ;
2971;Gorsel Yatirimci - Borsada Teknik Analiz;John J. Murphy;Gorsel Yatirimci - Borsada Teknik Analiz. John J. Murphy;released;;yes;2024;296;category?;read?;-;📋;reread?;F-2;homelibrary;https://www.google.com/search?q=Gorsel%20Yatirimci%20-%20Borsada%20Teknik%20Analiz%20John%20J.%20Murphy;https://www.google.com/search?q=Gorsel%20Yatirimci%20-%20Borsada%20Teknik%20Analiz%20John%20J.%20Murphy&tbm=isch;1971; ;
2970;Bollinger Bantlari;John Bollinger;Bollinger Bantlari. John Bollinger;released;;yes;2021;228;category?;read?;-;📋;reread?;F-2;homelibrary;https://www.google.com/search?q=Bollinger%20Bantlari%20John%20Bollinger;https://www.google.com/search?q=Bollinger%20Bantlari%20John%20Bollinger&tbm=isch;1970; ;
2969;Doppelganger - Ayna Dunyaya Yolculuk;Naomi Klein;Doppelganger - Ayna Dunyaya Yolculuk. Naomi Klein;yes;;;2024;416;category?;✅;-;tbr?;reread?;G-5;homelibrary;https://www.google.com/search?q=Doppelganger%20-%20Ayna%20Dunyaya%20Yolculuk%20Naomi%20Klein;https://www.google.com/search?q=Doppelganger%20-%20Ayna%20Dunyaya%20Yolculuk%20Naomi%20Klein&tbm=isch;1969; ;
2968;Veganligi Anlamak - Hayvanlarin Ahlaki Degeri;Gary L. Francione;Veganligi Anlamak - Hayvanlarin Ahlaki Degeri. Gary L. Francione;yes;;;2024;192;category?;read?;-;📋;reread?;G-4;homelibrary;https://www.google.com/search?q=Veganligi%20Anlamak%20-%20Hayvanlarin%20Ahlaki%20Degeri%20Gary%20L.%20Francione;https://www.google.com/search?q=Veganligi%20Anlamak%20-%20Hayvanlarin%20Ahlaki%20Degeri%20Gary%20L.%20Francione&tbm=isch;1968; ;
2967;Baglanma ve Kaybetme 3 - Kaybetme;John Bowlby;Baglanma ve Kaybetme 3 - Kaybetme. John Bowlby;yes;;;2021;528;category?;read?;-;📋;reread?;A-10;homelibrary;https://www.google.com/search?q=Baglanma%20ve%20Kaybetme%203%20-%20Kaybetme%20John%20Bowlby;https://www.google.com/search?q=Baglanma%20ve%20Kaybetme%203%20-%20Kaybetme%20John%20Bowlby&tbm=isch;1967; ;
2966;Baglanma ve Kaybetme 2 - Ayrilma;John Bowlby;Baglanma ve Kaybetme 2 - Ayrilma. John Bowlby;yes;;;2021;528;category?;read?;-;📋;reread?;A-10;homelibrary;https://www.google.com/search?q=Baglanma%20ve%20Kaybetme%202%20-%20Ayrilma%20John%20Bowlby;https://www.google.com/search?q=Baglanma%20ve%20Kaybetme%202%20-%20Ayrilma%20John%20Bowlby&tbm=isch;1966; ;
2965;Baglanma ve Kaybetme 1 - Baglanma;John Bowlby;Baglanma ve Kaybetme 1 - Baglanma. John Bowlby;yes;;;2013;480;category?;read?;-;📋;reread?;A-10;homelibrary;https://www.google.com/search?q=Baglanma%20ve%20Kaybetme%201%20-%20Baglanma%20John%20Bowlby;https://www.google.com/search?q=Baglanma%20ve%20Kaybetme%201%20-%20Baglanma%20John%20Bowlby&tbm=isch;1965; ;
2964;Kahve Sozlugu - A’dan Z’ye Kahve - Yetistirme ve Kavurmadan Demleme ve Tadima;Maxwell Colanna-Dashwood;Kahve Sozlugu - A’dan Z’ye Kahve - Yetistirme ve Kavurmadan Demleme ve Tadima. Maxwell Colanna-Dashwood;no;;;2024;248;category?;read?;-;tbr?;reread?;G-6;homelibrary;https://www.google.com/search?q=Kahve%20Sozlugu%20-%20A%E2%80%99dan%20Z%E2%80%99ye%20Kahve%20-%20Yetistirme%20ve%20Kavurmadan%20Demleme%20ve%20Tadima%20Maxwell%20Colanna-Dashwood;https://www.google.com/search?q=Kahve%20Sozlugu%20-%20A%E2%80%99dan%20Z%E2%80%99ye%20Kahve%20-%20Yetistirme%20ve%20Kavurmadan%20Demleme%20ve%20Tadima%20Maxwell%20Colanna-Dashwood&tbm=isch;1964; ;
2963;Yeni Narsisizm Bilimi - Guncel, Kapsamli, Anlasilir;W. Keith Campbell, Carolyn Crist;Yeni Narsisizm Bilimi - Guncel, Kapsamli, Anlasilir. W. Keith Campbell, Carolyn Crist;yes;;;2024;358;category?;read?;-;📋;reread?;A-4;homelibrary;https://www.google.com/search?q=Yeni%20Narsisizm%20Bilimi%20-%20Guncel,%20Kapsamli,%20Anlasilir%20W.%20Keith%20Campbell,%20Carolyn%20Crist;https://www.google.com/search?q=Yeni%20Narsisizm%20Bilimi%20-%20Guncel,%20Kapsamli,%20Anlasilir%20W.%20Keith%20Campbell,%20Carolyn%20Crist&tbm=isch;1963; ;
2962;Alfa Trader - Profesyonel Alim Satim Islemlerinin Zihin Yapisi, Yontemleri ve Matematigi;Brent Donnelly;Alfa Trader - Profesyonel Alim Satim Islemlerinin Zihin Yapisi, Yontemleri ve Matematigi. Brent Donnelly;released;;yes;2022;596;category?;read?;-;📋;reread?;F-2;homelibrary;https://www.google.com/search?q=Alfa%20Trader%20-%20Profesyonel%20Alim%20Satim%20Islemlerinin%20Zihin%20Yapisi,%20Yontemleri%20ve%20Matematigi%20Brent%20Donnelly;https://www.google.com/search?q=Alfa%20Trader%20-%20Profesyonel%20Alim%20Satim%20Islemlerinin%20Zihin%20Yapisi,%20Yontemleri%20ve%20Matematigi%20Brent%20Donnelly&tbm=isch;1962; ;
2961;Tuz, Yag, Asit, Isi - Iyi Yemek Pisirmenin Incelikleri;Samin Nosrat;Tuz, Yag, Asit, Isi - Iyi Yemek Pisirmenin Incelikleri. Samin Nosrat;yes;;;2024;464;category?;read?;-;📋;reread?;F-6;homelibrary;https://www.google.com/search?q=Tuz,%20Yag,%20Asit,%20Isi%20-%20Iyi%20Yemek%20Pisirmenin%20Incelikleri%20Samin%20Nosrat;https://www.google.com/search?q=Tuz,%20Yag,%20Asit,%20Isi%20-%20Iyi%20Yemek%20Pisirmenin%20Incelikleri%20Samin%20Nosrat&tbm=isch;1961; ;
2960;Bellegin Izinde - Beyin, Zihin ve Gecmis;Daniel L. Schacter;Bellegin Izinde - Beyin, Zihin ve Gecmis. Daniel L. Schacter;yes;;;2022;528;category?;read?;-;tbr?;reread?;E-8;homelibrary;https://www.google.com/search?q=Bellegin%20Izinde%20-%20Beyin,%20Zihin%20ve%20Gecmis%20Daniel%20L.%20Schacter;https://www.google.com/search?q=Bellegin%20Izinde%20-%20Beyin,%20Zihin%20ve%20Gecmis%20Daniel%20L.%20Schacter&tbm=isch;1960; ;
2959;Erdemin Kokenleri;Matt Ridley;Erdemin Kokenleri. Matt Ridley;yes;;;2015;328;category?;read?;-;📋;reread?;B-2;homelibrary;https://www.google.com/search?q=Erdemin%20Kokenleri%20Matt%20Ridley;https://www.google.com/search?q=Erdemin%20Kokenleri%20Matt%20Ridley&tbm=isch;1959; ;
2958;Genom - Bir Turun 23 Bolumluk Otobiyografisi;Matt Ridley;Genom - Bir Turun 23 Bolumluk Otobiyografisi. Matt Ridley;yes;;;2024;392;category?;read?;-;📋;reread?;B-2;homelibrary;https://www.google.com/search?q=Genom%20-%20Bir%20Turun%2023%20Bolumluk%20Otobiyografisi%20Matt%20Ridley;https://www.google.com/search?q=Genom%20-%20Bir%20Turun%2023%20Bolumluk%20Otobiyografisi%20Matt%20Ridley&tbm=isch;1958; ;
2957;Gen Ceviktir - Dogustan Gelen Ozellikler mi, Cevresel Etkenler mi?;Matt Ridley;Gen Ceviktir - Dogustan Gelen Ozellikler mi, Cevresel Etkenler mi?. Matt Ridley;yes;;;2024;368;category?;read?;-;📋;reread?;B-2;homelibrary;https://www.google.com/search?q=Gen%20Ceviktir%20-%20Dogustan%20Gelen%20Ozellikler%20mi,%20Cevresel%20Etkenler%20mi?%20Matt%20Ridley;https://www.google.com/search?q=Gen%20Ceviktir%20-%20Dogustan%20Gelen%20Ozellikler%20mi,%20Cevresel%20Etkenler%20mi?%20Matt%20Ridley&tbm=isch;1957; ;
2956;Tefekkur Yasami - Ya da Eylemsizlik Uzerine;Byung-Chul Han;Tefekkur Yasami - Ya da Eylemsizlik Uzerine. Byung-Chul Han;yes;;;2024;104;category?;read?;-;📋;reread?;E-3;homelibrary;https://www.google.com/search?q=Tefekkur%20Yasami%20-%20Ya%20da%20Eylemsizlik%20Uzerine%20Byung-Chul%20Han;https://www.google.com/search?q=Tefekkur%20Yasami%20-%20Ya%20da%20Eylemsizlik%20Uzerine%20Byung-Chul%20Han&tbm=isch;1956; ;
2955;Ultra Islenmis Insanlar - Neden Gida Olmayan Seyler Yiyoruz ve Neden Vazgecemiyoruz?;Chris van Tulleken;Ultra Islenmis Insanlar - Neden Gida Olmayan Seyler Yiyoruz ve Neden Vazgecemiyoruz?. Chris van Tulleken;yes;;;2024;432;category?;✅;-;tbr?;reread?;F-6;homelibrary;https://www.google.com/search?q=Ultra%20Islenmis%20Insanlar%20-%20Neden%20Gida%20Olmayan%20Seyler%20Yiyoruz%20ve%20Neden%20Vazgecemiyoruz?%20Chris%20van%20Tulleken;https://www.google.com/search?q=Ultra%20Islenmis%20Insanlar%20-%20Neden%20Gida%20Olmayan%20Seyler%20Yiyoruz%20ve%20Neden%20Vazgecemiyoruz?%20Chris%20van%20Tulleken&tbm=isch;1955; ;
2954;Hayat Kisa - Daha Anlamli Bir Hayat Icin Kisa Bir Rehber;Dean Rickles;Hayat Kisa - Daha Anlamli Bir Hayat Icin Kisa Bir Rehber. Dean Rickles;yes;;;2024;128;category?;read?;-;📋;reread?;G-9;homelibrary;https://www.google.com/search?q=Hayat%20Kisa%20-%20Daha%20Anlamli%20Bir%20Hayat%20Icin%20Kisa%20Bir%20Rehber%20Dean%20Rickles;https://www.google.com/search?q=Hayat%20Kisa%20-%20Daha%20Anlamli%20Bir%20Hayat%20Icin%20Kisa%20Bir%20Rehber%20Dean%20Rickles&tbm=isch;1954; ;
2953;Sihirli Hap - Yeni Zayiflama Ilaclarinin Olaganustu Faydalari ve Tedirgin Edici Riskleri;Johann Hari;Sihirli Hap - Yeni Zayiflama Ilaclarinin Olaganustu Faydalari ve Tedirgin Edici Riskleri. Johann Hari;n/a;;;2024;336;category?;read?;-;📋;reread?;B-5;house-2;https://www.google.com/search?q=Sihirli%20Hap%20-%20Yeni%20Zayiflama%20Ilaclarinin%20Olaganustu%20Faydalari%20ve%20Tedirgin%20Edici%20Riskleri%20Johann%20Hari;https://www.google.com/search?q=Sihirli%20Hap%20-%20Yeni%20Zayiflama%20Ilaclarinin%20Olaganustu%20Faydalari%20ve%20Tedirgin%20Edici%20Riskleri%20Johann%20Hari&tbm=isch;1953; ;
2952;Evrimsel Fikirler - Yarinin Sorunlarini Cozmek Icin Gecmis Buluslardan Faydalanmak;Sam Tatam;Evrimsel Fikirler - Yarinin Sorunlarini Cozmek Icin Gecmis Buluslardan Faydalanmak. Sam Tatam;yes;;;2023;360;category?;read?;-;📋;reread?;B-7;homelibrary;https://www.google.com/search?q=Evrimsel%20Fikirler%20-%20Yarinin%20Sorunlarini%20Cozmek%20Icin%20Gecmis%20Buluslardan%20Faydalanmak%20Sam%20Tatam;https://www.google.com/search?q=Evrimsel%20Fikirler%20-%20Yarinin%20Sorunlarini%20Cozmek%20Icin%20Gecmis%20Buluslardan%20Faydalanmak%20Sam%20Tatam&tbm=isch;1952; ;
2951;Kosmasaydim Yazamazdim;Haruki Murakami;Kosmasaydim Yazamazdim. Haruki Murakami;yes;;;2015;176;category?;read?;-;tbr?;reread?;D-5;homelibrary;https://www.google.com/search?q=Kosmasaydim%20Yazamazdim%20Haruki%20Murakami;https://www.google.com/search?q=Kosmasaydim%20Yazamazdim%20Haruki%20Murakami&tbm=isch;1951; ;
2950;Otekiyle Konusmak;Malcolm Gladwell;Otekiyle Konusmak. Malcolm Gladwell;yes;;;2021;392;category?;read?;-;tbr?;reread?;A-5;homelibrary;https://www.google.com/search?q=Otekiyle%20Konusmak%20Malcolm%20Gladwell;https://www.google.com/search?q=Otekiyle%20Konusmak%20Malcolm%20Gladwell&tbm=isch;1950; ;
2949;Ask Hayatinda Affetmeye Ovgu;Massimo Recalcati;Ask Hayatinda Affetmeye Ovgu. Massimo Recalcati;yes;;;2024;132;category?;read?;-;📋;reread?;A-5;homelibrary;https://www.google.com/search?q=Ask%20Hayatinda%20Affetmeye%20Ovgu%20Massimo%20Recalcati;https://www.google.com/search?q=Ask%20Hayatinda%20Affetmeye%20Ovgu%20Massimo%20Recalcati&tbm=isch;1949; ;
2948;Merdiven Alti Terapi;Deniz Dulgeroglu;Merdiven Alti Terapi. Deniz Dulgeroglu;released;;yes;2024;220;category?;✅;-;tbr?;reread?;G-7;homelibrary;https://www.google.com/search?q=Merdiven%20Alti%20Terapi%20Deniz%20Dulgeroglu;https://www.google.com/search?q=Merdiven%20Alti%20Terapi%20Deniz%20Dulgeroglu&tbm=isch;1948; ;
2947;Pazartesi Mektuplari;Ege Soley;Pazartesi Mektuplari. Ege Soley;released;;yes;2023;192;category?;✅;-;tbr?;reread?;G-7;homelibrary;https://www.google.com/search?q=Pazartesi%20Mektuplari%20Ege%20Soley;https://www.google.com/search?q=Pazartesi%20Mektuplari%20Ege%20Soley&tbm=isch;1947; ;
2946;Vazgecmek Uzerine;Adam Phillips;Vazgecmek Uzerine. Adam Phillips;yes;;;2024;144;category?;read?;-;📋;reread?;H-3;homelibrary;https://www.google.com/search?q=Vazgecmek%20Uzerine%20Adam%20Phillips;https://www.google.com/search?q=Vazgecmek%20Uzerine%20Adam%20Phillips&tbm=isch;1946; ;
2945;Bilmediginizi Bilmediginiz 100 Temel Sey;John D. Barrow;Bilmediginizi Bilmediginiz 100 Temel Sey. John D. Barrow;yes;;;2012;368;category?;read?;-;📋;reread?;D-4;homelibrary;https://www.google.com/search?q=Bilmediginizi%20Bilmediginiz%20100%20Temel%20Sey%20John%20D.%20Barrow;https://www.google.com/search?q=Bilmediginizi%20Bilmediginiz%20100%20Temel%20Sey%20John%20D.%20Barrow&tbm=isch;1945; ;
2944;Emperyalizm ve Kuresel Ekonomi Politik;Alex Callinicos;Emperyalizm ve Kuresel Ekonomi Politik. Alex Callinicos;no;;;2014;432;category?;read?;-;tbr?;reread?;G-3;homelibrary;https://www.google.com/search?q=Emperyalizm%20ve%20Kuresel%20Ekonomi%20Politik%20Alex%20Callinicos;https://www.google.com/search?q=Emperyalizm%20ve%20Kuresel%20Ekonomi%20Politik%20Alex%20Callinicos&tbm=isch;1944; ;
2943;Normalin Sonu - 2008 Kuresel Finans Krizi ve Ekonomik Buyumenin Gelecegi;James K. Galbraith;Normalin Sonu - 2008 Kuresel Finans Krizi ve Ekonomik Buyumenin Gelecegi. James K. Galbraith;no;;;2020;272;category?;read?;-;📋;reread?;G-3;homelibrary;https://www.google.com/search?q=Normalin%20Sonu%20-%202008%20Kuresel%20Finans%20Krizi%20ve%20Ekonomik%20Buyumenin%20Gelecegi%20James%20K.%20Galbraith;https://www.google.com/search?q=Normalin%20Sonu%20-%202008%20Kuresel%20Finans%20Krizi%20ve%20Ekonomik%20Buyumenin%20Gelecegi%20James%20K.%20Galbraith&tbm=isch;1943; ;
2942;Yaniyoruz - Yesil Yeni Duzen Uzerine (Atesli) Fikirler;Naomi Klein;Yaniyoruz - Yesil Yeni Duzen Uzerine (Atesli) Fikirler. Naomi Klein;n/a;;;2021;352;Environment & Sustainable Living;✅;-;tbr?;reread?;G-5;house-2;https://www.google.com/search?q=Yaniyoruz%20-%20Yesil%20Yeni%20Duzen%20Uzerine%20(Atesli)%20Fikirler%20Naomi%20Klein;https://www.google.com/search?q=Yaniyoruz%20-%20Yesil%20Yeni%20Duzen%20Uzerine%20(Atesli)%20Fikirler%20Naomi%20Klein&tbm=isch;1942; ;
2941;Siyasi Duzenin Kokenleri - Insan Oncesi Caglardan Fransiz Ihtilali’ne;Francis Fukuyama;Siyasi Duzenin Kokenleri - Insan Oncesi Caglardan Fransiz Ihtilali’ne. Francis Fukuyama;no;;;2023;512;category?;read?;-;📋;reread?;G-3;homelibrary;https://www.google.com/search?q=Siyasi%20Duzenin%20Kokenleri%20-%20Insan%20Oncesi%20Caglardan%20Fransiz%20Ihtilali%E2%80%99ne%20Francis%20Fukuyama;https://www.google.com/search?q=Siyasi%20Duzenin%20Kokenleri%20-%20Insan%20Oncesi%20Caglardan%20Fransiz%20Ihtilali%E2%80%99ne%20Francis%20Fukuyama&tbm=isch;1941; ;
2940;Siyasi Duzen ve Siyasi Curume - Sanayi Devrimi’nden Demokrasinin Kuresellesmesine;Francis Fukuyama;Siyasi Duzen ve Siyasi Curume - Sanayi Devrimi’nden Demokrasinin Kuresellesmesine. Francis Fukuyama;no;;;2023;544;category?;read?;-;📋;reread?;G-3;homelibrary;https://www.google.com/search?q=Siyasi%20Duzen%20ve%20Siyasi%20Curume%20-%20Sanayi%20Devrimi%E2%80%99nden%20Demokrasinin%20Kuresellesmesine%20Francis%20Fukuyama;https://www.google.com/search?q=Siyasi%20Duzen%20ve%20Siyasi%20Curume%20-%20Sanayi%20Devrimi%E2%80%99nden%20Demokrasinin%20Kuresellesmesine%20Francis%20Fukuyama&tbm=isch;1940; ;
2939;Post Amerikan Dunya;Fareed Zakaria;Post Amerikan Dunya. Fareed Zakaria;n/a;;;2013;280;category?;read?;-;📋;reread?;D-6;house-2;https://www.google.com/search?q=Post%20Amerikan%20Dunya%20Fareed%20Zakaria;https://www.google.com/search?q=Post%20Amerikan%20Dunya%20Fareed%20Zakaria&tbm=isch;1939; ;
2938;Panik Virusu - Cocuk Asilarina Karsi Baslatilan Savasin Gercek Oykusu;Seth Mnookin;Panik Virusu - Cocuk Asilarina Karsi Baslatilan Savasin Gercek Oykusu. Seth Mnookin;yes;;;2021;528;category?;read?;-;📋;reread?;B-7;homelibrary;https://www.google.com/search?q=Panik%20Virusu%20-%20Cocuk%20Asilarina%20Karsi%20Baslatilan%20Savasin%20Gercek%20Oykusu%20Seth%20Mnookin;https://www.google.com/search?q=Panik%20Virusu%20-%20Cocuk%20Asilarina%20Karsi%20Baslatilan%20Savasin%20Gercek%20Oykusu%20Seth%20Mnookin&tbm=isch;1938; ;
2937;Once Babam Oldu Sonra Hayallerim;Basak Kablan;Once Babam Oldu Sonra Hayallerim. Basak Kablan;released;;yes;2018;216;category?;✅;-;tbr?;reread?;G-7;homelibrary;https://www.google.com/search?q=Once%20Babam%20Oldu%20Sonra%20Hayallerim%20Basak%20Kablan;https://www.google.com/search?q=Once%20Babam%20Oldu%20Sonra%20Hayallerim%20Basak%20Kablan&tbm=isch;1937; ;
2936;Intihar Uzerine Notlar;Simon Critchley;Intihar Uzerine Notlar. Simon Critchley;n/a;;;2024;96;category?;read?;-;📋;reread?;A-5;house-2;https://www.google.com/search?q=Intihar%20Uzerine%20Notlar%20Simon%20Critchley;https://www.google.com/search?q=Intihar%20Uzerine%20Notlar%20Simon%20Critchley&tbm=isch;1936; ;
2935;Modern Ruhu Kurtarmak - Terapi, Duygular ve Kisisel Gelisim Kulturu;Eva Illouz;Modern Ruhu Kurtarmak - Terapi, Duygular ve Kisisel Gelisim Kulturu. Eva Illouz;n/a;;;2024;368;category?;read?;-;📋;reread?;A-5;house-2;https://www.google.com/search?q=Modern%20Ruhu%20Kurtarmak%20-%20Terapi,%20Duygular%20ve%20Kisisel%20Gelisim%20Kulturu%20Eva%20Illouz;https://www.google.com/search?q=Modern%20Ruhu%20Kurtarmak%20-%20Terapi,%20Duygular%20ve%20Kisisel%20Gelisim%20Kulturu%20Eva%20Illouz&tbm=isch;1935; ;
2934;Cokus - Finansal Krizlerle Dolu Bir On Yil Dunyayi Nasil Degistirdi?;Adam Tooz;Cokus - Finansal Krizlerle Dolu Bir On Yil Dunyayi Nasil Degistirdi?. Adam Tooz;no;;;2021;576;category?;read?;-;📋;reread?;G-4;homelibrary;https://www.google.com/search?q=Cokus%20-%20Finansal%20Krizlerle%20Dolu%20Bir%20On%20Yil%20Dunyayi%20Nasil%20Degistirdi?%20Adam%20Tooz;https://www.google.com/search?q=Cokus%20-%20Finansal%20Krizlerle%20Dolu%20Bir%20On%20Yil%20Dunyayi%20Nasil%20Degistirdi?%20Adam%20Tooz&tbm=isch;1934; ;
2933;Empati - Onunla mi Yoksa Onsuz mu Daha Iyiyiz?;Paul Bloom;Empati - Onunla mi Yoksa Onsuz mu Daha Iyiyiz?. Paul Bloom;yes;;;2023;312;category?;read?;-;📋;reread?;F-9;homelibrary;https://www.google.com/search?q=Empati%20-%20Onunla%20mi%20Yoksa%20Onsuz%20mu%20Daha%20Iyiyiz?%20Paul%20Bloom;https://www.google.com/search?q=Empati%20-%20Onunla%20mi%20Yoksa%20Onsuz%20mu%20Daha%20Iyiyiz?%20Paul%20Bloom&tbm=isch;1933; ;
2932;Siyaset;Andrew Heywood;Siyaset. Andrew Heywood;yes;;;2022;660;category?;read?;-;tbr?;reread?;G-10;homelibrary;https://www.google.com/search?q=Siyaset%20Andrew%20Heywood;https://www.google.com/search?q=Siyaset%20Andrew%20Heywood&tbm=isch;1932; ;
2931;Neksus - Tas Devri’nden Yapay Zekaya Bilgi Aglarinin Kisa Tarihi;Yuval Noah Harari;Neksus - Tas Devri’nden Yapay Zekaya Bilgi Aglarinin Kisa Tarihi. Yuval Noah Harari;n/a;;;2024;448;category?;✅;-;tbr?;📖;D-7;house-2;https://www.google.com/search?q=Neksus%20-%20Tas%20Devri%E2%80%99nden%20Yapay%20Zekaya%20Bilgi%20Aglarinin%20Kisa%20Tarihi%20Yuval%20Noah%20Harari;https://www.google.com/search?q=Neksus%20-%20Tas%20Devri%E2%80%99nden%20Yapay%20Zekaya%20Bilgi%20Aglarinin%20Kisa%20Tarihi%20Yuval%20Noah%20Harari&tbm=isch;1931; ;
2930;Psikanalizin Bunalimi;Erich Fromm;Psikanalizin Bunalimi. Erich Fromm;yes;;;2016;208;category?;read?;-;📋;reread?;A-9;homelibrary;https://www.google.com/search?q=Psikanalizin%20Bunalimi%20Erich%20Fromm;https://www.google.com/search?q=Psikanalizin%20Bunalimi%20Erich%20Fromm&tbm=isch;1930; ;
2929;Pozitif Dusunce Gucuyle Yasam Boyu Mutluluk;Louise L. Hay;Pozitif Dusunce Gucuyle Yasam Boyu Mutluluk. Louise L. Hay;yes;;;2021;248;category?;read?;-;📋;reread?;G-7;homelibrary;https://www.google.com/search?q=Pozitif%20Dusunce%20Gucuyle%20Yasam%20Boyu%20Mutluluk%20Louise%20L.%20Hay;https://www.google.com/search?q=Pozitif%20Dusunce%20Gucuyle%20Yasam%20Boyu%20Mutluluk%20Louise%20L.%20Hay&tbm=isch;1929; ;
2928;Olmek ya da Olmemek;Gene Stone, Dr. Michael Greger;Olmek ya da Olmemek. Gene Stone, Dr. Michael Greger;yes;;;2024;672;category?;read?;-;📋;reread?;G-6;homelibrary;https://www.google.com/search?q=Olmek%20ya%20da%20Olmemek%20Gene%20Stone,%20%20Dr.%20Michael%20Greger;https://www.google.com/search?q=Olmek%20ya%20da%20Olmemek%20Gene%20Stone,%20%20Dr.%20Michael%20Greger&tbm=isch;1928; ;
2927;Lezzetli Dunya Tarihi;Jose Miguel Mulet;Lezzetli Dunya Tarihi. Jose Miguel Mulet;no;;;2024;520;category?;read?;-;tbr?;reread?;G-6;homelibrary;https://www.google.com/search?q=Lezzetli%20Dunya%20Tarihi%20Jose%20Miguel%20Mulet;https://www.google.com/search?q=Lezzetli%20Dunya%20Tarihi%20Jose%20Miguel%20Mulet&tbm=isch;1927; ;
2926;Kuantum Dusunce Yontemi - Imkansiz Diye Bir Sey Yoktur;James J. Mapes;Kuantum Dusunce Yontemi - Imkansiz Diye Bir Sey Yoktur. James J. Mapes;yes;;;2024;256;category?;read?;-;📋;reread?;G-8;homelibrary;https://www.google.com/search?q=Kuantum%20Dusunce%20Yontemi%20-%20Imkansiz%20Diye%20Bir%20Sey%20Yoktur%20James%20J.%20Mapes;https://www.google.com/search?q=Kuantum%20Dusunce%20Yontemi%20-%20Imkansiz%20Diye%20Bir%20Sey%20Yoktur%20James%20J.%20Mapes&tbm=isch;1926; ;
2925;Kuantum ve Spiritüellik - Kadim Bilgelik Anlatilarini Modern Fizigin Kavramlariyla Okumak;Paul Levy;Kuantum ve Spiritüellik - Kadim Bilgelik Anlatilarini Modern Fizigin Kavramlariyla Okumak. Paul Levy;yes;;;2023;480;category?;read?;-;📋;reread?;G-8;homelibrary;https://www.google.com/search?q=Kuantum%20ve%20Spiritu%CC%88ellik%20-%20Kadim%20Bilgelik%20Anlatilarini%20Modern%20Fizigin%20Kavramlariyla%20Okumak%20Paul%20Levy;https://www.google.com/search?q=Kuantum%20ve%20Spiritu%CC%88ellik%20-%20Kadim%20Bilgelik%20Anlatilarini%20Modern%20Fizigin%20Kavramlariyla%20Okumak%20Paul%20Levy&tbm=isch;1925; ;
2924;Kuantum Sinirinda Yasam - Yaklasan Kuantum Biyolojisi Cagi;Byung-Chul Han;Kuantum Sinirinda Yasam - Yaklasan Kuantum Biyolojisi Cagi. Byung-Chul Han;yes;;;2016;384;category?;read?;-;📋;reread?;G-8;homelibrary;https://www.google.com/search?q=Kuantum%20Sinirinda%20Yasam%20-%20Yaklasan%20Kuantum%20Biyolojisi%20Cagi%20Byung-Chul%20Han;https://www.google.com/search?q=Kuantum%20Sinirinda%20Yasam%20-%20Yaklasan%20Kuantum%20Biyolojisi%20Cagi%20Byung-Chul%20Han&tbm=isch;1924; ;
2923;Cakma - Cince Yapibozum;Byung-Chul Han;Cakma - Cince Yapibozum. Byung-Chul Han;yes;;;2021;88;category?;read?;-;📋;reread?;E-3;homelibrary;https://www.google.com/search?q=Cakma%20-%20Cince%20Yapibozum%20Byung-Chul%20Han;https://www.google.com/search?q=Cakma%20-%20Cince%20Yapibozum%20Byung-Chul%20Han&tbm=isch;1923; ;
2922;Iktidar Nedir?;Byung-Chul Han;Iktidar Nedir?. Byung-Chul Han;yes;;;2022;128;category?;read?;-;📋;reread?;E-3;homelibrary;https://www.google.com/search?q=Iktidar%20Nedir?%20Byung-Chul%20Han;https://www.google.com/search?q=Iktidar%20Nedir?%20Byung-Chul%20Han&tbm=isch;1922; ;
2921;Kapitalizm ve Olum Durtusu;Byung-Chul Han;Kapitalizm ve Olum Durtusu. Byung-Chul Han;yes;;;2023;128;category?;read?;-;📋;reread?;E-3;homelibrary;https://www.google.com/search?q=Kapitalizm%20ve%20Olum%20Durtusu%20Byung-Chul%20Han;https://www.google.com/search?q=Kapitalizm%20ve%20Olum%20Durtusu%20Byung-Chul%20Han&tbm=isch;1921; ;
2920;Zen Budizm Felsefesi;Byung-Chul Han;Zen Budizm Felsefesi. Byung-Chul Han;yes;;;2023;95;category?;read?;-;📋;reread?;E-3;homelibrary;https://www.google.com/search?q=Zen%20Budizm%20Felsefesi%20Byung-Chul%20Han;https://www.google.com/search?q=Zen%20Budizm%20Felsefesi%20Byung-Chul%20Han&tbm=isch;1920; ;
2919;Palyatif Toplum - Gunumuzde Aci;Byung-Chul Han;Palyatif Toplum - Gunumuzde Aci. Byung-Chul Han;yes;;;2024;80;category?;read?;-;📋;reread?;E-3;homelibrary;https://www.google.com/search?q=Palyatif%20Toplum%20-%20Gunumuzde%20Aci%20Byung-Chul%20Han;https://www.google.com/search?q=Palyatif%20Toplum%20-%20Gunumuzde%20Aci%20Byung-Chul%20Han&tbm=isch;1919; ;
2918;Guzeli Kurtarmak;Byung-Chul Han;Guzeli Kurtarmak. Byung-Chul Han;yes;;;2020;89;category?;read?;-;📋;reread?;E-3;homelibrary;https://www.google.com/search?q=Guzeli%20Kurtarmak%20Byung-Chul%20Han;https://www.google.com/search?q=Guzeli%20Kurtarmak%20Byung-Chul%20Han&tbm=isch;1918; ;
2917;Hayat Sizi Seviyor!;Louise L. Hay, Robert Holden;Hayat Sizi Seviyor!. Louise L. Hay, Robert Holden;yes;;;2019;220;category?;read?;-;📋;reread?;G-7;homelibrary;https://www.google.com/search?q=Hayat%20Sizi%20Seviyor!%20Louise%20L.%20Hay,%20Robert%20Holden;https://www.google.com/search?q=Hayat%20Sizi%20Seviyor!%20Louise%20L.%20Hay,%20Robert%20Holden&tbm=isch;1917; ;
2916;Bibliyoterapi - Kitap Okumanin Iyilestirici Gucu;Bijal Shah;Bibliyoterapi - Kitap Okumanin Iyilestirici Gucu. Bijal Shah;yes;;;2024;292;category?;read?;-;📋;reread?;D-5;homelibrary;https://www.google.com/search?q=Bibliyoterapi%20-%20Kitap%20Okumanin%20Iyilestirici%20Gucu%20Bijal%20Shah;https://www.google.com/search?q=Bibliyoterapi%20-%20Kitap%20Okumanin%20Iyilestirici%20Gucu%20Bijal%20Shah&tbm=isch;1916; ;
2915;Sert Oz Sefkat - Kadinlar Sinirlarini Belirlemek, Guclerini Ortaya Koymak ve Basarili Olmak Icin Sefkati Nasil Kullanabilirler?;Kristin Neff;Sert Oz Sefkat - Kadinlar Sinirlarini Belirlemek, Guclerini Ortaya Koymak ve Basarili Olmak Icin Sefkati Nasil Kullanabilirler?. Kristin Neff;yes;;;2024;336;category?;read?;-;tbr?;reread?;G-8;homelibrary;https://www.google.com/search?q=Sert%20Oz%20Sefkat%20-%20Kadinlar%20Sinirlarini%20Belirlemek,%20Guclerini%20Ortaya%20Koymak%20ve%20Basarili%20Olmak%20Icin%20Sefkati%20Nasil%20Kullanabilirler?%20Kristin%20Neff;https://www.google.com/search?q=Sert%20Oz%20Sefkat%20-%20Kadinlar%20Sinirlarini%20Belirlemek,%20Guclerini%20Ortaya%20Koymak%20ve%20Basarili%20Olmak%20Icin%20Sefkati%20Nasil%20Kullanabilirler?%20Kristin%20Neff&tbm=isch;1915; ;
2914;Perdeyi Gecmek - Ruhunuz Dogum ve Olum Surecinde ve Olumden Sonra Neler Yasar?;Steve Rother;Perdeyi Gecmek - Ruhunuz Dogum ve Olum Surecinde ve Olumden Sonra Neler Yasar?. Steve Rother;yes;;;2022;160;category?;read?;-;tbr?;reread?;H-8;homelibrary;https://www.google.com/search?q=Perdeyi%20Gecmek%20-%20Ruhunuz%20Dogum%20ve%20Olum%20Surecinde%20ve%20Olumden%20Sonra%20Neler%20Yasar?%20Steve%20Rother;https://www.google.com/search?q=Perdeyi%20Gecmek%20-%20Ruhunuz%20Dogum%20ve%20Olum%20Surecinde%20ve%20Olumden%20Sonra%20Neler%20Yasar?%20Steve%20Rother&tbm=isch;1914; ;
2913;Bilime Neden Guvenmeliyiz?;Naomi Oreskes;Bilime Neden Guvenmeliyiz?. Naomi Oreskes;yes;;;2023;336;category?;read?;-;📋;reread?;D-2;homelibrary;https://www.google.com/search?q=Bilime%20Neden%20Guvenmeliyiz?%20Naomi%20Oreskes;https://www.google.com/search?q=Bilime%20Neden%20Guvenmeliyiz?%20Naomi%20Oreskes&tbm=isch;1913; ;
2912;Kayip Mikroplar - Antibiyotiklerin Asiri Kullanimi Cagimizin Salginlarini Nasil Korukluyor?;Martin J. Blaser;Kayip Mikroplar - Antibiyotiklerin Asiri Kullanimi Cagimizin Salginlarini Nasil Korukluyor?. Martin J. Blaser;n/a;;;2023;296;category?;read?;-;📋;reread?;B-7;house-2;https://www.google.com/search?q=Kayip%20Mikroplar%20-%20Antibiyotiklerin%20Asiri%20Kullanimi%20Cagimizin%20Salginlarini%20Nasil%20Korukluyor?%20Martin%20J.%20Blaser;https://www.google.com/search?q=Kayip%20Mikroplar%20-%20Antibiyotiklerin%20Asiri%20Kullanimi%20Cagimizin%20Salginlarini%20Nasil%20Korukluyor?%20Martin%20J.%20Blaser&tbm=isch;1912; ;
2911;Suphe Tacirleri - Bir Avuc Bilim Insani Sigara Dumanindan Kuresel Isinmaya Kadar Bircok Meselede Gercegi Nasil Ortbas Etti?;Naomi Oreskes, Erik M. Conway;Suphe Tacirleri - Bir Avuc Bilim Insani Sigara Dumanindan Kuresel Isinmaya Kadar Bircok Meselede Gercegi Nasil Ortbas Etti?. Naomi Oreskes, Erik M. Conway;yes;;;2021;528;category?;read?;-;📋;reread?;B-7;homelibrary;https://www.google.com/search?q=Suphe%20Tacirleri%20-%20Bir%20Avuc%20Bilim%20Insani%20Sigara%20Dumanindan%20Kuresel%20Isinmaya%20Kadar%20Bircok%20Meselede%20Gercegi%20Nasil%20Ortbas%20Etti?%20Naomi%20Oreskes,%20Erik%20M.%20Conway;https://www.google.com/search?q=Suphe%20Tacirleri%20-%20Bir%20Avuc%20Bilim%20Insani%20Sigara%20Dumanindan%20Kuresel%20Isinmaya%20Kadar%20Bircok%20Meselede%20Gercegi%20Nasil%20Ortbas%20Etti?%20Naomi%20Oreskes,%20Erik%20M.%20Conway&tbm=isch;1911; ;
2910;Yoga Hayatimizi Nasil Degistirir?;Gary Kraftsow;Yoga Hayatimizi Nasil Degistirir?. Gary Kraftsow;no;;;2024;264;category?;read?;-;tbr?;reread?;G-7;homelibrary;https://www.google.com/search?q=Yoga%20Hayatimizi%20Nasil%20Degistirir?%20Gary%20Kraftsow;https://www.google.com/search?q=Yoga%20Hayatimizi%20Nasil%20Degistirir?%20Gary%20Kraftsow&tbm=isch;1910; ;
2909;Anlamsizlik Hissi - Psikoterapi ve Felsefeye Bir Meydan Okuma;Viktor E. Frankl;Anlamsizlik Hissi - Psikoterapi ve Felsefeye Bir Meydan Okuma. Viktor E. Frankl;yes;;;2024;256;category?;read?;-;📋;reread?;A-9;homelibrary;https://www.google.com/search?q=Anlamsizlik%20Hissi%20-%20Psikoterapi%20ve%20Felsefeye%20Bir%20Meydan%20Okuma%20Viktor%20E.%20Frankl;https://www.google.com/search?q=Anlamsizlik%20Hissi%20-%20Psikoterapi%20ve%20Felsefeye%20Bir%20Meydan%20Okuma%20Viktor%20E.%20Frankl&tbm=isch;1909; ;
2908;Glikoz Devrimi - Kan Sekerini Dengelemenin Hayat Degistiren Gucu;Jessie Inchauspe;Glikoz Devrimi - Kan Sekerini Dengelemenin Hayat Degistiren Gucu. Jessie Inchauspe;yes;;;2023;320;category?;read?;-;📋;reread?;F-6;homelibrary;https://www.google.com/search?q=Glikoz%20Devrimi%20-%20Kan%20Sekerini%20Dengelemenin%20Hayat%20Degistiren%20Gucu%20Jessie%20Inchauspe;https://www.google.com/search?q=Glikoz%20Devrimi%20-%20Kan%20Sekerini%20Dengelemenin%20Hayat%20Degistiren%20Gucu%20Jessie%20Inchauspe&tbm=isch;1908; ;
2907;Tuz Seker Yag;Michael Moss;Tuz Seker Yag. Michael Moss;yes;;;2018;448;category?;✅;-;tbr?;reread?;F-6;homelibrary;https://www.google.com/search?q=Tuz%20Seker%20Yag%20Michael%20Moss;https://www.google.com/search?q=Tuz%20Seker%20Yag%20Michael%20Moss&tbm=isch;1907; ;
2906;Gida - Iyi De Ne Yemeliyim?;Mark Hyman;Gida - Iyi De Ne Yemeliyim?. Mark Hyman;yes;;;2024;528;category?;read?;-;📋;reread?;F-6;homelibrary;https://www.google.com/search?q=Gida%20-%20Iyi%20De%20Ne%20Yemeliyim?%20Mark%20Hyman;https://www.google.com/search?q=Gida%20-%20Iyi%20De%20Ne%20Yemeliyim?%20Mark%20Hyman&tbm=isch;1906; ;
2905;Kisa Modern Avrupa Tarihi;David S. Mason;Kisa Modern Avrupa Tarihi. David S. Mason;no;;;2024;328;category?;read?;-;tbr?;reread?;H-5;homelibrary;https://www.google.com/search?q=Kisa%20Modern%20Avrupa%20Tarihi%20David%20S.%20Mason;https://www.google.com/search?q=Kisa%20Modern%20Avrupa%20Tarihi%20David%20S.%20Mason&tbm=isch;1905; ;
2904;Kim Korkar Cagdas Sanattan?;Kyung An, Jessica Cerasi;Kim Korkar Cagdas Sanattan?. Kyung An, Jessica Cerasi;yes;;;2021;140;category?;read?;-;📋;reread?;D-4;homelibrary;https://www.google.com/search?q=Kim%20Korkar%20Cagdas%20Sanattan?%20Kyung%20An,%20Jessica%20Cerasi;https://www.google.com/search?q=Kim%20Korkar%20Cagdas%20Sanattan?%20Kyung%20An,%20Jessica%20Cerasi&tbm=isch;1904; ;
2903;Zamanin Kokusu - Bulunma Sanati Uzerine Felsefi Bir Deneme;Byung-Chul Han;Zamanin Kokusu - Bulunma Sanati Uzerine Felsefi Bir Deneme. Byung-Chul Han;yes;;;2024;136;category?;read?;-;📋;reread?;E-3;homelibrary;https://www.google.com/search?q=Zamanin%20Kokusu%20-%20Bulunma%20Sanati%20Uzerine%20Felsefi%20Bir%20Deneme%20Byung-Chul%20Han;https://www.google.com/search?q=Zamanin%20Kokusu%20-%20Bulunma%20Sanati%20Uzerine%20Felsefi%20Bir%20Deneme%20Byung-Chul%20Han&tbm=isch;1903; ;
2902;Rituellerin Yok Olusuna Dair - Gunumuzun Bir Topolojisi;Byung-Chul Han;Rituellerin Yok Olusuna Dair - Gunumuzun Bir Topolojisi. Byung-Chul Han;yes;;;2023;116;category?;read?;-;📋;reread?;E-3;homelibrary;https://www.google.com/search?q=Rituellerin%20Yok%20Olusuna%20Dair%20-%20Gunumuzun%20Bir%20Topolojisi%20Byung-Chul%20Han;https://www.google.com/search?q=Rituellerin%20Yok%20Olusuna%20Dair%20-%20Gunumuzun%20Bir%20Topolojisi%20Byung-Chul%20Han&tbm=isch;1902; ;
2901;Anlatinin Krizi;Byung-Chul Han;Anlatinin Krizi. Byung-Chul Han;yes;;;2024;88;category?;read?;-;📋;reread?;E-3;homelibrary;https://www.google.com/search?q=Anlatinin%20Krizi%20Byung-Chul%20Han;https://www.google.com/search?q=Anlatinin%20Krizi%20Byung-Chul%20Han&tbm=isch;1901; ;
2900;Eros'un Istirabi;Byung-Chul Han;Eros'un Istirabi. Byung-Chul Han;yes;;;2019;64;category?;read?;-;📋;reread?;E-3;homelibrary;https://www.google.com/search?q=Eros%27un%20Istirabi%20Byung-Chul%20Han;https://www.google.com/search?q=Eros%27un%20Istirabi%20Byung-Chul%20Han&tbm=isch;1900; ;
2899;Eglencenin Iyisi - Bati Sanatinda Ciddi - Eglenceli Ikiligi;Byung-Chul Han;Eglencenin Iyisi - Bati Sanatinda Ciddi - Eglenceli Ikiligi. Byung-Chul Han;yes;;;2023;136;category?;read?;-;📋;reread?;E-3;homelibrary;https://www.google.com/search?q=Eglencenin%20Iyisi%20-%20Bati%20Sanatinda%20Ciddi%20-%20Eglenceli%20Ikiligi%20Byung-Chul%20Han;https://www.google.com/search?q=Eglencenin%20Iyisi%20-%20Bati%20Sanatinda%20Ciddi%20-%20Eglenceli%20Ikiligi%20Byung-Chul%20Han&tbm=isch;1899; ;
2898;Siddetin Topolojisi;Byung-Chul Han;Siddetin Topolojisi. Byung-Chul Han;yes;;;2023;152;category?;read?;-;📋;reread?;E-3;homelibrary;https://www.google.com/search?q=Siddetin%20Topolojisi%20Byung-Chul%20Han;https://www.google.com/search?q=Siddetin%20Topolojisi%20Byung-Chul%20Han&tbm=isch;1898; ;
2897;Otekini Kovmak - Gunumuzde Toplum, Algi ve Iletisim;Byung-Chul Han;Otekini Kovmak - Gunumuzde Toplum, Algi ve Iletisim. Byung-Chul Han;yes;;;2023;92;category?;read?;-;📋;reread?;E-3;homelibrary;https://www.google.com/search?q=Otekini%20Kovmak%20-%20Gunumuzde%20Toplum,%20Algi%20ve%20Iletisim%20Byung-Chul%20Han;https://www.google.com/search?q=Otekini%20Kovmak%20-%20Gunumuzde%20Toplum,%20Algi%20ve%20Iletisim%20Byung-Chul%20Han&tbm=isch;1897; ;
2896;Potansiyelinizi Zirveye Cikarin;Joseph Murphy;Potansiyelinizi Zirveye Cikarin. Joseph Murphy;yes;;;2023;224;category?;read?;-;📋;reread?;G-6;homelibrary;https://www.google.com/search?q=Potansiyelinizi%20Zirveye%20Cikarin%20Joseph%20Murphy;https://www.google.com/search?q=Potansiyelinizi%20Zirveye%20Cikarin%20Joseph%20Murphy&tbm=isch;1896; ;
2895;Kullan-At - Gezegenimiz, Yegane Evimiz;Eduardo Galeano;Kullan-At - Gezegenimiz, Yegane Evimiz. Eduardo Galeano;yes;;;2024;180;category?;read?;-;📋;reread?;H-6;homelibrary;https://www.google.com/search?q=Kullan-At%20-%20Gezegenimiz,%20Yegane%20Evimiz%20Eduardo%20Galeano;https://www.google.com/search?q=Kullan-At%20-%20Gezegenimiz,%20Yegane%20Evimiz%20Eduardo%20Galeano&tbm=isch;1895; ;
2894;Latin Amerika'nin Kesik Damarlari;Eduardo Galeano;Latin Amerika'nin Kesik Damarlari. Eduardo Galeano;yes;;;2023;360;category?;read?;-;📋;reread?;H-5;homelibrary;https://www.google.com/search?q=Latin%20Amerika%27nin%20Kesik%20Damarlari%20Eduardo%20Galeano;https://www.google.com/search?q=Latin%20Amerika%27nin%20Kesik%20Damarlari%20Eduardo%20Galeano&tbm=isch;1894; ;
2893;Her Sey Yolunda;Louise L. Hay, Mona Lisa Schulz;Her Sey Yolunda. Louise L. Hay, Mona Lisa Schulz;yes;;;2013;328;category?;read?;-;📋;reread?;G-7;homelibrary;https://www.google.com/search?q=Her%20Sey%20Yolunda%20Louise%20L.%20Hay,%20Mona%20Lisa%20Schulz;https://www.google.com/search?q=Her%20Sey%20Yolunda%20Louise%20L.%20Hay,%20Mona%20Lisa%20Schulz&tbm=isch;1893; ;
2892;Psikanalize Yeni Bir Bakis - Freud’un Psikanaliz Kuramina Dair Bir Revizyon Onerisi;Erich Fromm;Psikanalize Yeni Bir Bakis - Freud’un Psikanaliz Kuramina Dair Bir Revizyon Onerisi. Erich Fromm;yes;;;2021;152;category?;read?;-;📋;reread?;B-4;homelibrary;https://www.google.com/search?q=Psikanalize%20Yeni%20Bir%20Bakis%20-%20Freud%E2%80%99un%20Psikanaliz%20Kuramina%20Dair%20Bir%20Revizyon%20Onerisi%20Erich%20Fromm;https://www.google.com/search?q=Psikanalize%20Yeni%20Bir%20Bakis%20-%20Freud%E2%80%99un%20Psikanaliz%20Kuramina%20Dair%20Bir%20Revizyon%20Onerisi%20Erich%20Fromm&tbm=isch;1892; ;
2891;Freud Uzerine;Penelope Balogh;Freud Uzerine. Penelope Balogh;yes;;;2023;176;category?;read?;-;📋;reread?;B-4;homelibrary;https://www.google.com/search?q=Freud%20Uzerine%20Penelope%20Balogh;https://www.google.com/search?q=Freud%20Uzerine%20Penelope%20Balogh&tbm=isch;1891; ;
2890;Psikoloji 101 - Insan Zihninin Oykusu;Paul Bloom;Psikoloji 101 - Insan Zihninin Oykusu. Paul Bloom;yes;;;2024;592;category?;read?;-;tbr?;reread?;F-9;homelibrary;https://www.google.com/search?q=Psikoloji%20101%20-%20Insan%20Zihninin%20Oykusu%20Paul%20Bloom;https://www.google.com/search?q=Psikoloji%20101%20-%20Insan%20Zihninin%20Oykusu%20Paul%20Bloom&tbm=isch;1890; ;
2889;Psikoloji - Bir Kesif Gezintisi;Saundra K. Ciccarelli, J. Noland White;Psikoloji - Bir Kesif Gezintisi. Saundra K. Ciccarelli, J. Noland White;no;;;2019;632;category?;read?;-;tbr?;reread?;H-9;homelibrary;https://www.google.com/search?q=Psikoloji%20-%20Bir%20Kesif%20Gezintisi%20Saundra%20K.%20Ciccarelli,%20J.%20Noland%20White;https://www.google.com/search?q=Psikoloji%20-%20Bir%20Kesif%20Gezintisi%20Saundra%20K.%20Ciccarelli,%20J.%20Noland%20White&tbm=isch;1889; ;
2888;Psikoloji ve Yasam - Psikolojiye Giris;Philip G. Zimbardo, Richard J. Gerrig;Psikoloji ve Yasam - Psikolojiye Giris. Philip G. Zimbardo, Richard J. Gerrig;no;;;2019;616;category?;read?;-;tbr?;reread?;H-9;homelibrary;https://www.google.com/search?q=Psikoloji%20ve%20Yasam%20-%20Psikolojiye%20Giris%20Philip%20G.%20Zimbardo,%20Richard%20J.%20Gerrig;https://www.google.com/search?q=Psikoloji%20ve%20Yasam%20-%20Psikolojiye%20Giris%20Philip%20G.%20Zimbardo,%20Richard%20J.%20Gerrig&tbm=isch;1888; ;
2887;Cehennemdeki Cennet - Afetlerde Olusan Olaganustu Topluluklar;Rebecca Solnit;Cehennemdeki Cennet - Afetlerde Olusan Olaganustu Topluluklar. Rebecca Solnit;yes;;;2024;480;category?;read?;-;📋;reread?;E-3;homelibrary;https://www.google.com/search?q=Cehennemdeki%20Cennet%20-%20Afetlerde%20Olusan%20Olaganustu%20Topluluklar%20Rebecca%20Solnit;https://www.google.com/search?q=Cehennemdeki%20Cennet%20-%20Afetlerde%20Olusan%20Olaganustu%20Topluluklar%20Rebecca%20Solnit&tbm=isch;1887; ;
2886;Olumu Inkar;Ernest Becker;Olumu Inkar. Ernest Becker;yes;;;2023;416;category?;read?;-;📋;reread?;B-6;homelibrary;https://www.google.com/search?q=Olumu%20Inkar%20Ernest%20Becker;https://www.google.com/search?q=Olumu%20Inkar%20Ernest%20Becker&tbm=isch;1886; ;
2885;Hiperkulturellik;Byung-Chul Han;Hiperkulturellik. Byung-Chul Han;yes;;;2024;88;category?;read?;-;📋;reread?;C-8;homelibrary;https://www.google.com/search?q=Hiperkulturellik%20Byung-Chul%20Han;https://www.google.com/search?q=Hiperkulturellik%20Byung-Chul%20Han&tbm=isch;1885; ;
2884;Kurallarin Utopyasi - Teknoloji, Aptallik ve Burokrasinin Gizli Zevkleri Uzerine;David Graeber;Kurallarin Utopyasi - Teknoloji, Aptallik ve Burokrasinin Gizli Zevkleri Uzerine. David Graeber;n/a;;;2016;256;category?;read?;-;📋;reread?;A-10;house-2;https://www.google.com/search?q=Kurallarin%20Utopyasi%20-%20Teknoloji,%20Aptallik%20ve%20Burokrasinin%20Gizli%20Zevkleri%20Uzerine%20David%20Graeber;https://www.google.com/search?q=Kurallarin%20Utopyasi%20-%20Teknoloji,%20Aptallik%20ve%20Burokrasinin%20Gizli%20Zevkleri%20Uzerine%20David%20Graeber&tbm=isch;1884; ;
2883;Divanimdaki Erkekler - Gercek Seks, Ask ve Psikoterapi Hikayeleri;David Rensin, Brandy Engler;Divanimdaki Erkekler - Gercek Seks, Ask ve Psikoterapi Hikayeleri. David Rensin, Brandy Engler;yes;;;2022;304;category?;✅;-;tbr?;reread?;B-8;homelibrary;https://www.google.com/search?q=Divanimdaki%20Erkekler%20-%20Gercek%20Seks,%20Ask%20ve%20Psikoterapi%20Hikayeleri%20David%20Rensin,%20Brandy%20Engler;https://www.google.com/search?q=Divanimdaki%20Erkekler%20-%20Gercek%20Seks,%20Ask%20ve%20Psikoterapi%20Hikayeleri%20David%20Rensin,%20Brandy%20Engler&tbm=isch;1883; ;
2882;Toplumsal Siniflar Birbirine Ne Borcludur?;William Graham Sumner;Toplumsal Siniflar Birbirine Ne Borcludur?. William Graham Sumner;n/a;;;2023;112;category?;read?;-;📋;reread?;H-6;house-2;https://www.google.com/search?q=Toplumsal%20Siniflar%20Birbirine%20Ne%20Borcludur?%20William%20Graham%20Sumner;https://www.google.com/search?q=Toplumsal%20Siniflar%20Birbirine%20Ne%20Borcludur?%20William%20Graham%20Sumner&tbm=isch;1882; ;
2881;Anavatanda Nefret - Yeni Kuresel Asiri Sag;Cynthia Miller-Idriss;Anavatanda Nefret - Yeni Kuresel Asiri Sag. Cynthia Miller-Idriss;n/a;;;2023;304;category?;read?;-;📋;reread?;F-5;house-2;https://www.google.com/search?q=Anavatanda%20Nefret%20-%20Yeni%20Kuresel%20Asiri%20Sag%20Cynthia%20Miller-Idriss;https://www.google.com/search?q=Anavatanda%20Nefret%20-%20Yeni%20Kuresel%20Asiri%20Sag%20Cynthia%20Miller-Idriss&tbm=isch;1881; ;
2880;Harvard'in Otesinde;Mark H. McCormack;Harvard'in Otesinde. Mark H. McCormack;yes;;;2022;280;category?;read?;-;📋;reread?;F-3;homelibrary;https://www.google.com/search?q=Harvard%27in%20Otesinde%20Mark%20H.%20McCormack;https://www.google.com/search?q=Harvard%27in%20Otesinde%20Mark%20H.%20McCormack&tbm=isch;1880; ;
2879;Yeni Dunya Yeni Kurallar - Yasam Zevkine Ulasmanin Bugunku Yollari;Vedat Milor, Yenal Bilgici;Yeni Dunya Yeni Kurallar - Yasam Zevkine Ulasmanin Bugunku Yollari. Vedat Milor, Yenal Bilgici;released;;yes;2024;272;category?;✅;-;tbr?;📖;G-6;homelibrary;https://www.google.com/search?q=Yeni%20Dunya%20Yeni%20Kurallar%20-%20Yasam%20Zevkine%20Ulasmanin%20Bugunku%20Yollari%20Vedat%20Milor,%20Yenal%20Bilgici;https://www.google.com/search?q=Yeni%20Dunya%20Yeni%20Kurallar%20-%20Yasam%20Zevkine%20Ulasmanin%20Bugunku%20Yollari%20Vedat%20Milor,%20Yenal%20Bilgici&tbm=isch;1879; ;
2878;Hazir Oldugunuzda Iste Boyle Iyilesirsiniz;Brianna Wiest;Hazir Oldugunuzda Iste Boyle Iyilesirsiniz. Brianna Wiest;no;;;2023;280;Personal Growth & Productivity;✅;-;tbr?;reread?;E-6;homelibrary;https://www.google.com/search?q=Hazir%20Oldugunuzda%20Iste%20Boyle%20Iyilesirsiniz%20Brianna%20Wiest;https://www.google.com/search?q=Hazir%20Oldugunuzda%20Iste%20Boyle%20Iyilesirsiniz%20Brianna%20Wiest&tbm=isch;1878; ;
2877;Dag Sensin - Kendini Sabote Etmeyi Oz Hakimiyete Donusturmek;Brianna Wiest;Dag Sensin - Kendini Sabote Etmeyi Oz Hakimiyete Donusturmek. Brianna Wiest;no;;;2023;232;Personal Growth & Productivity;✅;-;tbr?;reread?;E-6;homelibrary;https://www.google.com/search?q=Dag%20Sensin%20-%20Kendini%20Sabote%20Etmeyi%20Oz%20Hakimiyete%20Donusturmek%20Brianna%20Wiest;https://www.google.com/search?q=Dag%20Sensin%20-%20Kendini%20Sabote%20Etmeyi%20Oz%20Hakimiyete%20Donusturmek%20Brianna%20Wiest&tbm=isch;1877; ;
2876;Borsada Iki Milyon Dolari Nasil Kazandim?;Nicolas Darvas;Borsada Iki Milyon Dolari Nasil Kazandim?. Nicolas Darvas;yes;;;2024;180;category?;✅;-;tbr?;📖;F-2;homelibrary;https://www.google.com/search?q=Borsada%20Iki%20Milyon%20Dolari%20Nasil%20Kazandim?%20Nicolas%20Darvas;https://www.google.com/search?q=Borsada%20Iki%20Milyon%20Dolari%20Nasil%20Kazandim?%20Nicolas%20Darvas&tbm=isch;1876; ;
2875;15 Ornekle Adim Adim Aciklamali Teknik Analiz;Ibrahim Babadagi;15 Ornekle Adim Adim Aciklamali Teknik Analiz. Ibrahim Babadagi;no;;;2024;144;category?;read?;-;📋;reread?;F-2;homelibrary;https://www.google.com/search?q=15%20Ornekle%20Adim%20Adim%20Aciklamali%20Teknik%20Analiz%20Ibrahim%20Babadagi;https://www.google.com/search?q=15%20Ornekle%20Adim%20Adim%20Aciklamali%20Teknik%20Analiz%20Ibrahim%20Babadagi&tbm=isch;1875; ;
2874;Tanidik Seytan - Bir Adli Psikiyatrin Notlari;Gwen Adshead, Eileen Horne;Tanidik Seytan - Bir Adli Psikiyatrin Notlari. Gwen Adshead, Eileen Horne;yes;;;2023;360;category?;✅;-;tbr?;reread?;B-8;homelibrary;https://www.google.com/search?q=Tanidik%20Seytan%20-%20Bir%20Adli%20Psikiyatrin%20Notlari%20Gwen%20Adshead,%20Eileen%20Horne;https://www.google.com/search?q=Tanidik%20Seytan%20-%20Bir%20Adli%20Psikiyatrin%20Notlari%20Gwen%20Adshead,%20Eileen%20Horne&tbm=isch;1874; ;
2873;Felsefe Araciligiyla Dusunme;Chris Horner, Emrys Westacott;Felsefe Araciligiyla Dusunme. Chris Horner, Emrys Westacott;yes;;;2023;308;category?;read?;-;📋;reread?;D-6;homelibrary;https://www.google.com/search?q=Felsefe%20Araciligiyla%20Dusunme%20Chris%20Horner,%20Emrys%20Westacott;https://www.google.com/search?q=Felsefe%20Araciligiyla%20Dusunme%20Chris%20Horner,%20Emrys%20Westacott&tbm=isch;1873; ;
2872;Biz Hayir Diyoruz;Eduardo Galeano;Biz Hayir Diyoruz. Eduardo Galeano;yes;;;2021;200;category?;read?;-;tbr?;reread?;H-3;homelibrary;https://www.google.com/search?q=Biz%20Hayir%20Diyoruz%20Eduardo%20Galeano;https://www.google.com/search?q=Biz%20Hayir%20Diyoruz%20Eduardo%20Galeano&tbm=isch;1872; ;
2871;Parayi Kendinize Cekmenin Sirlari;Joe Vitale;Parayi Kendinize Cekmenin Sirlari. Joe Vitale;yes;;;2023;160;category?;read?;-;tbr?;reread?;G-8;homelibrary;https://www.google.com/search?q=Parayi%20Kendinize%20Cekmenin%20Sirlari%20Joe%20Vitale;https://www.google.com/search?q=Parayi%20Kendinize%20Cekmenin%20Sirlari%20Joe%20Vitale&tbm=isch;1871; ;
2870;Asiriliklar Cagi - Kisa 20. Yuzyil 1914-1991;Eric J. Hobsbawm;Asiriliklar Cagi - Kisa 20. Yuzyil 1914-1991. Eric J. Hobsbawm;no;;;2020;788;category?;read?;-;tbr?;reread?;H-5;homelibrary;https://www.google.com/search?q=Asiriliklar%20Cagi%20-%20Kisa%2020.%20Yuzyil%201914-1991%20Eric%20J.%20Hobsbawm;https://www.google.com/search?q=Asiriliklar%20Cagi%20-%20Kisa%2020.%20Yuzyil%201914-1991%20Eric%20J.%20Hobsbawm&tbm=isch;1870; ;
2869;Darwin’le Aksam Yemegi - Evrim Yeme Icmeyi Nasil Etkiler?;Jonathan Silvertown;Darwin’le Aksam Yemegi - Evrim Yeme Icmeyi Nasil Etkiler?. Jonathan Silvertown;released;;yes;2021;296;category?;✅;-;tbr?;reread?;F-6;homelibrary;https://www.google.com/search?q=Darwin%E2%80%99le%20Aksam%20Yemegi%20-%20Evrim%20Yeme%20Icmeyi%20Nasil%20Etkiler?%20Jonathan%20Silvertown;https://www.google.com/search?q=Darwin%E2%80%99le%20Aksam%20Yemegi%20-%20Evrim%20Yeme%20Icmeyi%20Nasil%20Etkiler?%20Jonathan%20Silvertown&tbm=isch;1869; ;
2868;Terapi Odasinda Neler Oluyor?;Stephen Joseph;Terapi Odasinda Neler Oluyor?. Stephen Joseph;yes;;;2023;144;category?;✅;-;tbr?;reread?;A-6;homelibrary;https://www.google.com/search?q=Terapi%20Odasinda%20Neler%20Oluyor?%20Stephen%20Joseph;https://www.google.com/search?q=Terapi%20Odasinda%20Neler%20Oluyor?%20Stephen%20Joseph&tbm=isch;1868; ;
2867;Sonsuz Opusme - Ask Uzerine Kisa Dersler;Massimo Recalcati;Sonsuz Opusme - Ask Uzerine Kisa Dersler. Massimo Recalcati;yes;;;2022;92;category?;read?;-;📋;reread?;A-5;homelibrary;https://www.google.com/search?q=Sonsuz%20Opusme%20-%20Ask%20Uzerine%20Kisa%20Dersler%20Massimo%20Recalcati;https://www.google.com/search?q=Sonsuz%20Opusme%20-%20Ask%20Uzerine%20Kisa%20Dersler%20Massimo%20Recalcati&tbm=isch;1867; ;
2866;Freud ve Ogretisi;Stefan Zweig;Freud ve Ogretisi. Stefan Zweig;yes;;;1969;158;category?;read?;-;📋;reread?;B-4;homelibrary;https://www.google.com/search?q=Freud%20ve%20Ogretisi%20Stefan%20Zweig;https://www.google.com/search?q=Freud%20ve%20Ogretisi%20Stefan%20Zweig&tbm=isch;1866; ;
2865;Surunun Icinde - Dijital Dunyaya Bakislar;Byung-Chul Han;Surunun Icinde - Dijital Dunyaya Bakislar. Byung-Chul Han;yes;;;2024;96;category?;read?;-;📋;reread?;C-8;homelibrary;https://www.google.com/search?q=Surunun%20Icinde%20-%20Dijital%20Dunyaya%20Bakislar%20Byung-Chul%20Han;https://www.google.com/search?q=Surunun%20Icinde%20-%20Dijital%20Dunyaya%20Bakislar%20Byung-Chul%20Han&tbm=isch;1865; ;
2864;Cesur Yeni Dunyayi Ziyaret;Aldous Huxley;Cesur Yeni Dunyayi Ziyaret. Aldous Huxley;yes;;;2019;128;category?;read?;-;📋;reread?;H-5;homelibrary;https://www.google.com/search?q=Cesur%20Yeni%20Dunyayi%20Ziyaret%20Aldous%20Huxley;https://www.google.com/search?q=Cesur%20Yeni%20Dunyayi%20Ziyaret%20Aldous%20Huxley&tbm=isch;1864; ;
2863;Olmeden Once Sahip Olmaniz Gereken 101 Sey;Christian Louboutin;Olmeden Once Sahip Olmaniz Gereken 101 Sey. Christian Louboutin;yes;;;2010;160;category?;read?;-;📋;reread?;A-5;homelibrary;https://www.google.com/search?q=Olmeden%20Once%20Sahip%20Olmaniz%20Gereken%20101%20Sey%20Christian%20Louboutin;https://www.google.com/search?q=Olmeden%20Once%20Sahip%20Olmaniz%20Gereken%20101%20Sey%20Christian%20Louboutin&tbm=isch;1863; ;
2862;Arzu Cagi - Radikal Bir Psikanalistin Gozlemleri;Joel Kovel;Arzu Cagi - Radikal Bir Psikanalistin Gozlemleri. Joel Kovel;n/a;;;2000;352;category?;read?;-;📋;reread?;A-6;house-2;https://www.google.com/search?q=Arzu%20Cagi%20-%20Radikal%20Bir%20Psikanalistin%20Gozlemleri%20Joel%20Kovel;https://www.google.com/search?q=Arzu%20Cagi%20-%20Radikal%20Bir%20Psikanalistin%20Gozlemleri%20Joel%20Kovel&tbm=isch;1862; ;
2861;Korkunun Felsefesi;Lars Svendsen;Korkunun Felsefesi. Lars Svendsen;yes;;;2021;192;category?;read?;-;📋;reread?;B-6;homelibrary;https://www.google.com/search?q=Korkunun%20Felsefesi%20Lars%20Svendsen;https://www.google.com/search?q=Korkunun%20Felsefesi%20Lars%20Svendsen&tbm=isch;1861; ;
2860;Evet, Psikanaliz Iyilestirir!;J. D. Nasio;Evet, Psikanaliz Iyilestirir!. J. D. Nasio;yes;;;2019;96;category?;✅;-;tbr?;📖;A-5;homelibrary;https://www.google.com/search?q=Evet,%20Psikanaliz%20Iyilestirir!%20J.%20D.%20Nasio;https://www.google.com/search?q=Evet,%20Psikanaliz%20Iyilestirir!%20J.%20D.%20Nasio&tbm=isch;1860; ;
2859;Muhtesem Olma Bilimi;Wallace D. Wattles;Muhtesem Olma Bilimi. Wallace D. Wattles;yes;;;2023;98;category?;✅;-;tbr?;reread?;G-8;homelibrary;https://www.google.com/search?q=Muhtesem%20Olma%20Bilimi%20Wallace%20D.%20Wattles;https://www.google.com/search?q=Muhtesem%20Olma%20Bilimi%20Wallace%20D.%20Wattles&tbm=isch;1859; ;
2858;Iyi Olma Bilimi;Wallace D. Wattles;Iyi Olma Bilimi. Wallace D. Wattles;yes;;;2023;100;category?;✅;-;tbr?;reread?;G-8;homelibrary;https://www.google.com/search?q=Iyi%20Olma%20Bilimi%20Wallace%20D.%20Wattles;https://www.google.com/search?q=Iyi%20Olma%20Bilimi%20Wallace%20D.%20Wattles&tbm=isch;1858; ;
2857;Ruhun Derinlikleri;William Stekel;Ruhun Derinlikleri. William Stekel;yes;;;2024;176;category?;read?;-;📋;reread?;G-7;homelibrary;https://www.google.com/search?q=Ruhun%20Derinlikleri%20William%20Stekel;https://www.google.com/search?q=Ruhun%20Derinlikleri%20William%20Stekel&tbm=isch;1857; ;
2856;Ruh Yoluyla Tedavi;Stefan Zweig;Ruh Yoluyla Tedavi. Stefan Zweig;yes;;;2018;364;category?;read?;-;📋;reread?;A-5;homelibrary;https://www.google.com/search?q=Ruh%20Yoluyla%20Tedavi%20Stefan%20Zweig;https://www.google.com/search?q=Ruh%20Yoluyla%20Tedavi%20Stefan%20Zweig&tbm=isch;1856; ;
2855;Buyuk Para Kucuk Dusunur - On Yargilar, Kor Noktalar ve Akilli Yatirim;Joel Tillinghast;Buyuk Para Kucuk Dusunur - On Yargilar, Kor Noktalar ve Akilli Yatirim. Joel Tillinghast;yes;;;2021;392;category?;read?;-;📋;reread?;C-9;homelibrary;https://www.google.com/search?q=Buyuk%20Para%20Kucuk%20Dusunur%20-%20On%20Yargilar,%20Kor%20Noktalar%20ve%20Akilli%20Yatirim%20Joel%20Tillinghast;https://www.google.com/search?q=Buyuk%20Para%20Kucuk%20Dusunur%20-%20On%20Yargilar,%20Kor%20Noktalar%20ve%20Akilli%20Yatirim%20Joel%20Tillinghast&tbm=isch;1855; ;
2854;Sikintinin Felsefesi;Lars Svendsen;Sikintinin Felsefesi. Lars Svendsen;yes;;;2008;224;category?;read?;-;📋;reread?;B-6;homelibrary;https://www.google.com/search?q=Sikintinin%20Felsefesi%20Lars%20Svendsen;https://www.google.com/search?q=Sikintinin%20Felsefesi%20Lars%20Svendsen&tbm=isch;1854; ;
2853;Dusun ve Zengin Ol;Napoleon Hill;Dusun ve Zengin Ol. Napoleon Hill;yes;;;2023;320;category?;read?;-;📋;reread?;G-7;homelibrary;https://www.google.com/search?q=Dusun%20ve%20Zengin%20Ol%20Napoleon%20Hill;https://www.google.com/search?q=Dusun%20ve%20Zengin%20Ol%20Napoleon%20Hill&tbm=isch;1853; ;
2852;Kaygi Uzerine;Renata Salecl;Kaygi Uzerine. Renata Salecl;yes;;;2022;152;category?;read?;-;📋;reread?;A-7;homelibrary;https://www.google.com/search?q=Kaygi%20Uzerine%20Renata%20Salecl;https://www.google.com/search?q=Kaygi%20Uzerine%20Renata%20Salecl&tbm=isch;1852; ;
2851;Kresteki Yabani;Adam Phillips;Kresteki Yabani. Adam Phillips;yes;;;2019;144;category?;read?;-;📋;reread?;H-3;homelibrary;https://www.google.com/search?q=Kresteki%20Yabani%20Adam%20Phillips;https://www.google.com/search?q=Kresteki%20Yabani%20Adam%20Phillips&tbm=isch;1851; ;
2850;Flort Uzerine;Adam Phillips;Flort Uzerine. Adam Phillips;yes;;;2023;304;category?;read?;-;📋;reread?;H-3;homelibrary;https://www.google.com/search?q=Flort%20Uzerine%20Adam%20Phillips;https://www.google.com/search?q=Flort%20Uzerine%20Adam%20Phillips&tbm=isch;1850; ;
2849;Akil Sagligi Uzerine;Adam Phillips;Akil Sagligi Uzerine. Adam Phillips;n/a;;;2020;176;category?;read?;-;📋;reread?;H-3;house-2;https://www.google.com/search?q=Akil%20Sagligi%20Uzerine%20Adam%20Phillips;https://www.google.com/search?q=Akil%20Sagligi%20Uzerine%20Adam%20Phillips&tbm=isch;1849; ;
2848;Tekeslilik - Sadakat ve Ihanet Uzerine Aforizmalar;Adam Phillips;Tekeslilik - Sadakat ve Ihanet Uzerine Aforizmalar. Adam Phillips;yes;;;2021;144;category?;read?;-;📋;reread?;H-3;homelibrary;https://www.google.com/search?q=Tekeslilik%20-%20Sadakat%20ve%20Ihanet%20Uzerine%20Aforizmalar%20Adam%20Phillips;https://www.google.com/search?q=Tekeslilik%20-%20Sadakat%20ve%20Ihanet%20Uzerine%20Aforizmalar%20Adam%20Phillips&tbm=isch;1848; ;
2847;Opusme, Gidiklanma ve Sikilma Uzerine;Adam Phillips;Opusme, Gidiklanma ve Sikilma Uzerine. Adam Phillips;yes;;;2021;144;category?;read?;-;📋;reread?;H-3;homelibrary;https://www.google.com/search?q=Opusme,%20Gidiklanma%20ve%20Sikilma%20Uzerine%20Adam%20Phillips;https://www.google.com/search?q=Opusme,%20Gidiklanma%20ve%20Sikilma%20Uzerine%20Adam%20Phillips&tbm=isch;1847; ;
2846;Degismeyi Istemek Uzerine;Adam Phillips;Degismeyi Istemek Uzerine. Adam Phillips;n/a;;;2023;144;category?;read?;-;📋;reread?;H-3;house-2;https://www.google.com/search?q=Degismeyi%20Istemek%20Uzerine%20Adam%20Phillips;https://www.google.com/search?q=Degismeyi%20Istemek%20Uzerine%20Adam%20Phillips&tbm=isch;1846; ;
2845;Yasak Olmayan Hazlar;Adam Phillips;Yasak Olmayan Hazlar. Adam Phillips;yes;;;2018;160;category?;read?;-;📋;reread?;H-3;homelibrary;https://www.google.com/search?q=Yasak%20Olmayan%20Hazlar%20Adam%20Phillips;https://www.google.com/search?q=Yasak%20Olmayan%20Hazlar%20Adam%20Phillips&tbm=isch;1845; ;
2844;Oyle ve Boyle - Yeni ve Secilmis Denemeler;Adam Phillips;Oyle ve Boyle - Yeni ve Secilmis Denemeler. Adam Phillips;yes;;;2019;448;category?;read?;-;📋;reread?;H-3;homelibrary;https://www.google.com/search?q=Oyle%20ve%20Boyle%20-%20Yeni%20ve%20Secilmis%20Denemeler%20Adam%20Phillips;https://www.google.com/search?q=Oyle%20ve%20Boyle%20-%20Yeni%20ve%20Secilmis%20Denemeler%20Adam%20Phillips&tbm=isch;1844; ;
2843;Kacirdiklarimiz - Yasanmamis Hayata Ovgu;Adam Phillips;Kacirdiklarimiz - Yasanmamis Hayata Ovgu. Adam Phillips;n/a;;;2023;168;Philosophy & Meaning;✅;-;tbr?;reread?;H-3;house-2;https://www.google.com/search?q=Kacirdiklarimiz%20-%20Yasanmamis%20Hayata%20Ovgu%20Adam%20Phillips;https://www.google.com/search?q=Kacirdiklarimiz%20-%20Yasanmamis%20Hayata%20Ovgu%20Adam%20Phillips&tbm=isch;1843; ;
2842;Dehsetler ve Uzmanlar;Adam Phillips;Dehsetler ve Uzmanlar. Adam Phillips;n/a;;;2017;136;category?;read?;-;📋;reread?;H-3;house-2;https://www.google.com/search?q=Dehsetler%20ve%20Uzmanlar%20Adam%20Phillips;https://www.google.com/search?q=Dehsetler%20ve%20Uzmanlar%20Adam%20Phillips&tbm=isch;1842; ;
2841;Iyilesmek Uzerine;Adam Phillips;Iyilesmek Uzerine. Adam Phillips;n/a;;;2024;144;category?;read?;-;📋;reread?;H-3;house-2;https://www.google.com/search?q=Iyilesmek%20Uzerine%20Adam%20Phillips;https://www.google.com/search?q=Iyilesmek%20Uzerine%20Adam%20Phillips&tbm=isch;1841; ;
2840;Gundelik Hayat Icin Altin Kurallar;Omraam Mikhael Aivanhov;Gundelik Hayat Icin Altin Kurallar. Omraam Mikhael Aivanhov;yes;;;2019;120;category?;read?;-;tbr?;reread?;B-8;homelibrary;https://www.google.com/search?q=Gundelik%20Hayat%20Icin%20Altin%20Kurallar%20Omraam%20Mikhael%20Aivanhov;https://www.google.com/search?q=Gundelik%20Hayat%20Icin%20Altin%20Kurallar%20Omraam%20Mikhael%20Aivanhov&tbm=isch;1840; ;
2839;Gunluk Meditasyonlar;Omraam Mikhael Aivanhov;Gunluk Meditasyonlar. Omraam Mikhael Aivanhov;yes;;;2020;396;category?;read?;-;📋;reread?;B-7;homelibrary;https://www.google.com/search?q=Gunluk%20Meditasyonlar%20Omraam%20Mikhael%20Aivanhov;https://www.google.com/search?q=Gunluk%20Meditasyonlar%20Omraam%20Mikhael%20Aivanhov&tbm=isch;1839; ;
2838;Bilge Aklin Sirlari;James Allen;Bilge Aklin Sirlari. James Allen;yes;;;2024;160;category?;read?;-;📋;reread?;G-6;homelibrary;https://www.google.com/search?q=Bilge%20Aklin%20Sirlari%20James%20Allen;https://www.google.com/search?q=Bilge%20Aklin%20Sirlari%20James%20Allen&tbm=isch;1838; ;
2837;Kotulugun Felsefesi;Lars Svendsen;Kotulugun Felsefesi. Lars Svendsen;yes;;;2018;294;category?;read?;-;📋;reread?;B-6;homelibrary;https://www.google.com/search?q=Kotulugun%20Felsefesi%20Lars%20Svendsen;https://www.google.com/search?q=Kotulugun%20Felsefesi%20Lars%20Svendsen&tbm=isch;1837; ;
2836;Dusundugun Gibisin;James Allen;Dusundugun Gibisin. James Allen;yes;;;2023;72;category?;read?;-;📋;reread?;G-6;homelibrary;https://www.google.com/search?q=Dusundugun%20Gibisin%20James%20Allen;https://www.google.com/search?q=Dusundugun%20Gibisin%20James%20Allen&tbm=isch;1836; ;
2835;Dusuncenin Gucu;Omraam Mikhael Aivanhov;Dusuncenin Gucu. Omraam Mikhael Aivanhov;yes;;;2019;144;category?;read?;-;📋;reread?;B-8;homelibrary;https://www.google.com/search?q=Dusuncenin%20Gucu%20Omraam%20Mikhael%20Aivanhov;https://www.google.com/search?q=Dusuncenin%20Gucu%20Omraam%20Mikhael%20Aivanhov&tbm=isch;1835; ;
2834;Bilincaltinin Gucu Ile Zengin Ol;Joseph Murphy;Bilincaltinin Gucu Ile Zengin Ol. Joseph Murphy;yes;;;2024;208;category?;read?;-;📋;reread?;G-6;homelibrary;https://www.google.com/search?q=Bilincaltinin%20Gucu%20Ile%20Zengin%20Ol%20Joseph%20Murphy;https://www.google.com/search?q=Bilincaltinin%20Gucu%20Ile%20Zengin%20Ol%20Joseph%20Murphy&tbm=isch;1834; ;
2833;Iyilik Uzerine;Adam Phillips, Barbara Taylor;Iyilik Uzerine. Adam Phillips, Barbara Taylor;yes;;;2024;112;category?;read?;-;📋;reread?;H-3;homelibrary;https://www.google.com/search?q=Iyilik%20Uzerine%20Adam%20Phillips,%20Barbara%20Taylor;https://www.google.com/search?q=Iyilik%20Uzerine%20Adam%20Phillips,%20Barbara%20Taylor&tbm=isch;1833; ;
2832;Hep Vaat Hep Vaat - Edebiyat ve Psikanaliz Uzerine Denemeler;Adam Phillips;Hep Vaat Hep Vaat - Edebiyat ve Psikanaliz Uzerine Denemeler. Adam Phillips;yes;;;2017;256;category?;read?;-;📋;reread?;H-3;homelibrary;https://www.google.com/search?q=Hep%20Vaat%20Hep%20Vaat%20-%20Edebiyat%20ve%20Psikanaliz%20Uzerine%20Denemeler%20Adam%20Phillips;https://www.google.com/search?q=Hep%20Vaat%20Hep%20Vaat%20-%20Edebiyat%20ve%20Psikanaliz%20Uzerine%20Denemeler%20Adam%20Phillips&tbm=isch;1832; ;
2831;Iyilesme - Dusunce Gucuyle;Emile Coue;Iyilesme - Dusunce Gucuyle. Emile Coue;yes;;;2021;192;category?;read?;-;📋;reread?;G-6;homelibrary;https://www.google.com/search?q=Iyilesme%20-%20Dusunce%20Gucuyle%20Emile%20Coue;https://www.google.com/search?q=Iyilesme%20-%20Dusunce%20Gucuyle%20Emile%20Coue&tbm=isch;1831; ;
2830;Dusunceni Degistir Hayatin Degissin;Joseph Murphy;Dusunceni Degistir Hayatin Degissin. Joseph Murphy;yes;;;2023;240;category?;read?;-;📋;reread?;G-6;homelibrary;https://www.google.com/search?q=Dusunceni%20Degistir%20Hayatin%20Degissin%20Joseph%20Murphy;https://www.google.com/search?q=Dusunceni%20Degistir%20Hayatin%20Degissin%20Joseph%20Murphy&tbm=isch;1830; ;
2829;Telafi Projesi - Secimlerimizin Sinirlarini ve Dusunce Seklimizi Degistiren Bir Dostluk Hikayesi;Michael Lewis;Telafi Projesi - Secimlerimizin Sinirlarini ve Dusunce Seklimizi Degistiren Bir Dostluk Hikayesi. Michael Lewis;no;;;2022;368;category?;read?;-;📋;reread?;C-1;homelibrary;https://www.google.com/search?q=Telafi%20Projesi%20-%20Secimlerimizin%20Sinirlarini%20ve%20Dusunce%20Seklimizi%20Degistiren%20Bir%20Dostluk%20Hikayesi%20Michael%20Lewis;https://www.google.com/search?q=Telafi%20Projesi%20-%20Secimlerimizin%20Sinirlarini%20ve%20Dusunce%20Seklimizi%20Degistiren%20Bir%20Dostluk%20Hikayesi%20Michael%20Lewis&tbm=isch;1829; ;
2828;Yapabilirim - Yasaminizi Degistirmek Icin Olumlamalari Nasil Kullanabilirsiniz?;Louise L. Hay;Yapabilirim - Yasaminizi Degistirmek Icin Olumlamalari Nasil Kullanabilirsiniz?. Louise L. Hay;yes;;;2019;80;category?;read?;-;📋;reread?;G-7;homelibrary;https://www.google.com/search?q=Yapabilirim%20-%20Yasaminizi%20Degistirmek%20Icin%20Olumlamalari%20Nasil%20Kullanabilirsiniz?%20Louise%20L.%20Hay;https://www.google.com/search?q=Yapabilirim%20-%20Yasaminizi%20Degistirmek%20Icin%20Olumlamalari%20Nasil%20Kullanabilirsiniz?%20Louise%20L.%20Hay&tbm=isch;1828; ;
2827;Yeniden;Zeyneb Uras;Yeniden. Zeyneb Uras;released;;yes;2023;136;category?;✅;-;tbr?;reread?;G-7;homelibrary;https://www.google.com/search?q=Yeniden%20Zeyneb%20Uras;https://www.google.com/search?q=Yeniden%20Zeyneb%20Uras&tbm=isch;1827; ;
2826;Prekarya - Yeni Tehlikeli Sinif;Guy Standing;Prekarya - Yeni Tehlikeli Sinif. Guy Standing;yes;;;2022;336;category?;read?;-;tbr?;reread?;H-4;homelibrary;https://www.google.com/search?q=Prekarya%20-%20Yeni%20Tehlikeli%20Sinif%20Guy%20Standing;https://www.google.com/search?q=Prekarya%20-%20Yeni%20Tehlikeli%20Sinif%20Guy%20Standing&tbm=isch;1826; ;
2825;Freud Bana Masal Anlatsa;Aydin Parmaksiz;Freud Bana Masal Anlatsa. Aydin Parmaksiz;yes;;;2023;208;Psychology & Mental Life;✅;-;tbr?;📖;B-6;homelibrary;https://www.google.com/search?q=Freud%20Bana%20Masal%20Anlatsa%20Aydin%20Parmaksiz;https://www.google.com/search?q=Freud%20Bana%20Masal%20Anlatsa%20Aydin%20Parmaksiz&tbm=isch;1825; ;
2824;Masallar ve Toplumsal Cinsiyet;Melek Ozlem Sezer;Masallar ve Toplumsal Cinsiyet. Melek Ozlem Sezer;yes;;;2020;232;category?;read?;-;📋;reread?;B-6;homelibrary;https://www.google.com/search?q=Masallar%20ve%20Toplumsal%20Cinsiyet%20Melek%20Ozlem%20Sezer;https://www.google.com/search?q=Masallar%20ve%20Toplumsal%20Cinsiyet%20Melek%20Ozlem%20Sezer&tbm=isch;1824; ;
2823;Teknik Analiz 101 - Grafik ve Mum Formasyonlari;Tunc Safa Altunsaray, Huseyin Cetin;Teknik Analiz 101 - Grafik ve Mum Formasyonlari. Tunc Safa Altunsaray, Huseyin Cetin;released;;yes;2023;352;category?;read?;-;📋;reread?;F-2;homelibrary;https://www.google.com/search?q=Teknik%20Analiz%20101%20-%20Grafik%20ve%20Mum%20Formasyonlari%20Tunc%20Safa%20Altunsaray,%20%20Huseyin%20Cetin;https://www.google.com/search?q=Teknik%20Analiz%20101%20-%20Grafik%20ve%20Mum%20Formasyonlari%20Tunc%20Safa%20Altunsaray,%20%20Huseyin%20Cetin&tbm=isch;1823; ;
2822;Sanri ve Dus;Sigmund Freud;Sanri ve Dus. Sigmund Freud;yes;;;2024;112;category?;read?;-;📋;reread?;B-4;homelibrary;https://www.google.com/search?q=Sanri%20ve%20Dus%20Sigmund%20Freud;https://www.google.com/search?q=Sanri%20ve%20Dus%20Sigmund%20Freud&tbm=isch;1822; ;
2821;Novasen - Yaklasan Hiperzeka Cagi;James Lovelock;Novasen - Yaklasan Hiperzeka Cagi. James Lovelock;yes;;;2021;142;category?;✅;-;tbr?;reread?;C-5;homelibrary;https://www.google.com/search?q=Novasen%20-%20Yaklasan%20Hiperzeka%20Cagi%20James%20Lovelock;https://www.google.com/search?q=Novasen%20-%20Yaklasan%20Hiperzeka%20Cagi%20James%20Lovelock&tbm=isch;1821; ;
2820;Okumadigimiz Kitaplar Hakkinda Nasil Konusuruz?;Pierre Bayard;Okumadigimiz Kitaplar Hakkinda Nasil Konusuruz?. Pierre Bayard;yes;;;2023;220;category?;read?;-;📋;reread?;D-5;homelibrary;https://www.google.com/search?q=Okumadigimiz%20Kitaplar%20Hakkinda%20Nasil%20Konusuruz?%20Pierre%20Bayard;https://www.google.com/search?q=Okumadigimiz%20Kitaplar%20Hakkinda%20Nasil%20Konusuruz?%20Pierre%20Bayard&tbm=isch;1820; ;
2819;Linc Cagi - Sosyal Medyada Super Ego;Mark Edmundson;Linc Cagi - Sosyal Medyada Super Ego. Mark Edmundson;yes;;;2024;198;Philosophy & Meaning;✅;-;tbr?;📖;C-10;homelibrary;https://www.google.com/search?q=Linc%20Cagi%20-%20Sosyal%20Medyada%20Super%20Ego%20Mark%20Edmundson;https://www.google.com/search?q=Linc%20Cagi%20-%20Sosyal%20Medyada%20Super%20Ego%20Mark%20Edmundson&tbm=isch;1819; ;
2818;Benlik, Aile ve Insan Gelisimi - Kulturel Psikolojide Kuram ve Uygulamalar;Cigdem Kagitcibasi;Benlik, Aile ve Insan Gelisimi - Kulturel Psikolojide Kuram ve Uygulamalar. Cigdem Kagitcibasi;yes;;;2019;464;category?;read?;-;tbr?;reread?;H-2;homelibrary;https://www.google.com/search?q=Benlik,%20Aile%20ve%20Insan%20Gelisimi%20-%20Kulturel%20Psikolojide%20Kuram%20ve%20Uygulamalar%20Cigdem%20Kagitcibasi;https://www.google.com/search?q=Benlik,%20Aile%20ve%20Insan%20Gelisimi%20-%20Kulturel%20Psikolojide%20Kuram%20ve%20Uygulamalar%20Cigdem%20Kagitcibasi&tbm=isch;1818; ;
2817;Kendimle Kahve Sohbeti;Kristen Helmstetter;Kendimle Kahve Sohbeti. Kristen Helmstetter;released;;yes;2023;232;Personal Growth & Productivity;✅;-;tbr?;reread?;E-6;homelibrary;https://www.google.com/search?q=Kendimle%20Kahve%20Sohbeti%20Kristen%20Helmstetter;https://www.google.com/search?q=Kendimle%20Kahve%20Sohbeti%20Kristen%20Helmstetter&tbm=isch;1817; ;
2816;Savunmasiz Gezegen;John Bellamy Foster;Savunmasiz Gezegen. John Bellamy Foster;yes;;;2023;160;category?;read?;-;📋;reread?;H-6;homelibrary;https://www.google.com/search?q=Savunmasiz%20Gezegen%20John%20Bellamy%20Foster;https://www.google.com/search?q=Savunmasiz%20Gezegen%20John%20Bellamy%20Foster&tbm=isch;1816; ;
2815;Bilgenin Guncesi - Naval Ravikant Mutluluk ve Zenginlik Rehberi;Eric Jorgenson;Bilgenin Guncesi - Naval Ravikant Mutluluk ve Zenginlik Rehberi. Eric Jorgenson;yes;;;2022;232;category?;read?;-;tbr?;reread?;E-6;homelibrary;https://www.google.com/search?q=Bilgenin%20Guncesi%20-%20Naval%20Ravikant%20Mutluluk%20ve%20Zenginlik%20Rehberi%20Eric%20Jorgenson;https://www.google.com/search?q=Bilgenin%20Guncesi%20-%20Naval%20Ravikant%20Mutluluk%20ve%20Zenginlik%20Rehberi%20Eric%20Jorgenson&tbm=isch;1815; ;
2814;Tarihte Neler Oldu?;Gordon Childe;Tarihte Neler Oldu?. Gordon Childe;yes;;;1983;198;category?;read?;-;tbr?;reread?;H-4;homelibrary;https://www.google.com/search?q=Tarihte%20Neler%20Oldu?%20Gordon%20Childe;https://www.google.com/search?q=Tarihte%20Neler%20Oldu?%20Gordon%20Childe&tbm=isch;1814; ;
2813;Toplumsal Evrim;Gordon Childe;Toplumsal Evrim. Gordon Childe;yes;;;1994;126;category?;read?;-;tbr?;reread?;H-4;homelibrary;https://www.google.com/search?q=Toplumsal%20Evrim%20Gordon%20Childe;https://www.google.com/search?q=Toplumsal%20Evrim%20Gordon%20Childe&tbm=isch;1813; ;
2812;Kendini Yaratan Insan - Insanin Caglar Boyunca Gelisimi;Gordon Childe;Kendini Yaratan Insan - Insanin Caglar Boyunca Gelisimi. Gordon Childe;yes;;;1996;176;category?;read?;-;tbr?;reread?;H-4;homelibrary;https://www.google.com/search?q=Kendini%20Yaratan%20Insan%20-%20Insanin%20Caglar%20Boyunca%20Gelisimi%20Gordon%20Childe;https://www.google.com/search?q=Kendini%20Yaratan%20Insan%20-%20Insanin%20Caglar%20Boyunca%20Gelisimi%20Gordon%20Childe&tbm=isch;1812; ;
2811;Altust Edilen Tarih - Sosyal Medya ve Internet Tarih Anlayisimizi Nasil Etkiledi?;Jason Steinhauer;Altust Edilen Tarih - Sosyal Medya ve Internet Tarih Anlayisimizi Nasil Etkiledi?. Jason Steinhauer;n/a;;;2024;208;History & Political Thought;✅;-;tbr?;reread?;C-10;house-2;https://www.google.com/search?q=Altust%20Edilen%20Tarih%20-%20Sosyal%20Medya%20ve%20Internet%20Tarih%20Anlayisimizi%20Nasil%20Etkiledi?%20Jason%20Steinhauer;https://www.google.com/search?q=Altust%20Edilen%20Tarih%20-%20Sosyal%20Medya%20ve%20Internet%20Tarih%20Anlayisimizi%20Nasil%20Etkiledi?%20Jason%20Steinhauer&tbm=isch;1811; ;
2810;The Magic;Rhonda Byrne;The Magic. Rhonda Byrne;yes;;;2024;272;category?;read?;-;📋;reread?;G-8;homelibrary;https://www.google.com/search?q=The%20Magic%20Rhonda%20Byrne;https://www.google.com/search?q=The%20Magic%20Rhonda%20Byrne&tbm=isch;1810; ;
2809;The Secret - Hero;Rhonda Byrne;The Secret - Hero. Rhonda Byrne;yes;;;2023;230;category?;read?;-;📋;reread?;G-8;homelibrary;https://www.google.com/search?q=The%20Secret%20-%20Hero%20Rhonda%20Byrne;https://www.google.com/search?q=The%20Secret%20-%20Hero%20Rhonda%20Byrne&tbm=isch;1809; ;
2808;En Buyuk Sir;Rhonda Byrne;En Buyuk Sir. Rhonda Byrne;yes;;;2021;256;category?;read?;-;📋;reread?;G-8;homelibrary;https://www.google.com/search?q=En%20Buyuk%20Sir%20Rhonda%20Byrne;https://www.google.com/search?q=En%20Buyuk%20Sir%20Rhonda%20Byrne&tbm=isch;1808; ;
2807;Secret The Power;Rhonda Byrne;Secret The Power. Rhonda Byrne;yes;;;2022;272;category?;read?;-;📋;reread?;G-8;homelibrary;https://www.google.com/search?q=Secret%20The%20Power%20Rhonda%20Byrne;https://www.google.com/search?q=Secret%20The%20Power%20Rhonda%20Byrne&tbm=isch;1807; ;
2806;The Secret Hayatimi Nasil Degistirdi;Rhonda Byrne;The Secret Hayatimi Nasil Degistirdi. Rhonda Byrne;yes;;;2023;266;category?;read?;-;📋;reread?;G-8;homelibrary;https://www.google.com/search?q=The%20Secret%20Hayatimi%20Nasil%20Degistirdi%20Rhonda%20Byrne;https://www.google.com/search?q=The%20Secret%20Hayatimi%20Nasil%20Degistirdi%20Rhonda%20Byrne&tbm=isch;1806; ;
2805;Secret Gunluk Ogretiler;Rhonda Byrne;Secret Gunluk Ogretiler. Rhonda Byrne;yes;;;2022;365;category?;read?;-;📋;reread?;G-8;homelibrary;https://www.google.com/search?q=Secret%20Gunluk%20Ogretiler%20Rhonda%20Byrne;https://www.google.com/search?q=Secret%20Gunluk%20Ogretiler%20Rhonda%20Byrne&tbm=isch;1805; ;
2804;The Secret - Sevgi Saglik ve Paranin Sirri Bir Ustalik Okulu;Rhonda Byrne;The Secret - Sevgi Saglik ve Paranin Sirri Bir Ustalik Okulu. Rhonda Byrne;yes;;;2023;340;category?;read?;-;📋;reread?;G-8;homelibrary;https://www.google.com/search?q=The%20Secret%20-%20Sevgi%20Saglik%20ve%20Paranin%20Sirri%20Bir%20Ustalik%20Okulu%20Rhonda%20Byrne;https://www.google.com/search?q=The%20Secret%20-%20Sevgi%20Saglik%20ve%20Paranin%20Sirri%20Bir%20Ustalik%20Okulu%20Rhonda%20Byrne&tbm=isch;1804; ;
2803;Iyi Hikaye - Hakikat, Kurmaca ve Psikoterapi Uzerine Yazismalar;J. M. Coetzee;Iyi Hikaye - Hakikat, Kurmaca ve Psikoterapi Uzerine Yazismalar. J. M. Coetzee;yes;;;2023;184;category?;read?;-;📋;reread?;D-5;homelibrary;https://www.google.com/search?q=Iyi%20Hikaye%20-%20Hakikat,%20Kurmaca%20ve%20Psikoterapi%20Uzerine%20Yazismalar%20J.%20M.%20Coetzee;https://www.google.com/search?q=Iyi%20Hikaye%20-%20Hakikat,%20Kurmaca%20ve%20Psikoterapi%20Uzerine%20Yazismalar%20J.%20M.%20Coetzee&tbm=isch;1803; ;
2802;Evren Avucunda - Uzay, Zaman ve Otesine Olaganustu Bir Yolculuk;Christophe Galfard;Evren Avucunda - Uzay, Zaman ve Otesine Olaganustu Bir Yolculuk. Christophe Galfard;yes;;;2019;380;category?;read?;-;📋;reread?;H-6;homelibrary;https://www.google.com/search?q=Evren%20Avucunda%20-%20Uzay,%20Zaman%20ve%20Otesine%20Olaganustu%20Bir%20Yolculuk%20Christophe%20Galfard;https://www.google.com/search?q=Evren%20Avucunda%20-%20Uzay,%20Zaman%20ve%20Otesine%20Olaganustu%20Bir%20Yolculuk%20Christophe%20Galfard&tbm=isch;1802; ;
2801;Acemi Yazarlar Icin Bir Kilavuz;Jean Prévost;Acemi Yazarlar Icin Bir Kilavuz. Jean Prévost;yes;;;2024;80;category?;read?;-;📋;reread?;D-5;homelibrary;https://www.google.com/search?q=Acemi%20Yazarlar%20Icin%20Bir%20Kilavuz%20Jean%20Pr%C3%A9vost;https://www.google.com/search?q=Acemi%20Yazarlar%20Icin%20Bir%20Kilavuz%20Jean%20Pr%C3%A9vost&tbm=isch;1801; ;
2800;Yeni Felaket Cagi;Alex Callinicos;Yeni Felaket Cagi. Alex Callinicos;yes;;;2024;328;category?;✅;-;tbr?;📖;H-6;homelibrary;https://www.google.com/search?q=Yeni%20Felaket%20Cagi%20Alex%20Callinicos;https://www.google.com/search?q=Yeni%20Felaket%20Cagi%20Alex%20Callinicos&tbm=isch;1800; ;
2799;Aradigin Sevginin Kendisi Nasil Olunur? - Donguleri Kir, Huzuru Bul ve Iliskilerini Iyilestir;Nicole Lepera;Aradigin Sevginin Kendisi Nasil Olunur? - Donguleri Kir, Huzuru Bul ve Iliskilerini Iyilestir. Nicole Lepera;yes;;;2024;304;category?;read?;-;📋;reread?;B-7;homelibrary;https://www.google.com/search?q=Aradigin%20Sevginin%20Kendisi%20Nasil%20Olunur?%20-%20Donguleri%20Kir,%20Huzuru%20Bul%20ve%20Iliskilerini%20Iyilestir%20Nicole%20Lepera;https://www.google.com/search?q=Aradigin%20Sevginin%20Kendisi%20Nasil%20Olunur?%20-%20Donguleri%20Kir,%20Huzuru%20Bul%20ve%20Iliskilerini%20Iyilestir%20Nicole%20Lepera&tbm=isch;1799; ;
2798;Kizil Kralice - Seks ve Insan Dogasinin Evrimi;Matt Ridley;Kizil Kralice - Seks ve Insan Dogasinin Evrimi. Matt Ridley;yes;;;2024;488;category?;read?;-;📋;reread?;B-2;homelibrary;https://www.google.com/search?q=Kizil%20Kralice%20-%20Seks%20ve%20Insan%20Dogasinin%20Evrimi%20Matt%20Ridley;https://www.google.com/search?q=Kizil%20Kralice%20-%20Seks%20ve%20Insan%20Dogasinin%20Evrimi%20Matt%20Ridley&tbm=isch;1798; ;
2797;Dogum Travmasi;Otto Rank;Dogum Travmasi. Otto Rank;yes;;;2024;200;category?;read?;-;📋;reread?;A-5;homelibrary;https://www.google.com/search?q=Dogum%20Travmasi%20Otto%20Rank;https://www.google.com/search?q=Dogum%20Travmasi%20Otto%20Rank&tbm=isch;1797; ;
2796;Psikanalizin Gelisimi;Otto Rank, Sandor Ferenczi;Psikanalizin Gelisimi. Otto Rank, Sandor Ferenczi;yes;;;2016;64;category?;read?;-;📋;reread?;A-5;homelibrary;https://www.google.com/search?q=Psikanalizin%20Gelisimi%20Otto%20Rank,%20Sandor%20Ferenczi;https://www.google.com/search?q=Psikanalizin%20Gelisimi%20Otto%20Rank,%20Sandor%20Ferenczi&tbm=isch;1796; ;
2795;Terapistin Ikilemi - Iliskisel Psikoterapinin Sifreleri;Elvin Aydin Keles;Terapistin Ikilemi - Iliskisel Psikoterapinin Sifreleri. Elvin Aydin Keles;released;;yes;2024;224;Psychology & Mental Life;✅;-;tbr?;reread?;D-6;homelibrary;https://www.google.com/search?q=Terapistin%20Ikilemi%20-%20Iliskisel%20Psikoterapinin%20Sifreleri%20Elvin%20Aydin%20Keles;https://www.google.com/search?q=Terapistin%20Ikilemi%20-%20Iliskisel%20Psikoterapinin%20Sifreleri%20Elvin%20Aydin%20Keles&tbm=isch;1795; ;
2794;Fitness Cagi - Beden Nasil Basari ve Performansin Simgesi Haline Geldi?;Jurgen Martschukat;Fitness Cagi - Beden Nasil Basari ve Performansin Simgesi Haline Geldi?. Jurgen Martschukat;yes;;;2024;256;category?;✅;-;tbr?;📖;D-6;homelibrary;https://www.google.com/search?q=Fitness%20Cagi%20-%20Beden%20Nasil%20Basari%20ve%20Performansin%20Simgesi%20Haline%20Geldi?%20Jurgen%20Martschukat;https://www.google.com/search?q=Fitness%20Cagi%20-%20Beden%20Nasil%20Basari%20ve%20Performansin%20Simgesi%20Haline%20Geldi?%20Jurgen%20Martschukat&tbm=isch;1794; ;
2793;Cocuk, Kostebek, Tilki ve At;Charlie Mackesy;Cocuk, Kostebek, Tilki ve At. Charlie Mackesy;yes;;;2023;128;Philosophy & Meaning;✅;-;tbr?;📖;C-4;homelibrary;https://www.google.com/search?q=Cocuk,%20Kostebek,%20Tilki%20ve%20At%20Charlie%20Mackesy;https://www.google.com/search?q=Cocuk,%20Kostebek,%20Tilki%20ve%20At%20Charlie%20Mackesy&tbm=isch;1793; ;
2792;Nukleer Kis - Silahlanma Yarisinin Sonu;Carl Sagan;Nukleer Kis - Silahlanma Yarisinin Sonu. Carl Sagan;yes;;;2020;416;category?;read?;-;📋;reread?;C-4;homelibrary;https://www.google.com/search?q=Nukleer%20Kis%20-%20Silahlanma%20Yarisinin%20Sonu%20Carl%20Sagan;https://www.google.com/search?q=Nukleer%20Kis%20-%20Silahlanma%20Yarisinin%20Sonu%20Carl%20Sagan&tbm=isch;1792; ;
2791;Yoga ve Kendini Bulma Sanati;Bora Ercan;Yoga ve Kendini Bulma Sanati. Bora Ercan;no;;;2024;160;category?;read?;-;tbr?;reread?;H-8;homelibrary;https://www.google.com/search?q=Yoga%20ve%20Kendini%20Bulma%20Sanati%20Bora%20Ercan;https://www.google.com/search?q=Yoga%20ve%20Kendini%20Bulma%20Sanati%20Bora%20Ercan&tbm=isch;1791; ;
2790;Toplumsal ve Kulturel Kuramci Olarak Freud - Insan Dogasi ve Uygarlasma Sureci Uzerine;Howard L. Kaye;Toplumsal ve Kulturel Kuramci Olarak Freud - Insan Dogasi ve Uygarlasma Sureci Uzerine. Howard L. Kaye;yes;;;2024;448;category?;read?;-;📋;reread?;B-4;homelibrary;https://www.google.com/search?q=Toplumsal%20ve%20Kulturel%20Kuramci%20Olarak%20Freud%20-%20Insan%20Dogasi%20ve%20Uygarlasma%20Sureci%20Uzerine%20Howard%20L.%20Kaye;https://www.google.com/search?q=Toplumsal%20ve%20Kulturel%20Kuramci%20Olarak%20Freud%20-%20Insan%20Dogasi%20ve%20Uygarlasma%20Sureci%20Uzerine%20Howard%20L.%20Kaye&tbm=isch;1790; ;
2789;Kulyutmaz - Neden Kandiriliriz ve Kandirilmamak Icin Ne Yapabiliriz?;Christopher Chabris, Daniel Simons;Kulyutmaz - Neden Kandiriliriz ve Kandirilmamak Icin Ne Yapabiliriz?. Christopher Chabris, Daniel Simons;yes;;;2024;264;category?;read?;-;📋;reread?;C-7;homelibrary;https://www.google.com/search?q=Kulyutmaz%20-%20Neden%20Kandiriliriz%20ve%20Kandirilmamak%20Icin%20Ne%20Yapabiliriz?%20Christopher%20Chabris,%20Daniel%20Simons;https://www.google.com/search?q=Kulyutmaz%20-%20Neden%20Kandiriliriz%20ve%20Kandirilmamak%20Icin%20Ne%20Yapabiliriz?%20Christopher%20Chabris,%20Daniel%20Simons&tbm=isch;1789; ;
2788;R. D. Laing ve Anti-Psikiyatrinin Yollari;Zbigniew Kotowicz;R. D. Laing ve Anti-Psikiyatrinin Yollari. Zbigniew Kotowicz;yes;;;2022;172;category?;read?;-;📋;reread?;B-4;homelibrary;https://www.google.com/search?q=R.%20D.%20Laing%20ve%20Anti-Psikiyatrinin%20Yollari%20Zbigniew%20Kotowicz;https://www.google.com/search?q=R.%20D.%20Laing%20ve%20Anti-Psikiyatrinin%20Yollari%20Zbigniew%20Kotowicz&tbm=isch;1788; ;
2787;Kuresel Cagda Avrupa;Anthony Giddens;Kuresel Cagda Avrupa. Anthony Giddens;yes;;;2024;304;category?;read?;-;tbr?;reread?;H-4;homelibrary;https://www.google.com/search?q=Kuresel%20Cagda%20Avrupa%20Anthony%20Giddens;https://www.google.com/search?q=Kuresel%20Cagda%20Avrupa%20Anthony%20Giddens&tbm=isch;1787; ;
2786;Zihin Toplumu;Marvin Minsky;Zihin Toplumu. Marvin Minsky;yes;;;2024;408;category?;read?;-;📋;reread?;C-5;homelibrary;https://www.google.com/search?q=Zihin%20Toplumu%20Marvin%20Minsky;https://www.google.com/search?q=Zihin%20Toplumu%20Marvin%20Minsky&tbm=isch;1786; ;
2785;20. Yuzyilda Ne Oldu?;Peter Sloterdijk;20. Yuzyilda Ne Oldu?. Peter Sloterdijk;yes;;;2023;280;category?;read?;-;📋;reread?;G-4;homelibrary;https://www.google.com/search?q=20.%20Yuzyilda%20Ne%20Oldu?%20Peter%20Sloterdijk;https://www.google.com/search?q=20.%20Yuzyilda%20Ne%20Oldu?%20Peter%20Sloterdijk&tbm=isch;1785; ;
2784;The Family - Amerikan Iktidarinin Kalbindeki Gizli Fundamentalizm;Jeff Sharlet;The Family - Amerikan Iktidarinin Kalbindeki Gizli Fundamentalizm. Jeff Sharlet;released;;yes;2023;444;History & Political Thought;✅;-;tbr?;reread?;C-2;homelibrary;https://www.google.com/search?q=The%20Family%20-%20Amerikan%20Iktidarinin%20Kalbindeki%20Gizli%20Fundamentalizm%20Jeff%20Sharlet;https://www.google.com/search?q=The%20Family%20-%20Amerikan%20Iktidarinin%20Kalbindeki%20Gizli%20Fundamentalizm%20Jeff%20Sharlet&tbm=isch;1784; ;
2783;Kiyamet Notlari - Gelecek Endisesine Yolculuk;Mark O'Connell;Kiyamet Notlari - Gelecek Endisesine Yolculuk. Mark O'Connell;yes;;;2024;184;category?;✅;-;tbr?;reread?;C-5;homelibrary;https://www.google.com/search?q=Kiyamet%20Notlari%20-%20Gelecek%20Endisesine%20Yolculuk%20Mark%20O%27Connell;https://www.google.com/search?q=Kiyamet%20Notlari%20-%20Gelecek%20Endisesine%20Yolculuk%20Mark%20O%27Connell&tbm=isch;1783; ;
2782;Daha Adil, Daha Makul Bir Kuresel Ekonomi Mumkun Mu?;Dani Rodrik;Daha Adil, Daha Makul Bir Kuresel Ekonomi Mumkun Mu?. Dani Rodrik;yes;;;2019;328;category?;read?;-;📋;reread?;A-8;homelibrary;https://www.google.com/search?q=Daha%20Adil,%20Daha%20Makul%20Bir%20Kuresel%20Ekonomi%20Mumkun%20Mu?%20Dani%20Rodrik;https://www.google.com/search?q=Daha%20Adil,%20Daha%20Makul%20Bir%20Kuresel%20Ekonomi%20Mumkun%20Mu?%20Dani%20Rodrik&tbm=isch;1782; ;
2781;Cografyanin Intikami - Yaklasan Catismalar ve Kaderle Savas Hakkinda Harita Bize Neler Soyler?;Robert D. Kaplan;Cografyanin Intikami - Yaklasan Catismalar ve Kaderle Savas Hakkinda Harita Bize Neler Soyler?. Robert D. Kaplan;no;;;2022;425;category?;read?;-;📋;reread?;H-5;homelibrary;https://www.google.com/search?q=Cografyanin%20Intikami%20-%20Yaklasan%20Catismalar%20ve%20Kaderle%20Savas%20Hakkinda%20Harita%20Bize%20Neler%20Soyler?%20Robert%20D.%20Kaplan;https://www.google.com/search?q=Cografyanin%20Intikami%20-%20Yaklasan%20Catismalar%20ve%20Kaderle%20Savas%20Hakkinda%20Harita%20Bize%20Neler%20Soyler?%20Robert%20D.%20Kaplan&tbm=isch;1781; ;
2780;Antisosyal Ag - GameStop Olayi ve Wall Street’i Dize Getiren Bir Grup Amatorun Gercek Hikayesi;Ben Mezrich;Antisosyal Ag - GameStop Olayi ve Wall Street’i Dize Getiren Bir Grup Amatorun Gercek Hikayesi. Ben Mezrich;yes;;;2023;272;category?;✅;-;tbr?;reread?;C-2;homelibrary;https://www.google.com/search?q=Antisosyal%20Ag%20-%20GameStop%20Olayi%20ve%20Wall%20Street%E2%80%99i%20Dize%20Getiren%20Bir%20Grup%20Amatorun%20Gercek%20Hikayesi%20Ben%20Mezrich;https://www.google.com/search?q=Antisosyal%20Ag%20-%20GameStop%20Olayi%20ve%20Wall%20Street%E2%80%99i%20Dize%20Getiren%20Bir%20Grup%20Amatorun%20Gercek%20Hikayesi%20Ben%20Mezrich&tbm=isch;1780; ;
2779;Bir Seyler Eksik - Ask, Cinsellik ve Hayat Hakkinda Bilmek Istemedigimiz Seyler;Bulent Somay;Bir Seyler Eksik - Ask, Cinsellik ve Hayat Hakkinda Bilmek Istemedigimiz Seyler. Bulent Somay;yes;;;2020;144;Philosophy & Meaning;✅;-;tbr?;reread?;B-8;homelibrary;https://www.google.com/search?q=Bir%20Seyler%20Eksik%20-%20Ask,%20Cinsellik%20ve%20Hayat%20Hakkinda%20Bilmek%20Istemedigimiz%20Seyler%20Bulent%20Somay;https://www.google.com/search?q=Bir%20Seyler%20Eksik%20-%20Ask,%20Cinsellik%20ve%20Hayat%20Hakkinda%20Bilmek%20Istemedigimiz%20Seyler%20Bulent%20Somay&tbm=isch;1779; ;
2778;Freud'un Otoanalizi ve Psikanalizin Kesfi;Didier Anzieu;Freud'un Otoanalizi ve Psikanalizin Kesfi. Didier Anzieu;yes;;;2015;572;category?;read?;-;📋;reread?;B-4;homelibrary;https://www.google.com/search?q=Freud%27un%20Otoanalizi%20ve%20Psikanalizin%20Kesfi%20Didier%20Anzieu;https://www.google.com/search?q=Freud%27un%20Otoanalizi%20ve%20Psikanalizin%20Kesfi%20Didier%20Anzieu&tbm=isch;1778; ;
2777;Mimarlik Okulunda Hayatta Kalma Kilavuzu;Ian Jackson;Mimarlik Okulunda Hayatta Kalma Kilavuzu. Ian Jackson;no;;;2019;156;category?;read?;-;📋;reread?;E-4;homelibrary;https://www.google.com/search?q=Mimarlik%20Okulunda%20Hayatta%20Kalma%20Kilavuzu%20Ian%20Jackson;https://www.google.com/search?q=Mimarlik%20Okulunda%20Hayatta%20Kalma%20Kilavuzu%20Ian%20Jackson&tbm=isch;1777; ;
2776;Norofelsefe;Patricia S. Churchland;Norofelsefe. Patricia S. Churchland;yes;;;2020;592;category?;read?;-;📋;reread?;D-6;homelibrary;https://www.google.com/search?q=Norofelsefe%20Patricia%20S.%20Churchland;https://www.google.com/search?q=Norofelsefe%20Patricia%20S.%20Churchland&tbm=isch;1776; ;
2775;Dun Bugun Yarin;Isaac Asimov;Dun Bugun Yarin. Isaac Asimov;no;;;2005;479;category?;read?;-;tbr?;reread?;C-4;homelibrary;https://www.google.com/search?q=Dun%20Bugun%20Yarin%20Isaac%20Asimov;https://www.google.com/search?q=Dun%20Bugun%20Yarin%20Isaac%20Asimov&tbm=isch;1775; ;
2774;Dolu Dolu Yasadim;Isaac Asimov, Janet Jeppson Asimov;Dolu Dolu Yasadim. Isaac Asimov, Janet Jeppson Asimov;no;;;2007;320;category?;✅;-;tbr?;reread?;C-4;homelibrary;https://www.google.com/search?q=Dolu%20Dolu%20Yasadim%20Isaac%20Asimov,%20Janet%20Jeppson%20Asimov;https://www.google.com/search?q=Dolu%20Dolu%20Yasadim%20Isaac%20Asimov,%20Janet%20Jeppson%20Asimov&tbm=isch;1774; ;
2773;Ask Hakkinda Konusmalar;Natasha Lunn;Ask Hakkinda Konusmalar. Natasha Lunn;n/a;;;2023;304;category?;read?;-;📋;reread?;A-5;house-2;https://www.google.com/search?q=Ask%20Hakkinda%20Konusmalar%20Natasha%20Lunn;https://www.google.com/search?q=Ask%20Hakkinda%20Konusmalar%20Natasha%20Lunn&tbm=isch;1773; ;
2772;Olum Yasamla Bulustugunda - Bir Organ Nakli Cerrahindan Notlar;Joshua Mezrich;Olum Yasamla Bulustugunda - Bir Organ Nakli Cerrahindan Notlar. Joshua Mezrich;yes;;;2023;360;category?;read?;-;📋;reread?;B-9;homelibrary;https://www.google.com/search?q=Olum%20Yasamla%20Bulustugunda%20-%20Bir%20Organ%20Nakli%20Cerrahindan%20Notlar%20Joshua%20Mezrich;https://www.google.com/search?q=Olum%20Yasamla%20Bulustugunda%20-%20Bir%20Organ%20Nakli%20Cerrahindan%20Notlar%20Joshua%20Mezrich&tbm=isch;1772; ;
2771;Duygusal Cehalet - Duygu Biliminde Kaybolarak Kendini Bulmak;Dean Burnett;Duygusal Cehalet - Duygu Biliminde Kaybolarak Kendini Bulmak. Dean Burnett;yes;;;2024;408;category?;read?;-;📋;reread?;A-4;homelibrary;https://www.google.com/search?q=Duygusal%20Cehalet%20-%20Duygu%20Biliminde%20Kaybolarak%20Kendini%20Bulmak%20Dean%20Burnett;https://www.google.com/search?q=Duygusal%20Cehalet%20-%20Duygu%20Biliminde%20Kaybolarak%20Kendini%20Bulmak%20Dean%20Burnett&tbm=isch;1771; ;
2770;Gel Hayattan Konusalim;Alper Hasanoglu, Filiz Aygunduz;Gel Hayattan Konusalim. Alper Hasanoglu, Filiz Aygunduz;yes;;;2020;176;category?;read?;-;📋;reread?;A-6;homelibrary;https://www.google.com/search?q=Gel%20Hayattan%20Konusalim%20Alper%20Hasanoglu,%20Filiz%20Aygunduz;https://www.google.com/search?q=Gel%20Hayattan%20Konusalim%20Alper%20Hasanoglu,%20Filiz%20Aygunduz&tbm=isch;1770; ;
2769;Asapscience - Dunyanin En Garip Sorularina, En Meshur Soylentilerine ve Aciklanmamis Olaylarina Cevaplar;Mitchell Moffit, Greg Brown;Asapscience - Dunyanin En Garip Sorularina, En Meshur Soylentilerine ve Aciklanmamis Olaylarina Cevaplar. Mitchell Moffit, Greg Brown;released;;yes;2020;256;category?;✅;-;tbr?;reread?;D-4;homelibrary;https://www.google.com/search?q=Asapscience%20-%20Dunyanin%20En%20Garip%20Sorularina,%20En%20Meshur%20Soylentilerine%20ve%20Aciklanmamis%20Olaylarina%20Cevaplar%20Mitchell%20Moffit,%20Greg%20Brown;https://www.google.com/search?q=Asapscience%20-%20Dunyanin%20En%20Garip%20Sorularina,%20En%20Meshur%20Soylentilerine%20ve%20Aciklanmamis%20Olaylarina%20Cevaplar%20Mitchell%20Moffit,%20Greg%20Brown&tbm=isch;1769; ;
2768;Dusunme Seklinizi Degistirecek 101 Deneme;Brianna Wiest;Dusunme Seklinizi Degistirecek 101 Deneme. Brianna Wiest;yes;;;2023;432;category?;read?;-;📋;reread?;E-6;homelibrary;https://www.google.com/search?q=Dusunme%20Seklinizi%20Degistirecek%20101%20Deneme%20Brianna%20Wiest;https://www.google.com/search?q=Dusunme%20Seklinizi%20Degistirecek%20101%20Deneme%20Brianna%20Wiest&tbm=isch;1768; ;
2767;Basarili Bir Kadin Oldugum Icin Ozur Dilerim;Evrim Kuran;Basarili Bir Kadin Oldugum Icin Ozur Dilerim. Evrim Kuran;no;;;2024;128;category?;read?;-;tbr?;reread?;A-3;homelibrary;https://www.google.com/search?q=Basarili%20Bir%20Kadin%20Oldugum%20Icin%20Ozur%20Dilerim%20Evrim%20Kuran;https://www.google.com/search?q=Basarili%20Bir%20Kadin%20Oldugum%20Icin%20Ozur%20Dilerim%20Evrim%20Kuran&tbm=isch;1767; ;
2766;Yazilar - Birey ve Toplumun Psikodinamikleri Uzerine;Dogan Sahin;Yazilar - Birey ve Toplumun Psikodinamikleri Uzerine. Dogan Sahin;yes;;;2023;248;Psychology & Mental Life;✅;-;tbr?;📖;A-6;homelibrary;https://www.google.com/search?q=Yazilar%20-%20Birey%20ve%20Toplumun%20Psikodinamikleri%20Uzerine%20Dogan%20Sahin;https://www.google.com/search?q=Yazilar%20-%20Birey%20ve%20Toplumun%20Psikodinamikleri%20Uzerine%20Dogan%20Sahin&tbm=isch;1766; ;
2765;Tukendi - Kirilmis Tedarik Zincirleri, Yukselen Enflasyon ve Siyasi Istikrarsizlik Nasil Kuresel Ekonomiyi Batirir?;James Rickards;Tukendi - Kirilmis Tedarik Zincirleri, Yukselen Enflasyon ve Siyasi Istikrarsizlik Nasil Kuresel Ekonomiyi Batirir?. James Rickards;yes;;;2023;208;category?;read?;-;📋;reread?;B-7;homelibrary;https://www.google.com/search?q=Tukendi%20-%20Kirilmis%20Tedarik%20Zincirleri,%20Yukselen%20Enflasyon%20ve%20Siyasi%20Istikrarsizlik%20Nasil%20Kuresel%20Ekonomiyi%20Batirir?%20James%20Rickards;https://www.google.com/search?q=Tukendi%20-%20Kirilmis%20Tedarik%20Zincirleri,%20Yukselen%20Enflasyon%20ve%20Siyasi%20Istikrarsizlik%20Nasil%20Kuresel%20Ekonomiyi%20Batirir?%20James%20Rickards&tbm=isch;1765; ;
2764;Cokuse Giden Yol - Dunyayi Yoneten Seckinlerin Yaklasan Ekonomik Krizle Ilgili Gizli Planlari;James Rickards;Cokuse Giden Yol - Dunyayi Yoneten Seckinlerin Yaklasan Ekonomik Krizle Ilgili Gizli Planlari. James Rickards;yes;;;2023;260;category?;read?;-;📋;reread?;B-7;homelibrary;https://www.google.com/search?q=Cokuse%20Giden%20Yol%20-%20Dunyayi%20Yoneten%20Seckinlerin%20Yaklasan%20Ekonomik%20Krizle%20Ilgili%20Gizli%20Planlari%20James%20Rickards;https://www.google.com/search?q=Cokuse%20Giden%20Yol%20-%20Dunyayi%20Yoneten%20Seckinlerin%20Yaklasan%20Ekonomik%20Krizle%20Ilgili%20Gizli%20Planlari%20James%20Rickards&tbm=isch;1764; ;
2763;Kadinlik mi? Annelik mi?;Elisabeth Badinter;Kadinlik mi? Annelik mi?. Elisabeth Badinter;yes;;;2020;184;category?;read?;-;📋;reread?;B-5;homelibrary;https://www.google.com/search?q=Kadinlik%20mi?%20Annelik%20mi?%20Elisabeth%20Badinter;https://www.google.com/search?q=Kadinlik%20mi?%20Annelik%20mi?%20Elisabeth%20Badinter&tbm=isch;1763; ;
2762;Hesap Lutfen! - Ozgun, Dengeli ve Lezzetli Bir Yasamin Pesinde;Vedat Milor, Nurhak Kaya;Hesap Lutfen! - Ozgun, Dengeli ve Lezzetli Bir Yasamin Pesinde. Vedat Milor, Nurhak Kaya;released;;yes;2021;272;category?;✅;-;tbr?;reread?;G-6;homelibrary;https://www.google.com/search?q=Hesap%20Lutfen!%20-%20Ozgun,%20Dengeli%20ve%20Lezzetli%20Bir%20Yasamin%20Pesinde%20Vedat%20Milor,%20Nurhak%20Kaya;https://www.google.com/search?q=Hesap%20Lutfen!%20-%20Ozgun,%20Dengeli%20ve%20Lezzetli%20Bir%20Yasamin%20Pesinde%20Vedat%20Milor,%20Nurhak%20Kaya&tbm=isch;1762; ;
2761;Psikolog Olmayanlar Icin Psikoloji;Erich Fromm;Psikolog Olmayanlar Icin Psikoloji. Erich Fromm;yes;;;2024;200;category?;read?;-;📋;reread?;A-9;homelibrary;https://www.google.com/search?q=Psikolog%20Olmayanlar%20Icin%20Psikoloji%20Erich%20Fromm;https://www.google.com/search?q=Psikolog%20Olmayanlar%20Icin%20Psikoloji%20Erich%20Fromm&tbm=isch;1761; ;
2760;Kisilik ve Zihin - Ruh Sagligina Giris;Dogan Sahin;Kisilik ve Zihin - Ruh Sagligina Giris. Dogan Sahin;yes;;;2024;392;category?;read?;-;📋;reread?;A-6;homelibrary;https://www.google.com/search?q=Kisilik%20ve%20Zihin%20-%20Ruh%20Sagligina%20Giris%20Dogan%20Sahin;https://www.google.com/search?q=Kisilik%20ve%20Zihin%20-%20Ruh%20Sagligina%20Giris%20Dogan%20Sahin&tbm=isch;1760; ;
2759;Psikanalizin Icinden;Bella Habip;Psikanalizin Icinden. Bella Habip;yes;;;2024;256;category?;read?;-;📋;reread?;A-9;homelibrary;https://www.google.com/search?q=Psikanalizin%20Icinden%20Bella%20Habip;https://www.google.com/search?q=Psikanalizin%20Icinden%20Bella%20Habip&tbm=isch;1759; ;
2758;Sahip Olmak ya da Olmak;Erich Fromm;Sahip Olmak ya da Olmak. Erich Fromm;yes;;;2024;256;category?;read?;-;📋;reread?;A-9;homelibrary;https://www.google.com/search?q=Sahip%20Olmak%20ya%20da%20Olmak%20Erich%20Fromm;https://www.google.com/search?q=Sahip%20Olmak%20ya%20da%20Olmak%20Erich%20Fromm&tbm=isch;1758; ;
2757;Zengin Olma Bilimi;Wallace D. Wattles;Zengin Olma Bilimi. Wallace D. Wattles;yes;;;2023;94;category?;✅;-;tbr?;📖;G-8;homelibrary;https://www.google.com/search?q=Zengin%20Olma%20Bilimi%20Wallace%20D.%20Wattles;https://www.google.com/search?q=Zengin%20Olma%20Bilimi%20Wallace%20D.%20Wattles&tbm=isch;1757; ;
2756;Dusuncelerinizi Degistirin - Hayatiniz Degissin;Louise Hay;Dusuncelerinizi Degistirin - Hayatiniz Degissin. Louise Hay;yes;;;2024;304;category?;read?;-;📋;reread?;B-7;homelibrary;https://www.google.com/search?q=Dusuncelerinizi%20Degistirin%20-%20Hayatiniz%20Degissin%20Louise%20Hay;https://www.google.com/search?q=Dusuncelerinizi%20Degistirin%20-%20Hayatiniz%20Degissin%20Louise%20Hay&tbm=isch;1756; ;
2755;Askin Halleri - Ikili Iliskilere Farkli Bir Bakis;Alper Hasanoglu;Askin Halleri - Ikili Iliskilere Farkli Bir Bakis. Alper Hasanoglu;yes;;;2022;216;category?;✅;-;tbr?;reread?;A-6;homelibrary;https://www.google.com/search?q=Askin%20Halleri%20-%20Ikili%20Iliskilere%20Farkli%20Bir%20Bakis%20Alper%20Hasanoglu;https://www.google.com/search?q=Askin%20Halleri%20-%20Ikili%20Iliskilere%20Farkli%20Bir%20Bakis%20Alper%20Hasanoglu&tbm=isch;1755; ;
2754;Bir Terapistin Arka Bahcesi;Alper Hasanoglu;Bir Terapistin Arka Bahcesi. Alper Hasanoglu;yes;;;2022;240;category?;✅;-;tbr?;reread?;A-6;homelibrary;https://www.google.com/search?q=Bir%20Terapistin%20Arka%20Bahcesi%20Alper%20Hasanoglu;https://www.google.com/search?q=Bir%20Terapistin%20Arka%20Bahcesi%20Alper%20Hasanoglu&tbm=isch;1754; ;
2753;Iliskilerin Gunluk Hayati;Alper Hasanoglu;Iliskilerin Gunluk Hayati. Alper Hasanoglu;yes;;;2022;240;category?;✅;-;tbr?;reread?;A-6;homelibrary;https://www.google.com/search?q=Iliskilerin%20Gunluk%20Hayati%20Alper%20Hasanoglu;https://www.google.com/search?q=Iliskilerin%20Gunluk%20Hayati%20Alper%20Hasanoglu&tbm=isch;1753; ;
2752;Hayat Bilgisi - Bir Hayat Acemisinin Notlari;Alper Hasanoglu;Hayat Bilgisi - Bir Hayat Acemisinin Notlari. Alper Hasanoglu;yes;;;2024;320;category?;✅;-;tbr?;reread?;A-6;homelibrary;https://www.google.com/search?q=Hayat%20Bilgisi%20-%20Bir%20Hayat%20Acemisinin%20Notlari%20Alper%20Hasanoglu;https://www.google.com/search?q=Hayat%20Bilgisi%20-%20Bir%20Hayat%20Acemisinin%20Notlari%20Alper%20Hasanoglu&tbm=isch;1752; ;
2751;Askin Ogrenme – Kendini Yetistirme;Scott H. Young;Askin Ogrenme – Kendini Yetistirme. Scott H. Young;yes;;;2024;208;category?;read?;-;📋;reread?;F-3;homelibrary;https://www.google.com/search?q=Askin%20Ogrenme%20%E2%80%93%20Kendini%20Yetistirme%20Scott%20H.%20Young;https://www.google.com/search?q=Askin%20Ogrenme%20%E2%80%93%20Kendini%20Yetistirme%20Scott%20H.%20Young&tbm=isch;1751; ;
2750;Amerika Birlesik Devletleri Tarihi;Jill Lepore;Amerika Birlesik Devletleri Tarihi. Jill Lepore;no;;;2024;880;category?;read?;-;tbr?;reread?;H-5;homelibrary;https://www.google.com/search?q=Amerika%20Birlesik%20Devletleri%20Tarihi%20Jill%20Lepore;https://www.google.com/search?q=Amerika%20Birlesik%20Devletleri%20Tarihi%20Jill%20Lepore&tbm=isch;1750; ;
2749;Son Sevismenden Baslayalim Mi? - Seks Terapistinin Odasindan Hikayeler;Ian Kerner;Son Sevismenden Baslayalim Mi? - Seks Terapistinin Odasindan Hikayeler. Ian Kerner;yes;;;2023;376;category?;✅;-;tbr?;reread?;B-8;homelibrary;https://www.google.com/search?q=Son%20Sevismenden%20Baslayalim%20Mi?%20-%20Seks%20Terapistinin%20Odasindan%20Hikayeler%20Ian%20Kerner;https://www.google.com/search?q=Son%20Sevismenden%20Baslayalim%20Mi?%20-%20Seks%20Terapistinin%20Odasindan%20Hikayeler%20Ian%20Kerner&tbm=isch;1749; ;
2748;80 Trenle Dunya Turu;Monisha Rajesh;80 Trenle Dunya Turu. Monisha Rajesh;released;;yes;2024;344;Biography & Life Stories;✅;-;tbr?;reread?;E-10;homelibrary;https://www.google.com/search?q=80%20Trenle%20Dunya%20Turu%20Monisha%20Rajesh;https://www.google.com/search?q=80%20Trenle%20Dunya%20Turu%20Monisha%20Rajesh&tbm=isch;1748; ;
2747;Yazinsal Ustalik - Yazmak, Yazma Ozgurlugu ve Edebi Cinsiyetcilik Uzerine Dusunceler;Virginia Woolf;Yazinsal Ustalik - Yazmak, Yazma Ozgurlugu ve Edebi Cinsiyetcilik Uzerine Dusunceler. Virginia Woolf;yes;;;2023;178;category?;read?;-;📋;reread?;D-5;homelibrary;https://www.google.com/search?q=Yazinsal%20Ustalik%20-%20Yazmak,%20Yazma%20Ozgurlugu%20ve%20Edebi%20Cinsiyetcilik%20Uzerine%20Dusunceler%20Virginia%20Woolf;https://www.google.com/search?q=Yazinsal%20Ustalik%20-%20Yazmak,%20Yazma%20Ozgurlugu%20ve%20Edebi%20Cinsiyetcilik%20Uzerine%20Dusunceler%20Virginia%20Woolf&tbm=isch;1747; ;
2746;Yazdiktan Sonra Yak;Sharon Jones;Yazdiktan Sonra Yak. Sharon Jones;no;;;2023;190;category?;read?;-;📋;reread?;E-5;homelibrary;https://www.google.com/search?q=Yazdiktan%20Sonra%20Yak%20Sharon%20Jones;https://www.google.com/search?q=Yazdiktan%20Sonra%20Yak%20Sharon%20Jones&tbm=isch;1746; ;
2745;Uzun Omur Caginda Yasam - Egitim, Evlilik, Kariyer, Emeklilik Nasil ve Nereye Evriliyor?;Andrew Scott, Lynda Gratton;Uzun Omur Caginda Yasam - Egitim, Evlilik, Kariyer, Emeklilik Nasil ve Nereye Evriliyor?. Andrew Scott, Lynda Gratton;yes;;;2024;308;category?;read?;-;tbr?;reread?;A-10;homelibrary;https://www.google.com/search?q=Uzun%20Omur%20Caginda%20Yasam%20-%20Egitim,%20Evlilik,%20Kariyer,%20Emeklilik%20Nasil%20ve%20Nereye%20Evriliyor?%20Andrew%20Scott,%20Lynda%20Gratton;https://www.google.com/search?q=Uzun%20Omur%20Caginda%20Yasam%20-%20Egitim,%20Evlilik,%20Kariyer,%20Emeklilik%20Nasil%20ve%20Nereye%20Evriliyor?%20Andrew%20Scott,%20Lynda%20Gratton&tbm=isch;1745; ;
2744;Iklimin Degistirdigi Dunya;Marcus Rosenlund;Iklimin Degistirdigi Dunya. Marcus Rosenlund;yes;;;2020;272;category?;read?;-;📋;reread?;H-6;homelibrary;https://www.google.com/search?q=Iklimin%20Degistirdigi%20Dunya%20Marcus%20Rosenlund;https://www.google.com/search?q=Iklimin%20Degistirdigi%20Dunya%20Marcus%20Rosenlund&tbm=isch;1744; ;
2743;Zamanin Cografyasi - Kulturlerin Zaman Algisi Uzerine;Robert Levine;Zamanin Cografyasi - Kulturlerin Zaman Algisi Uzerine. Robert Levine;yes;;;2020;288;category?;read?;-;📋;reread?;C-6;homelibrary;https://www.google.com/search?q=Zamanin%20Cografyasi%20-%20Kulturlerin%20Zaman%20Algisi%20Uzerine%20Robert%20Levine;https://www.google.com/search?q=Zamanin%20Cografyasi%20-%20Kulturlerin%20Zaman%20Algisi%20Uzerine%20Robert%20Levine&tbm=isch;1743; ;
2742;Esitlik Tutkusu;Florent Guenard;Esitlik Tutkusu. Florent Guenard;yes;;;2024;272;category?;read?;-;tbr?;reread?;E-7;homelibrary;https://www.google.com/search?q=Esitlik%20Tutkusu%20Florent%20Guenard;https://www.google.com/search?q=Esitlik%20Tutkusu%20Florent%20Guenard&tbm=isch;1742; ;
2741;Neden Kopekleri Sever, Tavuklari Yer, Inekleri Giyeriz?;Melanie Joy;Neden Kopekleri Sever, Tavuklari Yer, Inekleri Giyeriz?. Melanie Joy;yes;;;2024;264;category?;read?;-;tbr?;reread?;F-4;homelibrary;https://www.google.com/search?q=Neden%20Kopekleri%20Sever,%20Tavuklari%20Yer,%20Inekleri%20Giyeriz?%20Melanie%20Joy;https://www.google.com/search?q=Neden%20Kopekleri%20Sever,%20Tavuklari%20Yer,%20Inekleri%20Giyeriz?%20Melanie%20Joy&tbm=isch;1741; ;
2740;Iki Kisilik Alan - Cocuk Psikanalizi Deneyimleri;Antonino Ferro;Iki Kisilik Alan - Cocuk Psikanalizi Deneyimleri. Antonino Ferro;yes;;;2024;256;category?;read?;-;📋;reread?;B-4;homelibrary;https://www.google.com/search?q=Iki%20Kisilik%20Alan%20-%20Cocuk%20Psikanalizi%20Deneyimleri%20Antonino%20Ferro;https://www.google.com/search?q=Iki%20Kisilik%20Alan%20-%20Cocuk%20Psikanalizi%20Deneyimleri%20Antonino%20Ferro&tbm=isch;1740; ;
2739;Catalin Neden Tadi Yoktur? - Ve Bilimi Sevdiren Bircok Ilginc Soru, Hem de Evden Cikmadan!;Devis Bellucci;Catalin Neden Tadi Yoktur? - Ve Bilimi Sevdiren Bircok Ilginc Soru, Hem de Evden Cikmadan!. Devis Bellucci;released;;yes;2023;180;category?;✅;-;tbr?;reread?;D-4;homelibrary;https://www.google.com/search?q=Catalin%20Neden%20Tadi%20Yoktur?%20-%20Ve%20Bilimi%20Sevdiren%20Bircok%20Ilginc%20Soru,%20Hem%20de%20Evden%20Cikmadan!%20Devis%20Bellucci;https://www.google.com/search?q=Catalin%20Neden%20Tadi%20Yoktur?%20-%20Ve%20Bilimi%20Sevdiren%20Bircok%20Ilginc%20Soru,%20Hem%20de%20Evden%20Cikmadan!%20Devis%20Bellucci&tbm=isch;1739; ;
2738;Yeni Buyuk Cokus;James Rickards;Yeni Buyuk Cokus. James Rickards;yes;;;2021;151;category?;read?;-;📋;reread?;G-4;homelibrary;https://www.google.com/search?q=Yeni%20Buyuk%20Cokus%20James%20Rickards;https://www.google.com/search?q=Yeni%20Buyuk%20Cokus%20James%20Rickards&tbm=isch;1738; ;
2737;Bunalim Ekonomisinin Geri Donusu ve Kuresel Kriz;Paul Krugman;Bunalim Ekonomisinin Geri Donusu ve Kuresel Kriz. Paul Krugman;n/a;;;2024;198;category?;read?;-;📋;reread?;G-4;house-2;https://www.google.com/search?q=Bunalim%20Ekonomisinin%20Geri%20Donusu%20ve%20Kuresel%20Kriz%20Paul%20Krugman;https://www.google.com/search?q=Bunalim%20Ekonomisinin%20Geri%20Donusu%20ve%20Kuresel%20Kriz%20Paul%20Krugman&tbm=isch;1737; ;
2736;Gonullu Cocuksuzluk - Aileyi Bastan Tanimlayan ve Yeni Bir Bagimsizlik Cagi Yaratan Hareket;Amy Blackstone;Gonullu Cocuksuzluk - Aileyi Bastan Tanimlayan ve Yeni Bir Bagimsizlik Cagi Yaratan Hareket. Amy Blackstone;yes;;;2023;278;Society & Culture;✅;-;tbr?;reread?;B-5;homelibrary;https://www.google.com/search?q=Gonullu%20Cocuksuzluk%20-%20Aileyi%20Bastan%20Tanimlayan%20ve%20Yeni%20Bir%20Bagimsizlik%20Cagi%20Yaratan%20Hareket%20Amy%20Blackstone;https://www.google.com/search?q=Gonullu%20Cocuksuzluk%20-%20Aileyi%20Bastan%20Tanimlayan%20ve%20Yeni%20Bir%20Bagimsizlik%20Cagi%20Yaratan%20Hareket%20Amy%20Blackstone&tbm=isch;1736; ;
2735;The War for Talent;Ed Michaels, Helen Handfield-Jones, Beth Axelrod;The War for Talent. Ed Michaels, Helen Handfield-Jones, Beth Axelrod;no;;;2001;200;category?;read?;-;tbr?;reread?;F-7;homelibrary;https://www.google.com/search?q=The%20War%20for%20Talent%20Ed%20Michaels,%20Helen%20Handfield-Jones,%20Beth%20Axelrod;https://www.google.com/search?q=The%20War%20for%20Talent%20Ed%20Michaels,%20Helen%20Handfield-Jones,%20Beth%20Axelrod&tbm=isch;1735; ;
2734;Socialnomics - How Social Media Transforms the Way We Live and Do Business;Erik Qualman;Socialnomics - How Social Media Transforms the Way We Live and Do Business. Erik Qualman;yes;;;2010;320;category?;read?;-;📋;reread?;F-7;homelibrary;https://www.google.com/search?q=Socialnomics%20-%20How%20Social%20Media%20Transforms%20the%20Way%20We%20Live%20and%20Do%20Business%20Erik%20Qualman;https://www.google.com/search?q=Socialnomics%20-%20How%20Social%20Media%20Transforms%20the%20Way%20We%20Live%20and%20Do%20Business%20Erik%20Qualman&tbm=isch;1734; ;
2733;Who's Your City? - How the Creative Economy Is Making Where to Live the Most Important Decision of Your Life;Richard Florida;Who's Your City? - How the Creative Economy Is Making Where to Live the Most Important Decision of Your Life. Richard Florida;yes;;;2009;384;category?;read?;-;📋;reread?;F-7;homelibrary;https://www.google.com/search?q=Who%27s%20Your%20City?%20-%20How%20the%20Creative%20Economy%20Is%20Making%20Where%20to%20Live%20the%20Most%20Important%20Decision%20of%20Your%20Life%20Richard%20Florida;https://www.google.com/search?q=Who%27s%20Your%20City?%20-%20How%20the%20Creative%20Economy%20Is%20Making%20Where%20to%20Live%20the%20Most%20Important%20Decision%20of%20Your%20Life%20Richard%20Florida&tbm=isch;1733; ;
2732;The End of Work - The Decline of the Global Labor Force and the Dawn of the Post-market Era;Jeremy Rifkin;The End of Work - The Decline of the Global Labor Force and the Dawn of the Post-market Era. Jeremy Rifkin;yes;;;1995;350;category?;read?;-;📋;reread?;F-7;homelibrary;https://www.google.com/search?q=The%20End%20of%20Work%20-%20The%20Decline%20of%20the%20Global%20Labor%20Force%20and%20the%20Dawn%20of%20the%20Post-market%20Era%20Jeremy%20Rifkin;https://www.google.com/search?q=The%20End%20of%20Work%20-%20The%20Decline%20of%20the%20Global%20Labor%20Force%20and%20the%20Dawn%20of%20the%20Post-market%20Era%20Jeremy%20Rifkin&tbm=isch;1732; ;
2731;Yuz Yogasi - Dogal Yuz Gerdirme ile Kirisikliklardan Kurtulma;Annelise Hagen;Yuz Yogasi - Dogal Yuz Gerdirme ile Kirisikliklardan Kurtulma. Annelise Hagen;released;;yes;2008;204;category?;read?;-;tbr?;reread?;G-9;homelibrary;https://www.google.com/search?q=Yuz%20Yogasi%20-%20Dogal%20Yuz%20Gerdirme%20ile%20Kirisikliklardan%20Kurtulma%20Annelise%20Hagen;https://www.google.com/search?q=Yuz%20Yogasi%20-%20Dogal%20Yuz%20Gerdirme%20ile%20Kirisikliklardan%20Kurtulma%20Annelise%20Hagen&tbm=isch;1731; ;
2730;Yeni Insan Kaynaklari - Performans Artirmak Icin Etkin Cozumler;Jonathan Smilansky;Yeni Insan Kaynaklari - Performans Artirmak Icin Etkin Cozumler. Jonathan Smilansky;no;;;2002;145;category?;read?;-;tbr?;reread?;G-2;homelibrary;https://www.google.com/search?q=Yeni%20Insan%20Kaynaklari%20-%20Performans%20Artirmak%20Icin%20Etkin%20Cozumler%20Jonathan%20Smilansky;https://www.google.com/search?q=Yeni%20Insan%20Kaynaklari%20-%20Performans%20Artirmak%20Icin%20Etkin%20Cozumler%20Jonathan%20Smilansky&tbm=isch;1730; ;
2729;The Style Strategy - A Less-Is-More Approach to Staying Chic and Shopping Smart;Nina Garcia;The Style Strategy - A Less-Is-More Approach to Staying Chic and Shopping Smart. Nina Garcia;no;;;2010;192;category?;read?;-;tbr?;reread?;E-10;homelibrary;https://www.google.com/search?q=The%20Style%20Strategy%20-%20A%20Less-Is-More%20Approach%20to%20Staying%20Chic%20and%20Shopping%20Smart%20Nina%20Garcia;https://www.google.com/search?q=The%20Style%20Strategy%20-%20A%20Less-Is-More%20Approach%20to%20Staying%20Chic%20and%20Shopping%20Smart%20Nina%20Garcia&tbm=isch;1729; ;
2728;The Little Black Book of Style;Nina Garcia;The Little Black Book of Style. Nina Garcia;no;;;2010;160;category?;read?;-;tbr?;reread?;E-10;homelibrary;https://www.google.com/search?q=The%20Little%20Black%20Book%20of%20Style%20Nina%20Garcia;https://www.google.com/search?q=The%20Little%20Black%20Book%20of%20Style%20Nina%20Garcia&tbm=isch;1728; ;
2727;Deha - Steve Jobs’in Kisa Tarihi;Anthony C. Brown;Deha - Steve Jobs’in Kisa Tarihi. Anthony C. Brown;released;;yes;2016;180;category?;read?;-;tbr?;reread?;C-1;homelibrary;https://www.google.com/search?q=Deha%20-%20Steve%20Jobs%E2%80%99in%20Kisa%20Tarihi%20Anthony%20C.%20Brown;https://www.google.com/search?q=Deha%20-%20Steve%20Jobs%E2%80%99in%20Kisa%20Tarihi%20Anthony%20C.%20Brown&tbm=isch;1727; ;
2726;Reflections in the Light - Daily Thoughts and Affirmations;Shakti Gawain;Reflections in the Light - Daily Thoughts and Affirmations. Shakti Gawain;yes;;;2003;192;category?;read?;-;📋;reread?;B-7;homelibrary;https://www.google.com/search?q=Reflections%20in%20the%20Light%20-%20Daily%20Thoughts%20and%20Affirmations%20Shakti%20Gawain;https://www.google.com/search?q=Reflections%20in%20the%20Light%20-%20Daily%20Thoughts%20and%20Affirmations%20Shakti%20Gawain&tbm=isch;1726; ;
2725;Freud ve Annesi;Deborah P. Margolis;Freud ve Annesi. Deborah P. Margolis;yes;;;1997;163;category?;read?;-;tbr?;reread?;B-4;homelibrary;https://www.google.com/search?q=Freud%20ve%20Annesi%20Deborah%20P.%20Margolis;https://www.google.com/search?q=Freud%20ve%20Annesi%20Deborah%20P.%20Margolis&tbm=isch;1725; ;
2724;Sanat Kitabi - 500 Sanatci 500 Sanat Eseri;Mine Haydaroglu;Sanat Kitabi - 500 Sanatci 500 Sanat Eseri. Mine Haydaroglu;yes;;;1997;514;category?;read?;-;tbr?;reread?;B-3;homelibrary;https://www.google.com/search?q=Sanat%20Kitabi%20-%20500%20Sanatci%20500%20Sanat%20Eseri%20Mine%20Haydaroglu;https://www.google.com/search?q=Sanat%20Kitabi%20-%20500%20Sanatci%20500%20Sanat%20Eseri%20Mine%20Haydaroglu&tbm=isch;1724; ;
2723;Karakteriniz Kaderinizdir;Russel W. Gough;Karakteriniz Kaderinizdir. Russel W. Gough;yes;;;2010;186;category?;✅;-;tbr?;reread?;E-7;homelibrary;https://www.google.com/search?q=Karakteriniz%20Kaderinizdir%20Russel%20W.%20Gough;https://www.google.com/search?q=Karakteriniz%20Kaderinizdir%20Russel%20W.%20Gough&tbm=isch;1723; ;
2722;Bilgelik Arayisi - Yaratici Baglantiya Giden Spirituel Yol;Julia Cameron;Bilgelik Arayisi - Yaratici Baglantiya Giden Spirituel Yol. Julia Cameron;yes;;;2024;216;category?;read?;-;📋;reread?;E-8;homelibrary;https://www.google.com/search?q=Bilgelik%20Arayisi%20-%20Yaratici%20Baglantiya%20Giden%20Spirituel%20Yol%20Julia%20Cameron;https://www.google.com/search?q=Bilgelik%20Arayisi%20-%20Yaratici%20Baglantiya%20Giden%20Spirituel%20Yol%20Julia%20Cameron&tbm=isch;1722; ;
2721;Neden Cocuk Kitaplari Okumaliyiz - Ne Kadar Buyuk ve Bilge Olursak Olalim;Katherine Rundell;Neden Cocuk Kitaplari Okumaliyiz - Ne Kadar Buyuk ve Bilge Olursak Olalim. Katherine Rundell;no;;;2020;74;category?;✅;-;tbr?;reread?;E-5;homelibrary;https://www.google.com/search?q=Neden%20Cocuk%20Kitaplari%20Okumaliyiz%20-%20Ne%20Kadar%20Buyuk%20ve%20Bilge%20Olursak%20Olalim%20Katherine%20Rundell;https://www.google.com/search?q=Neden%20Cocuk%20Kitaplari%20Okumaliyiz%20-%20Ne%20Kadar%20Buyuk%20ve%20Bilge%20Olursak%20Olalim%20Katherine%20Rundell&tbm=isch;1721; ;
2720;Bes Yasindaki Cocuk Bunu Neden Yapamaz;Susie Hodge;Bes Yasindaki Cocuk Bunu Neden Yapamaz. Susie Hodge;yes;;;2016;225;category?;read?;-;📋;reread?;B-3;homelibrary;https://www.google.com/search?q=Bes%20Yasindaki%20Cocuk%20Bunu%20Neden%20Yapamaz%20Susie%20Hodge;https://www.google.com/search?q=Bes%20Yasindaki%20Cocuk%20Bunu%20Neden%20Yapamaz%20Susie%20Hodge&tbm=isch;1720; ;
2719;Psikoterapi Nedir?;Alain De Botton;Psikoterapi Nedir?. Alain De Botton;yes;;;2024;122;category?;read?;-;📋;reread?;D-4;homelibrary;https://www.google.com/search?q=Psikoterapi%20Nedir?%20Alain%20De%20Botton;https://www.google.com/search?q=Psikoterapi%20Nedir?%20Alain%20De%20Botton&tbm=isch;1719; ;
2718;Wall Street’te Isyan - Genc Yatirimcilar Dayanismayla Balinalari Nasil Dize Getirdi?;Spencer Jakap;Wall Street’te Isyan - Genc Yatirimcilar Dayanismayla Balinalari Nasil Dize Getirdi?. Spencer Jakap;no;;;2024;244;category?;read?;-;📋;reread?;E-9;homelibrary;https://www.google.com/search?q=Wall%20Street%E2%80%99te%20Isyan%20-%20Genc%20Yatirimcilar%20Dayanismayla%20Balinalari%20Nasil%20Dize%20Getirdi?%20Spencer%20Jakap;https://www.google.com/search?q=Wall%20Street%E2%80%99te%20Isyan%20-%20Genc%20Yatirimcilar%20Dayanismayla%20Balinalari%20Nasil%20Dize%20Getirdi?%20Spencer%20Jakap&tbm=isch;1718; ;
2717;Hacker - Bir Sibermafya Patronunun Gercek Oykusu;Kevin Poulsen;Hacker - Bir Sibermafya Patronunun Gercek Oykusu. Kevin Poulsen;yes;;;2020;312;category?;✅;-;tbr?;reread?;E-9;homelibrary;https://www.google.com/search?q=Hacker%20-%20Bir%20Sibermafya%20Patronunun%20Gercek%20Oykusu%20Kevin%20Poulsen;https://www.google.com/search?q=Hacker%20-%20Bir%20Sibermafya%20Patronunun%20Gercek%20Oykusu%20Kevin%20Poulsen&tbm=isch;1717; ;
2716;Vegan Pisirici;Umut Recber;Vegan Pisirici. Umut Recber;no;;;2023;160;category?;read?;-;tbr?;reread?;F-4;homelibrary;https://www.google.com/search?q=Vegan%20Pisirici%20Umut%20Recber;https://www.google.com/search?q=Vegan%20Pisirici%20Umut%20Recber&tbm=isch;1716; ;
2715;Orneklerle Kolay Ekonomi;Mahfi Egilmez;Orneklerle Kolay Ekonomi. Mahfi Egilmez;released;;yes;2019;192;category?;✅;-;tbr?;reread?;E-10;homelibrary;https://www.google.com/search?q=Orneklerle%20Kolay%20Ekonomi%20Mahfi%20Egilmez;https://www.google.com/search?q=Orneklerle%20Kolay%20Ekonomi%20Mahfi%20Egilmez&tbm=isch;1715; ;
2714;Hedge Cambazlari;Barton Biggs;Hedge Cambazlari. Barton Biggs;released;;yes;2020;400;category?;read?;-;tbr?;reread?;F-2;homelibrary;https://www.google.com/search?q=Hedge%20Cambazlari%20Barton%20Biggs;https://www.google.com/search?q=Hedge%20Cambazlari%20Barton%20Biggs&tbm=isch;1714; ;
2713;Varolus Isyani - Moderniteye Bakis ve Yeni Bir Mucadele Arayisi;N. Toygar Ates;Varolus Isyani - Moderniteye Bakis ve Yeni Bir Mucadele Arayisi. N. Toygar Ates;n/a;;;2022;408;category?;read?;-;📋;reread?;B-5;house-2;https://www.google.com/search?q=Varolus%20Isyani%20-%20Moderniteye%20Bakis%20ve%20Yeni%20Bir%20Mucadele%20Arayisi%20N.%20Toygar%20Ates;https://www.google.com/search?q=Varolus%20Isyani%20-%20Moderniteye%20Bakis%20ve%20Yeni%20Bir%20Mucadele%20Arayisi%20N.%20Toygar%20Ates&tbm=isch;1713; ;
2712;Dunya Nasil Zenginlesti?;Mark Koyama, Jared Rubin;Dunya Nasil Zenginlesti?. Mark Koyama, Jared Rubin;yes;;;2024;400;category?;read?;-;📋;reread?;E-7;homelibrary;https://www.google.com/search?q=Dunya%20Nasil%20Zenginlesti?%20Mark%20Koyama,%20Jared%20Rubin;https://www.google.com/search?q=Dunya%20Nasil%20Zenginlesti?%20Mark%20Koyama,%20Jared%20Rubin&tbm=isch;1712; ;
2711;Dunyanin Duzlesmesi - Kulturun Krizi ve Normlarin Tahakkumu;Olivier Roy;Dunyanin Duzlesmesi - Kulturun Krizi ve Normlarin Tahakkumu. Olivier Roy;n/a;;;2024;200;category?;read?;-;📋;reread?;E-7;house-2;https://www.google.com/search?q=Dunyanin%20Duzlesmesi%20-%20Kulturun%20Krizi%20ve%20Normlarin%20Tahakkumu%20Olivier%20Roy;https://www.google.com/search?q=Dunyanin%20Duzlesmesi%20-%20Kulturun%20Krizi%20ve%20Normlarin%20Tahakkumu%20Olivier%20Roy&tbm=isch;1711; ;
2710;Dunyanin Alisverisi Biraktigi Gun - Tuketimcilige Son Vermek Cevreyi ve Kendimizi Nasil Kurtarir?;J. B. Mackinnon;Dunyanin Alisverisi Biraktigi Gun - Tuketimcilige Son Vermek Cevreyi ve Kendimizi Nasil Kurtarir?. J. B. Mackinnon;yes;;;2024;352;category?;read?;-;📋;reread?;F-6;homelibrary;https://www.google.com/search?q=Dunyanin%20Alisverisi%20Biraktigi%20Gun%20-%20Tuketimcilige%20Son%20Vermek%20Cevreyi%20ve%20Kendimizi%20Nasil%20Kurtarir?%20J.%20B.%20Mackinnon;https://www.google.com/search?q=Dunyanin%20Alisverisi%20Biraktigi%20Gun%20-%20Tuketimcilige%20Son%20Vermek%20Cevreyi%20ve%20Kendimizi%20Nasil%20Kurtarir?%20J.%20B.%20Mackinnon&tbm=isch;1710; ;
2709;El;Darian Leader;El. Darian Leader;yes;;;2020;144;category?;read?;-;📋;reread?;A-5;homelibrary;https://www.google.com/search?q=El%20Darian%20Leader;https://www.google.com/search?q=El%20Darian%20Leader&tbm=isch;1709; ;
2708;Nevrotik Tarzlar;David Shapiro;Nevrotik Tarzlar. David Shapiro;yes;;;2024;272;category?;read?;-;📋;reread?;B-5;homelibrary;https://www.google.com/search?q=Nevrotik%20Tarzlar%20David%20Shapiro;https://www.google.com/search?q=Nevrotik%20Tarzlar%20David%20Shapiro&tbm=isch;1708; ;
2707;Freud Olmak - Bir Psikanalistin Gelisimi;Adam Phillips;Freud Olmak - Bir Psikanalistin Gelisimi. Adam Phillips;yes;;;2017;180;category?;read?;-;📋;reread?;B-4;homelibrary;https://www.google.com/search?q=Freud%20Olmak%20-%20Bir%20Psikanalistin%20Gelisimi%20Adam%20Phillips;https://www.google.com/search?q=Freud%20Olmak%20-%20Bir%20Psikanalistin%20Gelisimi%20Adam%20Phillips&tbm=isch;1707; ;
2706;Dijital Varlik Devrimi;Alex Tapscott;Dijital Varlik Devrimi. Alex Tapscott;no;;;2023;248;category?;read?;-;tbr?;reread?;F-2;homelibrary;https://www.google.com/search?q=Dijital%20Varlik%20Devrimi%20Alex%20Tapscott;https://www.google.com/search?q=Dijital%20Varlik%20Devrimi%20Alex%20Tapscott&tbm=isch;1706; ;
2705;Romantik Utopyayi Tuketmek - Ask ve Kapitalizmin Kulturel Celiskileri;Eva Illouz;Romantik Utopyayi Tuketmek - Ask ve Kapitalizmin Kulturel Celiskileri. Eva Illouz;n/a;;;2024;536;category?;read?;-;📋;reread?;A-5;house-2;https://www.google.com/search?q=Romantik%20Utopyayi%20Tuketmek%20-%20Ask%20ve%20Kapitalizmin%20Kulturel%20Celiskileri%20Eva%20Illouz;https://www.google.com/search?q=Romantik%20Utopyayi%20Tuketmek%20-%20Ask%20ve%20Kapitalizmin%20Kulturel%20Celiskileri%20Eva%20Illouz&tbm=isch;1705; ;
2704;Kiyamet Hicbir Zaman - Cevreci Evhamcilik Neden Hepimize Zarar Veriyor?;Michael Shellenberger;Kiyamet Hicbir Zaman - Cevreci Evhamcilik Neden Hepimize Zarar Veriyor?. Michael Shellenberger;yes;;;2024;402;category?;read?;-;📋;reread?;H-6;homelibrary;https://www.google.com/search?q=Kiyamet%20Hicbir%20Zaman%20-%20Cevreci%20Evhamcilik%20Neden%20Hepimize%20Zarar%20Veriyor?%20Michael%20Shellenberger;https://www.google.com/search?q=Kiyamet%20Hicbir%20Zaman%20-%20Cevreci%20Evhamcilik%20Neden%20Hepimize%20Zarar%20Veriyor?%20Michael%20Shellenberger&tbm=isch;1704; ;
2703;Blokzincir Devrimi - Bitcoin ve Diger Kripto Para Birimlerine Ait Teknoloji Dunyamizi Ne Sekilde Degistiriyor?;Alex Tapscott, Don Tapscott;Blokzincir Devrimi - Bitcoin ve Diger Kripto Para Birimlerine Ait Teknoloji Dunyamizi Ne Sekilde Degistiriyor?. Alex Tapscott, Don Tapscott;no;;;2022;440;category?;read?;-;tbr?;reread?;F-2;homelibrary;https://www.google.com/search?q=Blokzincir%20Devrimi%20-%20Bitcoin%20ve%20Diger%20Kripto%20Para%20Birimlerine%20Ait%20Teknoloji%20Dunyamizi%20Ne%20Sekilde%20Degistiriyor?%20Alex%20Tapscott,%20Don%20Tapscott;https://www.google.com/search?q=Blokzincir%20Devrimi%20-%20Bitcoin%20ve%20Diger%20Kripto%20Para%20Birimlerine%20Ait%20Teknoloji%20Dunyamizi%20Ne%20Sekilde%20Degistiriyor?%20Alex%20Tapscott,%20Don%20Tapscott&tbm=isch;1703; ;
2702;WEB3 - Internetin Bir Sonraki Ekonomik ve Kulturel Sinirinin Haritasini Cikarmak;Alex Tapscott;WEB3 - Internetin Bir Sonraki Ekonomik ve Kulturel Sinirinin Haritasini Cikarmak. Alex Tapscott;no;;;2024;256;category?;read?;-;tbr?;reread?;F-2;homelibrary;https://www.google.com/search?q=WEB3%20-%20Internetin%20Bir%20Sonraki%20Ekonomik%20ve%20Kulturel%20Sinirinin%20Haritasini%20Cikarmak%20Alex%20Tapscott;https://www.google.com/search?q=WEB3%20-%20Internetin%20Bir%20Sonraki%20Ekonomik%20ve%20Kulturel%20Sinirinin%20Haritasini%20Cikarmak%20Alex%20Tapscott&tbm=isch;1702; ;
2701;Zamanlarin Sonu Ustune Soylesiler;Umberto Eco, Jean Claude Carriere, Stephen Jay Gould, Jean Delumeau;Zamanlarin Sonu Ustune Soylesiler. Umberto Eco, Jean Claude Carriere, Stephen Jay Gould, Jean Delumeau;yes;;;2001;262;category?;✅;-;tbr?;📖;E-7;homelibrary;https://www.google.com/search?q=Zamanlarin%20Sonu%20Ustune%20Soylesiler%20Umberto%20Eco,%20Jean%20Claude%20Carriere,%20Stephen%20Jay%20Gould,%20Jean%20Delumeau;https://www.google.com/search?q=Zamanlarin%20Sonu%20Ustune%20Soylesiler%20Umberto%20Eco,%20Jean%20Claude%20Carriere,%20Stephen%20Jay%20Gould,%20Jean%20Delumeau&tbm=isch;1701; ;
2700;Onurlu Kalkinma - Kendi Kaderini Tayin, Yerellesme ve Yoksullugun Sonu;Tom G. Palmer, Matt Warner;Onurlu Kalkinma - Kendi Kaderini Tayin, Yerellesme ve Yoksullugun Sonu. Tom G. Palmer, Matt Warner;no;;;2024;256;category?;read?;-;tbr?;reread?;H-4;homelibrary;https://www.google.com/search?q=Onurlu%20Kalkinma%20-%20Kendi%20Kaderini%20Tayin,%20Yerellesme%20ve%20Yoksullugun%20Sonu%20Tom%20G.%20Palmer,%20Matt%20Warner;https://www.google.com/search?q=Onurlu%20Kalkinma%20-%20Kendi%20Kaderini%20Tayin,%20Yerellesme%20ve%20Yoksullugun%20Sonu%20Tom%20G.%20Palmer,%20Matt%20Warner&tbm=isch;1700; ;
2699;Nevrozlar ve Insan Gelisimi;Karen Horney;Nevrozlar ve Insan Gelisimi. Karen Horney;yes;;;2017;424;category?;read?;-;📋;reread?;A-5;homelibrary;https://www.google.com/search?q=Nevrozlar%20ve%20Insan%20Gelisimi%20Karen%20Horney;https://www.google.com/search?q=Nevrozlar%20ve%20Insan%20Gelisimi%20Karen%20Horney&tbm=isch;1699; ;
2698;Cinselligin Safagi - Nasil Eslesir, Neden Yoldan Cikariz ve Bu Modern Iliskilerde Ne Anlama Gelir;Christopher Ryan, Cecilda Jetha;Cinselligin Safagi - Nasil Eslesir, Neden Yoldan Cikariz ve Bu Modern Iliskilerde Ne Anlama Gelir. Christopher Ryan, Cecilda Jetha;yes;;;2017;520;category?;✅;-;tbr?;📖;B-8;homelibrary;https://www.google.com/search?q=Cinselligin%20Safagi%20-%20Nasil%20Eslesir,%20Neden%20Yoldan%20Cikariz%20ve%20Bu%20Modern%20Iliskilerde%20Ne%20Anlama%20Gelir%20Christopher%20Ryan,%20Cecilda%20Jetha;https://www.google.com/search?q=Cinselligin%20Safagi%20-%20Nasil%20Eslesir,%20Neden%20Yoldan%20Cikariz%20ve%20Bu%20Modern%20Iliskilerde%20Ne%20Anlama%20Gelir%20Christopher%20Ryan,%20Cecilda%20Jetha&tbm=isch;1698; ;
2697;Gezegenlerin Gizli Yasami - Guncel Bir Gunes Sistemi Kullanim Kilavuzu;Paul Murdin;Gezegenlerin Gizli Yasami - Guncel Bir Gunes Sistemi Kullanim Kilavuzu. Paul Murdin;yes;;;2024;224;category?;read?;-;tbr?;reread?;H-6;homelibrary;https://www.google.com/search?q=Gezegenlerin%20Gizli%20Yasami%20-%20Guncel%20Bir%20Gunes%20Sistemi%20Kullanim%20Kilavuzu%20Paul%20Murdin;https://www.google.com/search?q=Gezegenlerin%20Gizli%20Yasami%20-%20Guncel%20Bir%20Gunes%20Sistemi%20Kullanim%20Kilavuzu%20Paul%20Murdin&tbm=isch;1697; ;
2696;Hayvan Haklarini Savunmak - Abolisyonist Veganin El Kitabi;Gary L. Francione, Anna Charlton;Hayvan Haklarini Savunmak - Abolisyonist Veganin El Kitabi. Gary L. Francione, Anna Charlton;yes;;;2024;240;category?;read?;-;📋;reread?;G-4;homelibrary;https://www.google.com/search?q=Hayvan%20Haklarini%20Savunmak%20-%20Abolisyonist%20Veganin%20El%20Kitabi%20Gary%20L.%20Francione,%20Anna%20Charlton;https://www.google.com/search?q=Hayvan%20Haklarini%20Savunmak%20-%20Abolisyonist%20Veganin%20El%20Kitabi%20Gary%20L.%20Francione,%20Anna%20Charlton&tbm=isch;1696; ;
2695;Jim Simons - Piyasalarin Sifresini Cozen Adam;Gregory Zuckerman;Jim Simons - Piyasalarin Sifresini Cozen Adam. Gregory Zuckerman;no;;;2023;389;category?;read?;-;📋;reread?;A-10;homelibrary;https://www.google.com/search?q=Jim%20Simons%20-%20Piyasalarin%20Sifresini%20Cozen%20Adam%20Gregory%20Zuckerman;https://www.google.com/search?q=Jim%20Simons%20-%20Piyasalarin%20Sifresini%20Cozen%20Adam%20Gregory%20Zuckerman&tbm=isch;1695; ;
2694;Buyumek - Cocuklugun Evrimi;Brenna Hassett;Buyumek - Cocuklugun Evrimi. Brenna Hassett;yes;;;2024;344;category?;read?;-;📋;reread?;A-7;homelibrary;https://www.google.com/search?q=Buyumek%20-%20Cocuklugun%20Evrimi%20Brenna%20Hassett;https://www.google.com/search?q=Buyumek%20-%20Cocuklugun%20Evrimi%20Brenna%20Hassett&tbm=isch;1694; ;
2693;Neden Calisalim ki? - Bos Zaman Toplumuna Dair Savlar;David Graeber, William Morris, Peter Kropotkin, Voltairine De Cleyre, George Woodcock, Colin Ward, Juliet Schor, Bertrand Russel;Neden Calisalim ki? - Bos Zaman Toplumuna Dair Savlar. David Graeber, William Morris, Peter Kropotkin, Voltairine De Cleyre, George Woodcock, Colin Ward, Juliet Schor, Bertrand Russel;yes;;;2024;304;category?;read?;-;📋;reread?;A-10;homelibrary;https://www.google.com/search?q=Neden%20Calisalim%20ki?%20-%20Bos%20Zaman%20Toplumuna%20Dair%20Savlar%20David%20Graeber,%20William%20Morris,%20Peter%20Kropotkin,%20Voltairine%20De%20Cleyre,%20George%20Woodcock,%20Colin%20Ward,%20Juliet%20Schor,%20Bertrand%20Russel;https://www.google.com/search?q=Neden%20Calisalim%20ki?%20-%20Bos%20Zaman%20Toplumuna%20Dair%20Savlar%20David%20Graeber,%20William%20Morris,%20Peter%20Kropotkin,%20Voltairine%20De%20Cleyre,%20George%20Woodcock,%20Colin%20Ward,%20Juliet%20Schor,%20Bertrand%20Russel&tbm=isch;1693; ;
2692;Insanlarin Sekillendirdigi Bir Dunyada Hayvanlari Nasil Sevmeli?;Henry Mance;Insanlarin Sekillendirdigi Bir Dunyada Hayvanlari Nasil Sevmeli?. Henry Mance;yes;;;2024;400;category?;read?;-;📋;reread?;G-4;homelibrary;https://www.google.com/search?q=Insanlarin%20Sekillendirdigi%20Bir%20Dunyada%20Hayvanlari%20Nasil%20Sevmeli?%20Henry%20Mance;https://www.google.com/search?q=Insanlarin%20Sekillendirdigi%20Bir%20Dunyada%20Hayvanlari%20Nasil%20Sevmeli?%20Henry%20Mance&tbm=isch;1692; ;
2691;Karanlik Coktugunde - Insanlar Neden Intihar Eder ve Bunu Onlemek Icin Ne Yapabiliriz?;Rory O'Connor;Karanlik Coktugunde - Insanlar Neden Intihar Eder ve Bunu Onlemek Icin Ne Yapabiliriz?. Rory O'Connor;n/a;;;2023;376;category?;read?;-;📋;reread?;A-5;house-2;https://www.google.com/search?q=Karanlik%20Coktugunde%20-%20Insanlar%20Neden%20Intihar%20Eder%20ve%20Bunu%20Onlemek%20Icin%20Ne%20Yapabiliriz?%20Rory%20O%27Connor;https://www.google.com/search?q=Karanlik%20Coktugunde%20-%20Insanlar%20Neden%20Intihar%20Eder%20ve%20Bunu%20Onlemek%20Icin%20Ne%20Yapabiliriz?%20Rory%20O%27Connor&tbm=isch;1691; ;
2690;Her Gun Vazgecebilme Takvimi;Guy Finley;Her Gun Vazgecebilme Takvimi. Guy Finley;yes;;;2024;384;category?;read?;-;📋;reread?;B-7;homelibrary;https://www.google.com/search?q=Her%20Gun%20Vazgecebilme%20Takvimi%20Guy%20Finley;https://www.google.com/search?q=Her%20Gun%20Vazgecebilme%20Takvimi%20Guy%20Finley&tbm=isch;1690; ;
2689;Muayyen Gunler - Menstruasyonun Gercek Hikayesi;Kate Clancy;Muayyen Gunler - Menstruasyonun Gercek Hikayesi. Kate Clancy;yes;;;2024;312;category?;read?;-;📋;reread?;B-8;homelibrary;https://www.google.com/search?q=Muayyen%20Gunler%20-%20Menstruasyonun%20Gercek%20Hikayesi%20Kate%20Clancy;https://www.google.com/search?q=Muayyen%20Gunler%20-%20Menstruasyonun%20Gercek%20Hikayesi%20Kate%20Clancy&tbm=isch;1689; ;
2688;Kendin Olmanin Dayanilmaz Hafifligi - Varoluscu Psikoterapiden ve Felsefeden Ogrenebileceklerimiz;Ferhat Jak Icoz;Kendin Olmanin Dayanilmaz Hafifligi - Varoluscu Psikoterapiden ve Felsefeden Ogrenebileceklerimiz. Ferhat Jak Icoz;yes;;;2024;240;category?;✅;-;tbr?;📖;A-7;homelibrary;https://www.google.com/search?q=Kendin%20Olmanin%20Dayanilmaz%20Hafifligi%20-%20Varoluscu%20Psikoterapiden%20ve%20Felsefeden%20Ogrenebileceklerimiz%20Ferhat%20Jak%20Icoz;https://www.google.com/search?q=Kendin%20Olmanin%20Dayanilmaz%20Hafifligi%20-%20Varoluscu%20Psikoterapiden%20ve%20Felsefeden%20Ogrenebileceklerimiz%20Ferhat%20Jak%20Icoz&tbm=isch;1688; ;
2687;Ne Menem Bir Dunya Bu? - Insanlararasi Baglarin ve Pandeminin Fenomenolojisi;Judith Butler;Ne Menem Bir Dunya Bu? - Insanlararasi Baglarin ve Pandeminin Fenomenolojisi. Judith Butler;yes;;;2024;120;category?;read?;-;📋;reread?;A-6;homelibrary;https://www.google.com/search?q=Ne%20Menem%20Bir%20Dunya%20Bu?%20-%20Insanlararasi%20Baglarin%20ve%20Pandeminin%20Fenomenolojisi%20Judith%20Butler;https://www.google.com/search?q=Ne%20Menem%20Bir%20Dunya%20Bu?%20-%20Insanlararasi%20Baglarin%20ve%20Pandeminin%20Fenomenolojisi%20Judith%20Butler&tbm=isch;1687; ;
2686;Mutlu Para - Daha Mutlu Harcama Yapmanin Bilimi;Elizabeth Dunn, Michael Norton;Mutlu Para - Daha Mutlu Harcama Yapmanin Bilimi. Elizabeth Dunn, Michael Norton;yes;;;2019;234;category?;read?;-;📋;reread?;C-3;homelibrary;https://www.google.com/search?q=Mutlu%20Para%20-%20Daha%20Mutlu%20Harcama%20Yapmanin%20Bilimi%20Elizabeth%20Dunn,%20Michael%20Norton;https://www.google.com/search?q=Mutlu%20Para%20-%20Daha%20Mutlu%20Harcama%20Yapmanin%20Bilimi%20Elizabeth%20Dunn,%20Michael%20Norton&tbm=isch;1686; ;
2685;Freud’u Anlamak - Hayatta ve Terapide;Michael D. Kahn;Freud’u Anlamak - Hayatta ve Terapide. Michael D. Kahn;yes;;;2023;240;category?;read?;-;📋;reread?;B-4;homelibrary;https://www.google.com/search?q=Freud%E2%80%99u%20Anlamak%20-%20Hayatta%20ve%20Terapide%20Michael%20D.%20Kahn;https://www.google.com/search?q=Freud%E2%80%99u%20Anlamak%20-%20Hayatta%20ve%20Terapide%20Michael%20D.%20Kahn&tbm=isch;1685; ;
2684;Seks Yapma Hakki;Amia Srinivasan;Seks Yapma Hakki. Amia Srinivasan;n/a;;;2024;264;category?;read?;-;📋;reread?;B-8;house-2;https://www.google.com/search?q=Seks%20Yapma%20Hakki%20Amia%20Srinivasan;https://www.google.com/search?q=Seks%20Yapma%20Hakki%20Amia%20Srinivasan&tbm=isch;1684; ;
2683;Dijital Donusum - Kitlesel Yok Olus Caginda Hayatta Kalmak ve Basarili Olmak;Thomas M. Siebel;Dijital Donusum - Kitlesel Yok Olus Caginda Hayatta Kalmak ve Basarili Olmak. Thomas M. Siebel;no;;;2022;268;category?;✅;-;tbr?;reread?;E-3;homelibrary;https://www.google.com/search?q=Dijital%20Donusum%20-%20Kitlesel%20Yok%20Olus%20Caginda%20Hayatta%20Kalmak%20ve%20Basarili%20Olmak%20Thomas%20M.%20Siebel;https://www.google.com/search?q=Dijital%20Donusum%20-%20Kitlesel%20Yok%20Olus%20Caginda%20Hayatta%20Kalmak%20ve%20Basarili%20Olmak%20Thomas%20M.%20Siebel&tbm=isch;1683; ;
2682;Yoga Anatomi;Leslie Kaminoff, Amy Matthews;Yoga Anatomi. Leslie Kaminoff, Amy Matthews;no;;;2019;288;category?;read?;-;tbr?;reread?;F-9;homelibrary;https://www.google.com/search?q=Yoga%20Anatomi%20Leslie%20Kaminoff,%20Amy%20Matthews;https://www.google.com/search?q=Yoga%20Anatomi%20Leslie%20Kaminoff,%20Amy%20Matthews&tbm=isch;1682; ;
2681;Her Seyin Nedeni - Dunya'daki Yasamin Mucizesi;John Gribbin;Her Seyin Nedeni - Dunya'daki Yasamin Mucizesi. John Gribbin;no;;;2015;256;category?;read?;-;tbr?;reread?;E-8;homelibrary;https://www.google.com/search?q=Her%20Seyin%20Nedeni%20-%20Dunya%27daki%20Yasamin%20Mucizesi%20John%20Gribbin;https://www.google.com/search?q=Her%20Seyin%20Nedeni%20-%20Dunya%27daki%20Yasamin%20Mucizesi%20John%20Gribbin&tbm=isch;1681; ;
2680;Deli Doktorlari - Psikyatrinin Bilinmeyen Oykusu;Jeffrey A. Lieberman, Ogi Ogas;Deli Doktorlari - Psikyatrinin Bilinmeyen Oykusu. Jeffrey A. Lieberman, Ogi Ogas;yes;;;2020;392;category?;✅;-;tbr?;📖;A-5;homelibrary;https://www.google.com/search?q=Deli%20Doktorlari%20-%20Psikyatrinin%20Bilinmeyen%20Oykusu%20Jeffrey%20A.%20Lieberman,%20Ogi%20Ogas;https://www.google.com/search?q=Deli%20Doktorlari%20-%20Psikyatrinin%20Bilinmeyen%20Oykusu%20Jeffrey%20A.%20Lieberman,%20Ogi%20Ogas&tbm=isch;1680; ;
2679;Veri Nasil Olustu? - Akil Cagindan Algoritma Cagina Uzanan Bir Tarih;Chris Wiggins, Matthew L. Jones;Veri Nasil Olustu? - Akil Cagindan Algoritma Cagina Uzanan Bir Tarih. Chris Wiggins, Matthew L. Jones;yes;;;2024;400;category?;read?;-;📋;reread?;C-5;homelibrary;https://www.google.com/search?q=Veri%20Nasil%20Olustu?%20-%20Akil%20Cagindan%20Algoritma%20Cagina%20Uzanan%20Bir%20Tarih%20Chris%20Wiggins,%20Matthew%20L.%20Jones;https://www.google.com/search?q=Veri%20Nasil%20Olustu?%20-%20Akil%20Cagindan%20Algoritma%20Cagina%20Uzanan%20Bir%20Tarih%20Chris%20Wiggins,%20Matthew%20L.%20Jones&tbm=isch;1679; ;
2678;Psikanaliz Dusunur Musunuz?;Karen Horney;Psikanaliz Dusunur Musunuz?. Karen Horney;yes;;;2024;193;category?;read?;-;📋;reread?;A-5;homelibrary;https://www.google.com/search?q=Psikanaliz%20Dusunur%20Musunuz?%20Karen%20Horney;https://www.google.com/search?q=Psikanaliz%20Dusunur%20Musunuz?%20Karen%20Horney&tbm=isch;1678; ;
2677;Vazgecebilmenin Isiginda 365 Gun;Guy Finley;Vazgecebilmenin Isiginda 365 Gun. Guy Finley;yes;;;2023;408;category?;read?;-;📋;reread?;B-7;homelibrary;https://www.google.com/search?q=Vazgecebilmenin%20Isiginda%20365%20Gun%20Guy%20Finley;https://www.google.com/search?q=Vazgecebilmenin%20Isiginda%20365%20Gun%20Guy%20Finley&tbm=isch;1677; ;
2676;Erkek Beyni;Louann Brizendine;Erkek Beyni. Louann Brizendine;released;;yes;2022;336;category?;✅;-;tbr?;reread?;A-3;homelibrary;https://www.google.com/search?q=Erkek%20Beyni%20Louann%20Brizendine;https://www.google.com/search?q=Erkek%20Beyni%20Louann%20Brizendine&tbm=isch;1676; ;
2675;Orta Yas ve Sonrasinda Kadin Beyni;Louann Brizendine;Orta Yas ve Sonrasinda Kadin Beyni. Louann Brizendine;released;;yes;2023;384;category?;✅;-;tbr?;reread?;A-3;homelibrary;https://www.google.com/search?q=Orta%20Yas%20ve%20Sonrasinda%20Kadin%20Beyni%20Louann%20Brizendine;https://www.google.com/search?q=Orta%20Yas%20ve%20Sonrasinda%20Kadin%20Beyni%20Louann%20Brizendine&tbm=isch;1675; ;
2674;Kadin Beyni;Louann Brizendine;Kadin Beyni. Louann Brizendine;released;;yes;2022;328;category?;✅;-;tbr?;reread?;A-3;homelibrary;https://www.google.com/search?q=Kadin%20Beyni%20Louann%20Brizendine;https://www.google.com/search?q=Kadin%20Beyni%20Louann%20Brizendine&tbm=isch;1674; ;
2673;Enerji Tibbi - Optimum Saglik, Mutluluk ve Canlilik Icin Beden Enerjilerinizi Dengeleyin;Donna Eden, David Feinstein;Enerji Tibbi - Optimum Saglik, Mutluluk ve Canlilik Icin Beden Enerjilerinizi Dengeleyin. Donna Eden, David Feinstein;yes;;;2014;420;category?;read?;-;tbr?;reread?;G-7;homelibrary;https://www.google.com/search?q=Enerji%20Tibbi%20-%20Optimum%20Saglik,%20Mutluluk%20ve%20Canlilik%20Icin%20Beden%20Enerjilerinizi%20Dengeleyin%20Donna%20Eden,%20David%20Feinstein;https://www.google.com/search?q=Enerji%20Tibbi%20-%20Optimum%20Saglik,%20Mutluluk%20ve%20Canlilik%20Icin%20Beden%20Enerjilerinizi%20Dengeleyin%20Donna%20Eden,%20David%20Feinstein&tbm=isch;1673; ;
2672;Nietzsche Agladiginda;Irvin D. Yalom;Nietzsche Agladiginda. Irvin D. Yalom;yes;;;2007;415;category?;read?;-;📋;reread?;H-8;homelibrary;https://www.google.com/search?q=Nietzsche%20Agladiginda%20Irvin%20D.%20Yalom;https://www.google.com/search?q=Nietzsche%20Agladiginda%20Irvin%20D.%20Yalom&tbm=isch;1672; ;
2671;Tanri Yanilgisi;Richard Dawkins;Tanri Yanilgisi. Richard Dawkins;yes;;;2008;352;category?;read?;-;📋;reread?;H-3;homelibrary;https://www.google.com/search?q=Tanri%20Yanilgisi%20Richard%20Dawkins;https://www.google.com/search?q=Tanri%20Yanilgisi%20Richard%20Dawkins&tbm=isch;1671; ;
2670;Dunyanin Kokeni - Vajina;Jelto Drenth;Dunyanin Kokeni - Vajina. Jelto Drenth;yes;;;2007;384;category?;read?;-;📋;reread?;B-8;homelibrary;https://www.google.com/search?q=Dunyanin%20Kokeni%20-%20Vajina%20Jelto%20Drenth;https://www.google.com/search?q=Dunyanin%20Kokeni%20-%20Vajina%20Jelto%20Drenth&tbm=isch;1670; ;
2669;Iliklerine Kadar Yazmak (Kitap & Kartlar);Natalie Goldberg;Iliklerine Kadar Yazmak (Kitap & Kartlar). Natalie Goldberg;yes;;;2023;232;category?;read?;-;📋;reread?;D-5;homelibrary;https://www.google.com/search?q=Iliklerine%20Kadar%20Yazmak%20(Kitap%20&%20Kartlar)%20Natalie%20Goldberg;https://www.google.com/search?q=Iliklerine%20Kadar%20Yazmak%20(Kitap%20&%20Kartlar)%20Natalie%20Goldberg&tbm=isch;1669; ;
2668;Yazarin Odasi 2;Orhan Pamuk, Raymond Carver, Paul Auster, Saul Bellow, Toni Morrison, Philip Roth, Ezra Pound, Haruki Murakami, Alice Munro;Yazarin Odasi 2. Orhan Pamuk, Raymond Carver, Paul Auster, Saul Bellow, Toni Morrison, Philip Roth, Ezra Pound, Haruki Murakami, Alice Munro;yes;;;2017;336;category?;read?;-;📋;reread?;D-5;homelibrary;https://www.google.com/search?q=Yazarin%20Odasi%202%20Orhan%20Pamuk,%20Raymond%20Carver,%20Paul%20Auster,%20Saul%20Bellow,%20Toni%20Morrison,%20Philip%20Roth,%20Ezra%20Pound,%20Haruki%20Murakami,%20Alice%20Munro;https://www.google.com/search?q=Yazarin%20Odasi%202%20Orhan%20Pamuk,%20Raymond%20Carver,%20Paul%20Auster,%20Saul%20Bellow,%20Toni%20Morrison,%20Philip%20Roth,%20Ezra%20Pound,%20Haruki%20Murakami,%20Alice%20Munro&tbm=isch;1668; ;
2667;Yazarin Odasi 1;Orhan Pamuk, Raymond Carver, Paul Auster, Saul Bellow, Toni Morrison, Philip Roth, Ezra Pound, Haruki Murakami, Alice Munro, Philip Gourevitch;Yazarin Odasi 1. Orhan Pamuk, Raymond Carver, Paul Auster, Saul Bellow, Toni Morrison, Philip Roth, Ezra Pound, Haruki Murakami, Alice Munro, Philip Gourevitch;yes;;;2017;304;category?;read?;-;📋;reread?;D-5;homelibrary;https://www.google.com/search?q=Yazarin%20Odasi%201%20Orhan%20Pamuk,%20Raymond%20Carver,%20Paul%20Auster,%20Saul%20Bellow,%20Toni%20Morrison,%20Philip%20Roth,%20Ezra%20Pound,%20Haruki%20Murakami,%20Alice%20Munro,%20Philip%20Gourevitch;https://www.google.com/search?q=Yazarin%20Odasi%201%20Orhan%20Pamuk,%20Raymond%20Carver,%20Paul%20Auster,%20Saul%20Bellow,%20Toni%20Morrison,%20Philip%20Roth,%20Ezra%20Pound,%20Haruki%20Murakami,%20Alice%20Munro,%20Philip%20Gourevitch&tbm=isch;1667; ;
2666;Olumcul Kimlikler;Amin Maalouf;Olumcul Kimlikler. Amin Maalouf;yes;;;2022;136;category?;read?;-;📋;reread?;B-6;homelibrary;https://www.google.com/search?q=Olumcul%20Kimlikler%20Amin%20Maalouf;https://www.google.com/search?q=Olumcul%20Kimlikler%20Amin%20Maalouf&tbm=isch;1666; ;
2665;Uygarliklarin Batisi;Amin Maalouf;Uygarliklarin Batisi. Amin Maalouf;yes;;;2019;200;category?;read?;-;📋;reread?;B-6;homelibrary;https://www.google.com/search?q=Uygarliklarin%20Batisi%20Amin%20Maalouf;https://www.google.com/search?q=Uygarliklarin%20Batisi%20Amin%20Maalouf&tbm=isch;1665; ;
2664;Civisi Cikmis Dunya - Uygarliklarimiz Tukendiginde;Amin Maalouf;Civisi Cikmis Dunya - Uygarliklarimiz Tukendiginde. Amin Maalouf;yes;;;2019;216;category?;read?;-;📋;reread?;B-6;homelibrary;https://www.google.com/search?q=Civisi%20Cikmis%20Dunya%20-%20Uygarliklarimiz%20Tukendiginde%20Amin%20Maalouf;https://www.google.com/search?q=Civisi%20Cikmis%20Dunya%20-%20Uygarliklarimiz%20Tukendiginde%20Amin%20Maalouf&tbm=isch;1664; ;
2663;Karanligi Aydinlat - Yazarlar Anlatiyor - Yaraticilik, Ilham ve Sanatsal Yaratim Sureci;Joe Fassler;Karanligi Aydinlat - Yazarlar Anlatiyor - Yaraticilik, Ilham ve Sanatsal Yaratim Sureci. Joe Fassler;yes;;;2019;352;category?;read?;-;📋;reread?;D-5;homelibrary;https://www.google.com/search?q=Karanligi%20Aydinlat%20-%20Yazarlar%20Anlatiyor%20-%20Yaraticilik,%20Ilham%20ve%20Sanatsal%20Yaratim%20Sureci%20Joe%20Fassler;https://www.google.com/search?q=Karanligi%20Aydinlat%20-%20Yazarlar%20Anlatiyor%20-%20Yaraticilik,%20Ilham%20ve%20Sanatsal%20Yaratim%20Sureci%20Joe%20Fassler&tbm=isch;1663; ;
2662;Bir Yazar Nasil Okunur? Cagdas Dunya Edebiyatindan Yazarlarla Soylesiler;John Freeman;Bir Yazar Nasil Okunur? Cagdas Dunya Edebiyatindan Yazarlarla Soylesiler. John Freeman;yes;;;2018;376;category?;read?;-;📋;reread?;D-5;homelibrary;https://www.google.com/search?q=Bir%20Yazar%20Nasil%20Okunur?%20Cagdas%20Dunya%20Edebiyatindan%20Yazarlarla%20Soylesiler%20John%20Freeman;https://www.google.com/search?q=Bir%20Yazar%20Nasil%20Okunur?%20Cagdas%20Dunya%20Edebiyatindan%20Yazarlarla%20Soylesiler%20John%20Freeman&tbm=isch;1662; ;
2661;Asagidaki Mucize - Vajina ve Kadin Cinselligi Kilavuzu;Nina Brochmann, Ellen Stokken Dahl;Asagidaki Mucize - Vajina ve Kadin Cinselligi Kilavuzu. Nina Brochmann, Ellen Stokken Dahl;yes;;;2022;342;category?;read?;-;📋;reread?;B-8;homelibrary;https://www.google.com/search?q=Asagidaki%20Mucize%20-%20Vajina%20ve%20Kadin%20Cinselligi%20Kilavuzu%20Nina%20Brochmann,%20Ellen%20Stokken%20Dahl;https://www.google.com/search?q=Asagidaki%20Mucize%20-%20Vajina%20ve%20Kadin%20Cinselligi%20Kilavuzu%20Nina%20Brochmann,%20Ellen%20Stokken%20Dahl&tbm=isch;1661; ;
2660;Hakikatin Gucu - Amerika Birlesik Devletleri Halklarinin Tarihi Uzerine Sohbetler;Howard Zinn, Ray Suarez;Hakikatin Gucu - Amerika Birlesik Devletleri Halklarinin Tarihi Uzerine Sohbetler. Howard Zinn, Ray Suarez;no;;;2021;187;category?;read?;-;tbr?;reread?;H-5;homelibrary;https://www.google.com/search?q=Hakikatin%20Gucu%20-%20Amerika%20Birlesik%20Devletleri%20Halklarinin%20Tarihi%20Uzerine%20Sohbetler%20Howard%20Zinn,%20Ray%20Suarez;https://www.google.com/search?q=Hakikatin%20Gucu%20-%20Amerika%20Birlesik%20Devletleri%20Halklarinin%20Tarihi%20Uzerine%20Sohbetler%20Howard%20Zinn,%20Ray%20Suarez&tbm=isch;1660; ;
2659;Anneni ve Babani Terk Edeceksin;Philippe Julien;Anneni ve Babani Terk Edeceksin. Philippe Julien;yes;;;2023;112;category?;✅;-;tbr?;📖;B-5;homelibrary;https://www.google.com/search?q=Anneni%20ve%20Babani%20Terk%20Edeceksin%20Philippe%20Julien;https://www.google.com/search?q=Anneni%20ve%20Babani%20Terk%20Edeceksin%20Philippe%20Julien&tbm=isch;1659; ;
2658;101 Derste Psikoloji - Psikoloji Hakkinda Bilmeniz Gereken Her Sey;Tim Bono, Matthew Frederick;101 Derste Psikoloji - Psikoloji Hakkinda Bilmeniz Gereken Her Sey. Tim Bono, Matthew Frederick;no;;;2024;216;category?;✅;-;tbr?;reread?;D-3;homelibrary;https://www.google.com/search?q=101%20Derste%20Psikoloji%20-%20Psikoloji%20Hakkinda%20Bilmeniz%20Gereken%20Her%20Sey%20Tim%20Bono,%20Matthew%20Frederick;https://www.google.com/search?q=101%20Derste%20Psikoloji%20-%20Psikoloji%20Hakkinda%20Bilmeniz%20Gereken%20Her%20Sey%20Tim%20Bono,%20Matthew%20Frederick&tbm=isch;1658; ;
2657;100 Basyapitta Sanat - En Onemli Sanat Eserleri Ne Anlatiyor?;Susie Hodge;100 Basyapitta Sanat - En Onemli Sanat Eserleri Ne Anlatiyor?. Susie Hodge;yes;;;2024;224;category?;read?;-;tbr?;reread?;B-3;homelibrary;https://www.google.com/search?q=100%20Basyapitta%20Sanat%20-%20En%20Onemli%20Sanat%20Eserleri%20Ne%20Anlatiyor?%20Susie%20Hodge;https://www.google.com/search?q=100%20Basyapitta%20Sanat%20-%20En%20Onemli%20Sanat%20Eserleri%20Ne%20Anlatiyor?%20Susie%20Hodge&tbm=isch;1657; ;
2656;Modern Sanatin Kisa Oykusu;Susie Hodge;Modern Sanatin Kisa Oykusu. Susie Hodge;yes;;;2022;224;category?;read?;-;tbr?;reread?;B-3;homelibrary;https://www.google.com/search?q=Modern%20Sanatin%20Kisa%20Oykusu%20Susie%20Hodge;https://www.google.com/search?q=Modern%20Sanatin%20Kisa%20Oykusu%20Susie%20Hodge&tbm=isch;1656; ;
2655;Sanatin Kisa Oykusu - Ana Akimlara, Eserlere, Temalara ve Tekniklere Yonelik Cep Kilavuzu;Susie Hodge;Sanatin Kisa Oykusu - Ana Akimlara, Eserlere, Temalara ve Tekniklere Yonelik Cep Kilavuzu. Susie Hodge;yes;;;2021;224;category?;read?;-;tbr?;reread?;B-3;homelibrary;https://www.google.com/search?q=Sanatin%20Kisa%20Oykusu%20-%20Ana%20Akimlara,%20Eserlere,%20Temalara%20ve%20Tekniklere%20Yonelik%20Cep%20Kilavuzu%20Susie%20Hodge;https://www.google.com/search?q=Sanatin%20Kisa%20Oykusu%20-%20Ana%20Akimlara,%20Eserlere,%20Temalara%20ve%20Tekniklere%20Yonelik%20Cep%20Kilavuzu%20Susie%20Hodge&tbm=isch;1655; ;
2654;Curumenin Kitabi;Emil Michel Ciaron;Curumenin Kitabi. Emil Michel Ciaron;yes;;;2023;192;category?;read?;-;📋;reread?;G-5;homelibrary;https://www.google.com/search?q=Curumenin%20Kitabi%20Emil%20Michel%20Ciaron;https://www.google.com/search?q=Curumenin%20Kitabi%20Emil%20Michel%20Ciaron&tbm=isch;1654; ;
2653;Seylerin Tuhaf Duzeni;Antonio Damasio;Seylerin Tuhaf Duzeni. Antonio Damasio;yes;;;2022;356;category?;read?;-;📋;reread?;H-3;homelibrary;https://www.google.com/search?q=Seylerin%20Tuhaf%20Duzeni%20Antonio%20Damasio;https://www.google.com/search?q=Seylerin%20Tuhaf%20Duzeni%20Antonio%20Damasio&tbm=isch;1653; ;
2652;Manifest Et - Dunyani Degistir;Gill Thackray;Manifest Et - Dunyani Degistir. Gill Thackray;no;;;2023;128;category?;read?;-;📋;reread?;E-5;homelibrary;https://www.google.com/search?q=Manifest%20Et%20-%20Dunyani%20Degistir%20Gill%20Thackray;https://www.google.com/search?q=Manifest%20Et%20-%20Dunyani%20Degistir%20Gill%20Thackray&tbm=isch;1652; ;
2651;Seylesme - Bir Taniyis Teorisi;Axel Honneth;Seylesme - Bir Taniyis Teorisi. Axel Honneth;yes;;;2023;96;category?;read?;-;📋;reread?;H-3;homelibrary;https://www.google.com/search?q=Seylesme%20-%20Bir%20Taniyis%20Teorisi%20Axel%20Honneth;https://www.google.com/search?q=Seylesme%20-%20Bir%20Taniyis%20Teorisi%20Axel%20Honneth&tbm=isch;1651; ;
2650;Yalnizlik Zamaninda Ask - Durtu ve Arzu Uzerine Uc Deneme;Paul Verhaeghe;Yalnizlik Zamaninda Ask - Durtu ve Arzu Uzerine Uc Deneme. Paul Verhaeghe;yes;;;2023;200;category?;✅;-;tbr?;📖;G-5;homelibrary;https://www.google.com/search?q=Yalnizlik%20Zamaninda%20Ask%20-%20Durtu%20ve%20Arzu%20Uzerine%20Uc%20Deneme%20Paul%20Verhaeghe;https://www.google.com/search?q=Yalnizlik%20Zamaninda%20Ask%20-%20Durtu%20ve%20Arzu%20Uzerine%20Uc%20Deneme%20Paul%20Verhaeghe&tbm=isch;1650; ;
2649;Yetiskin Olmak - Buyumek ve Duygusal Olgunluga Erismek;Lara A. Fielding;Yetiskin Olmak - Buyumek ve Duygusal Olgunluga Erismek. Lara A. Fielding;released;;yes;2020;240;category?;✅;-;tbr?;reread?;F-3;homelibrary;https://www.google.com/search?q=Yetiskin%20Olmak%20-%20Buyumek%20ve%20Duygusal%20Olgunluga%20Erismek%20Lara%20A.%20Fielding;https://www.google.com/search?q=Yetiskin%20Olmak%20-%20Buyumek%20ve%20Duygusal%20Olgunluga%20Erismek%20Lara%20A.%20Fielding&tbm=isch;1649; ;
2648;Avrupa Ne Istiyor? Avrupa Birligi ve Onun Hosnutsuzluklari;Slavoj Zizek, Srecko Horvat;Avrupa Ne Istiyor? Avrupa Birligi ve Onun Hosnutsuzluklari. Slavoj Zizek, Srecko Horvat;yes;;;2015;208;category?;✅;-;tbr?;reread?;G-5;homelibrary;https://www.google.com/search?q=Avrupa%20Ne%20Istiyor?%20Avrupa%20Birligi%20ve%20Onun%20Hosnutsuzluklari%20Slavoj%20Zizek,%20Srecko%20Horvat;https://www.google.com/search?q=Avrupa%20Ne%20Istiyor?%20Avrupa%20Birligi%20ve%20Onun%20Hosnutsuzluklari%20Slavoj%20Zizek,%20Srecko%20Horvat&tbm=isch;1648; ;
2647;Acinin Antropolojisi;David Le Breton;Acinin Antropolojisi. David Le Breton;yes;;;2022;240;category?;read?;-;📋;reread?;A-7;homelibrary;https://www.google.com/search?q=Acinin%20Antropolojisi%20David%20Le%20Breton;https://www.google.com/search?q=Acinin%20Antropolojisi%20David%20Le%20Breton&tbm=isch;1647; ;
2646;Kisa Avrupa Tarihi;John Hirst;Kisa Avrupa Tarihi. John Hirst;no;;;2023;248;category?;read?;-;tbr?;reread?;H-5;homelibrary;https://www.google.com/search?q=Kisa%20Avrupa%20Tarihi%20John%20Hirst;https://www.google.com/search?q=Kisa%20Avrupa%20Tarihi%20John%20Hirst&tbm=isch;1646; ;
2645;Ingiltere'nin Kisa Tarihi;Simon Jenkins;Ingiltere'nin Kisa Tarihi. Simon Jenkins;no;;;2020;360;category?;read?;-;tbr?;reread?;H-5;homelibrary;https://www.google.com/search?q=Ingiltere%27nin%20Kisa%20Tarihi%20Simon%20Jenkins;https://www.google.com/search?q=Ingiltere%27nin%20Kisa%20Tarihi%20Simon%20Jenkins&tbm=isch;1645; ;
2644;Kisa Avrupa Tarihi - Antik Cag'dan Gunumuze;Simon Jenkins;Kisa Avrupa Tarihi - Antik Cag'dan Gunumuze. Simon Jenkins;no;;;2023;384;category?;read?;-;tbr?;reread?;H-5;homelibrary;https://www.google.com/search?q=Kisa%20Avrupa%20Tarihi%20-%20Antik%20Cag%27dan%20Gunumuze%20Simon%20Jenkins;https://www.google.com/search?q=Kisa%20Avrupa%20Tarihi%20-%20Antik%20Cag%27dan%20Gunumuze%20Simon%20Jenkins&tbm=isch;1644; ;
2643;Cinsiyetlendirilmis Beyin - Kadin Beyni Efsanesini Paramparca Eden Yeni Sinirbilim;Gina Rippon;Cinsiyetlendirilmis Beyin - Kadin Beyni Efsanesini Paramparca Eden Yeni Sinirbilim. Gina Rippon;yes;;;2023;464;category?;✅;-;tbr?;reread?;A-3;homelibrary;https://www.google.com/search?q=Cinsiyetlendirilmis%20Beyin%20-%20Kadin%20Beyni%20Efsanesini%20Paramparca%20Eden%20Yeni%20Sinirbilim%20Gina%20Rippon;https://www.google.com/search?q=Cinsiyetlendirilmis%20Beyin%20-%20Kadin%20Beyni%20Efsanesini%20Paramparca%20Eden%20Yeni%20Sinirbilim%20Gina%20Rippon&tbm=isch;1643; ;
2642;Cinsellik ve Basarisiz Mutlak;Slavoj Zizek;Cinsellik ve Basarisiz Mutlak. Slavoj Zizek;yes;;;2023;480;category?;read?;-;tbr?;reread?;G-5;homelibrary;https://www.google.com/search?q=Cinsellik%20ve%20Basarisiz%20Mutlak%20Slavoj%20Zizek;https://www.google.com/search?q=Cinsellik%20ve%20Basarisiz%20Mutlak%20Slavoj%20Zizek&tbm=isch;1642; ;
2641;Is Isten Gectikten Sonra Verilen Sozler;Darian Leader;Is Isten Gectikten Sonra Verilen Sozler. Darian Leader;n/a;;;2021;232;category?;read?;-;📋;reread?;A-5;house-2;https://www.google.com/search?q=Is%20Isten%20Gectikten%20Sonra%20Verilen%20Sozler%20Darian%20Leader;https://www.google.com/search?q=Is%20Isten%20Gectikten%20Sonra%20Verilen%20Sozler%20Darian%20Leader&tbm=isch;1641; ;
2640;Kadinlar Neden Yazdiklari Her Mektubu Gondermezler?;Darian Leader;Kadinlar Neden Yazdiklari Her Mektubu Gondermezler?. Darian Leader;n/a;;;2020;139;Psychology & Mental Life;✅;-;tbr?;📖;A-5;house-2;https://www.google.com/search?q=Kadinlar%20Neden%20Yazdiklari%20Her%20Mektubu%20Gondermezler?%20Darian%20Leader;https://www.google.com/search?q=Kadinlar%20Neden%20Yazdiklari%20Her%20Mektubu%20Gondermezler?%20Darian%20Leader&tbm=isch;1640; ;
2639;Ten ve Iz - Insanin Kendini Yaralamasi Uzerine;David Le Breton;Ten ve Iz - Insanin Kendini Yaralamasi Uzerine. David Le Breton;yes;;;2021;156;category?;read?;-;📋;reread?;A-7;homelibrary;https://www.google.com/search?q=Ten%20ve%20Iz%20-%20Insanin%20Kendini%20Yaralamasi%20Uzerine%20David%20Le%20Breton;https://www.google.com/search?q=Ten%20ve%20Iz%20-%20Insanin%20Kendini%20Yaralamasi%20Uzerine%20David%20Le%20Breton&tbm=isch;1639; ;
2638;Hayati Yurumek - Sakin Bir Mutluluk Sanati;David Le Breton;Hayati Yurumek - Sakin Bir Mutluluk Sanati. David Le Breton;yes;;;2023;160;category?;read?;-;📋;reread?;A-7;homelibrary;https://www.google.com/search?q=Hayati%20Yurumek%20-%20Sakin%20Bir%20Mutluluk%20Sanati%20David%20Le%20Breton;https://www.google.com/search?q=Hayati%20Yurumek%20-%20Sakin%20Bir%20Mutluluk%20Sanati%20David%20Le%20Breton&tbm=isch;1638; ;
2637;Amerika Birlesik Devletleri Halklarinin Tarihi;Howard Zinn;Amerika Birlesik Devletleri Halklarinin Tarihi. Howard Zinn;no;;;2018;759;category?;read?;-;tbr?;reread?;H-5;homelibrary;https://www.google.com/search?q=Amerika%20Birlesik%20Devletleri%20Halklarinin%20Tarihi%20Howard%20Zinn;https://www.google.com/search?q=Amerika%20Birlesik%20Devletleri%20Halklarinin%20Tarihi%20Howard%20Zinn&tbm=isch;1637; ;
2636;Vajina Kitabi - Vulva ve Vajina - Mitleri Tiptan Ayirmak;Jen Gunter;Vajina Kitabi - Vulva ve Vajina - Mitleri Tiptan Ayirmak. Jen Gunter;yes;;;2021;576;category?;read?;-;📋;reread?;B-8;homelibrary;https://www.google.com/search?q=Vajina%20Kitabi%20-%20Vulva%20ve%20Vajina%20-%20Mitleri%20Tiptan%20Ayirmak%20Jen%20Gunter;https://www.google.com/search?q=Vajina%20Kitabi%20-%20Vulva%20ve%20Vajina%20-%20Mitleri%20Tiptan%20Ayirmak%20Jen%20Gunter&tbm=isch;1636; ;
2635;Ruhsal Astroloji;Jan Spiller;Ruhsal Astroloji. Jan Spiller;released;;yes;2017;624;category?;read?;-;tbr?;reread?;H-8;homelibrary;https://www.google.com/search?q=Ruhsal%20Astroloji%20Jan%20Spiller;https://www.google.com/search?q=Ruhsal%20Astroloji%20Jan%20Spiller&tbm=isch;1635; ;
2634;Neden Uyuyamiyoruz? - Insan Uykusunun Tarihi;Darian Leader;Neden Uyuyamiyoruz? - Insan Uykusunun Tarihi. Darian Leader;yes;;;2023;208;category?;read?;-;📋;reread?;A-5;homelibrary;https://www.google.com/search?q=Neden%20Uyuyamiyoruz?%20-%20Insan%20Uykusunun%20Tarihi%20Darian%20Leader;https://www.google.com/search?q=Neden%20Uyuyamiyoruz?%20-%20Insan%20Uykusunun%20Tarihi%20Darian%20Leader&tbm=isch;1634; ;
2633;Orgazmin Felsefesi;Claus-Steffen Mahnkopf;Orgazmin Felsefesi. Claus-Steffen Mahnkopf;yes;;;2021;184;category?;read?;-;📋;reread?;B-8;homelibrary;https://www.google.com/search?q=Orgazmin%20Felsefesi%20Claus-Steffen%20Mahnkopf;https://www.google.com/search?q=Orgazmin%20Felsefesi%20Claus-Steffen%20Mahnkopf&tbm=isch;1633; ;
2632;Oldugun Gibi Gel - Cinsel Hayatinizi Degistirecek Yepyeni Bir Bakis Acisi;Emily Nagoski;Oldugun Gibi Gel - Cinsel Hayatinizi Degistirecek Yepyeni Bir Bakis Acisi. Emily Nagoski;yes;;;2023;440;category?;read?;-;📋;reread?;B-8;homelibrary;https://www.google.com/search?q=Oldugun%20Gibi%20Gel%20-%20Cinsel%20Hayatinizi%20Degistirecek%20Yepyeni%20Bir%20Bakis%20Acisi%20Emily%20Nagoski;https://www.google.com/search?q=Oldugun%20Gibi%20Gel%20-%20Cinsel%20Hayatinizi%20Degistirecek%20Yepyeni%20Bir%20Bakis%20Acisi%20Emily%20Nagoski&tbm=isch;1632; ;
2631;The Dress Doctor - Prescriptions for Style, From A to Z;Edith Head;The Dress Doctor - Prescriptions for Style, From A to Z. Edith Head;no;;;2011;80;category?;read?;-;tbr?;reread?;E-10;homelibrary;https://www.google.com/search?q=The%20Dress%20Doctor%20-%20Prescriptions%20for%20Style,%20From%20A%20to%20Z%20Edith%20Head;https://www.google.com/search?q=The%20Dress%20Doctor%20-%20Prescriptions%20for%20Style,%20From%20A%20to%20Z%20Edith%20Head&tbm=isch;1631; ;
2630;Eating;Jim Mason, Peter Singer;Eating. Jim Mason, Peter Singer;yes;;;2011;352;category?;read?;-;📋;reread?;F-7;homelibrary;https://www.google.com/search?q=Eating%20Jim%20Mason,%20Peter%20Singer;https://www.google.com/search?q=Eating%20Jim%20Mason,%20Peter%20Singer&tbm=isch;1630; ;
2629;Cinsel Olan Politik Midir?;Slavoj Zizek;Cinsel Olan Politik Midir?. Slavoj Zizek;yes;;;2018;112;category?;✅;-;tbr?;📖;G-5;homelibrary;https://www.google.com/search?q=Cinsel%20Olan%20Politik%20Midir?%20Slavoj%20Zizek;https://www.google.com/search?q=Cinsel%20Olan%20Politik%20Midir?%20Slavoj%20Zizek&tbm=isch;1629; ;
2628;Delilik Nedir?;Kathleen Sears;Delilik Nedir?. Kathleen Sears;n/a;;;2022;264;category?;read?;-;📋;reread?;A-5;house-2;https://www.google.com/search?q=Delilik%20Nedir?%20Kathleen%20Sears;https://www.google.com/search?q=Delilik%20Nedir?%20Kathleen%20Sears&tbm=isch;1628; ;
2627;Insanligin Gelecegi - Mars'i Yasanabilir Kilmak, Yildizlararasi Yolculuk, Olumsuzluk ve Dunya'nin Otesinde Kaderimiz;Michio Kaku;Insanligin Gelecegi - Mars'i Yasanabilir Kilmak, Yildizlararasi Yolculuk, Olumsuzluk ve Dunya'nin Otesinde Kaderimiz. Michio Kaku;yes;;;2019;370;category?;read?;-;📋;reread?;C-4;homelibrary;https://www.google.com/search?q=Insanligin%20Gelecegi%20-%20Mars%27i%20Yasanabilir%20Kilmak,%20Yildizlararasi%20Yolculuk,%20Olumsuzluk%20ve%20Dunya%27nin%20Otesinde%20Kaderimiz%20Michio%20Kaku;https://www.google.com/search?q=Insanligin%20Gelecegi%20-%20Mars%27i%20Yasanabilir%20Kilmak,%20Yildizlararasi%20Yolculuk,%20Olumsuzluk%20ve%20Dunya%27nin%20Otesinde%20Kaderimiz%20Michio%20Kaku&tbm=isch;1627; ;
2626;Yasasin Orgazm - Kadinlar Icin Siradisi Bir Orgazm Rehberi;Dorian Solot;Yasasin Orgazm - Kadinlar Icin Siradisi Bir Orgazm Rehberi. Dorian Solot;yes;;;2024;296;category?;read?;-;📋;reread?;B-8;homelibrary;https://www.google.com/search?q=Yasasin%20Orgazm%20-%20Kadinlar%20Icin%20Siradisi%20Bir%20Orgazm%20Rehberi%20Dorian%20Solot;https://www.google.com/search?q=Yasasin%20Orgazm%20-%20Kadinlar%20Icin%20Siradisi%20Bir%20Orgazm%20Rehberi%20Dorian%20Solot&tbm=isch;1626; ;
2625;Jouissance - Cinsellik, Istirap ve Tatmin;Darian Leader;Jouissance - Cinsellik, Istirap ve Tatmin. Darian Leader;yes;;;2022;144;category?;read?;-;📋;reread?;A-5;homelibrary;https://www.google.com/search?q=Jouissance%20-%20Cinsellik,%20Istirap%20ve%20Tatmin%20Darian%20Leader;https://www.google.com/search?q=Jouissance%20-%20Cinsellik,%20Istirap%20ve%20Tatmin%20Darian%20Leader&tbm=isch;1625; ;
2624;Milyarlarca ve Milyarlarca - Milenyumun Esiginde Yasam ve Olum Uzerine Dusunceler;Carl Sagan;Milyarlarca ve Milyarlarca - Milenyumun Esiginde Yasam ve Olum Uzerine Dusunceler. Carl Sagan;yes;;;2022;304;category?;read?;-;📋;reread?;C-4;homelibrary;https://www.google.com/search?q=Milyarlarca%20ve%20Milyarlarca%20-%20Milenyumun%20Esiginde%20Yasam%20ve%20Olum%20Uzerine%20Dusunceler%20Carl%20Sagan;https://www.google.com/search?q=Milyarlarca%20ve%20Milyarlarca%20-%20Milenyumun%20Esiginde%20Yasam%20ve%20Olum%20Uzerine%20Dusunceler%20Carl%20Sagan&tbm=isch;1624; ;
2623;Kisa Ingiltere Tarihi;Jeremy Black;Kisa Ingiltere Tarihi. Jeremy Black;no;;;2023;240;category?;read?;-;tbr?;reread?;H-5;homelibrary;https://www.google.com/search?q=Kisa%20Ingiltere%20Tarihi%20Jeremy%20Black;https://www.google.com/search?q=Kisa%20Ingiltere%20Tarihi%20Jeremy%20Black&tbm=isch;1623; ;
2622;Astroloji 101 - Gunes Burclarindan, Ay Burclarina Astroloji Hakkinda Bilmeniz Gereken Her Sey;Kathleen Sears;Astroloji 101 - Gunes Burclarindan, Ay Burclarina Astroloji Hakkinda Bilmeniz Gereken Her Sey. Kathleen Sears;released;;yes;2022;264;category?;read?;-;tbr?;reread?;H-8;homelibrary;https://www.google.com/search?q=Astroloji%20101%20-%20Gunes%20Burclarindan,%20Ay%20Burclarina%20Astroloji%20Hakkinda%20Bilmeniz%20Gereken%20Her%20Sey%20Kathleen%20Sears;https://www.google.com/search?q=Astroloji%20101%20-%20Gunes%20Burclarindan,%20Ay%20Burclarina%20Astroloji%20Hakkinda%20Bilmeniz%20Gereken%20Her%20Sey%20Kathleen%20Sears&tbm=isch;1622; ;
2621;Okuma Uzerine Yakin Okumalar;Carmen Callil, Nicholas Carr, Jane Davis, Mark Haddon, Blake Morrison, Tim Parks, Michael Rosen, Zadie Smith, Jeanette Winterson, Maryanne Wolf, Mirit Barzilla;Okuma Uzerine Yakin Okumalar. Carmen Callil, Nicholas Carr, Jane Davis, Mark Haddon, Blake Morrison, Tim Parks, Michael Rosen, Zadie Smith, Jeanette Winterson, Maryanne Wolf, Mirit Barzilla;yes;;;2018;152;category?;read?;-;📋;reread?;D-7;homelibrary;https://www.google.com/search?q=Okuma%20Uzerine%20Yakin%20Okumalar%20Carmen%20Callil,%20Nicholas%20Carr,%20Jane%20Davis,%20Mark%20Haddon,%20Blake%20Morrison,%20Tim%20Parks,%20Michael%20Rosen,%20Zadie%20Smith,%20Jeanette%20Winterson,%20Maryanne%20Wolf,%20Mirit%20Barzilla;https://www.google.com/search?q=Okuma%20Uzerine%20Yakin%20Okumalar%20Carmen%20Callil,%20Nicholas%20Carr,%20Jane%20Davis,%20Mark%20Haddon,%20Blake%20Morrison,%20Tim%20Parks,%20Michael%20Rosen,%20Zadie%20Smith,%20Jeanette%20Winterson,%20Maryanne%20Wolf,%20Mirit%20Barzilla&tbm=isch;1621; ;
2620;Cinsellik Seksten Mi Ibaret?;Darian Leader;Cinsellik Seksten Mi Ibaret?. Darian Leader;n/a;;;2023;208;category?;✅;-;tbr?;📖;A-5;house-2;https://www.google.com/search?q=Cinsellik%20Seksten%20Mi%20Ibaret?%20Darian%20Leader;https://www.google.com/search?q=Cinsellik%20Seksten%20Mi%20Ibaret?%20Darian%20Leader&tbm=isch;1620; ;
2619;Kisa Amerka Birlesik Devletleri Tarihi;James West Davidson;Kisa Amerka Birlesik Devletleri Tarihi. James West Davidson;no;;;2018;416;category?;read?;-;tbr?;reread?;H-5;homelibrary;https://www.google.com/search?q=Kisa%20Amerka%20Birlesik%20Devletleri%20Tarihi%20James%20West%20Davidson;https://www.google.com/search?q=Kisa%20Amerka%20Birlesik%20Devletleri%20Tarihi%20James%20West%20Davidson&tbm=isch;1619; ;
2618;Yanlis Inanislar - Mantiksiz Seylere Neden Inaniriz?;Dan Ariely;Yanlis Inanislar - Mantiksiz Seylere Neden Inaniriz?. Dan Ariely;yes;;;2018;416;category?;read?;-;📋;reread?;D-7;homelibrary;https://www.google.com/search?q=Yanlis%20Inanislar%20-%20Mantiksiz%20Seylere%20Neden%20Inaniriz?%20Dan%20Ariely;https://www.google.com/search?q=Yanlis%20Inanislar%20-%20Mantiksiz%20Seylere%20Neden%20Inaniriz?%20Dan%20Ariely&tbm=isch;1618; ;
2617;Aura ve Cakra Kullanma Kilavuzu;Karla Mclaren;Aura ve Cakra Kullanma Kilavuzu. Karla Mclaren;yes;;;2013;281;category?;read?;-;tbr?;reread?;G-9;homelibrary;https://www.google.com/search?q=Aura%20ve%20Cakra%20Kullanma%20Kilavuzu%20Karla%20Mclaren;https://www.google.com/search?q=Aura%20ve%20Cakra%20Kullanma%20Kilavuzu%20Karla%20Mclaren&tbm=isch;1617; ;
2616;ABD Tarihi;Allan Nevins, Henry Steele Commager;ABD Tarihi. Allan Nevins, Henry Steele Commager;yes;;;2022;544;category?;read?;-;📋;reread?;H-5;homelibrary;https://www.google.com/search?q=ABD%20Tarihi%20Allan%20Nevins,%20Henry%20Steele%20Commager;https://www.google.com/search?q=ABD%20Tarihi%20Allan%20Nevins,%20Henry%20Steele%20Commager&tbm=isch;1616; ;
2615;Astral Beden ve Diger Astral Fenomenler;Arthur E. Powell;Astral Beden ve Diger Astral Fenomenler. Arthur E. Powell;yes;;;2023;288;category?;read?;-;tbr?;reread?;G-6;homelibrary;https://www.google.com/search?q=Astral%20Beden%20ve%20Diger%20Astral%20Fenomenler%20Arthur%20E.%20Powell;https://www.google.com/search?q=Astral%20Beden%20ve%20Diger%20Astral%20Fenomenler%20Arthur%20E.%20Powell&tbm=isch;1615; ;
2614;Mona Lisa Kacirildi - Sanatin Bizden Gizledikleti;Darian Leader;Mona Lisa Kacirildi - Sanatin Bizden Gizledikleti. Darian Leader;n/a;;;2018;192;category?;read?;-;📋;reread?;A-5;house-2;https://www.google.com/search?q=Mona%20Lisa%20Kacirildi%20-%20Sanatin%20Bizden%20Gizledikleti%20Darian%20Leader;https://www.google.com/search?q=Mona%20Lisa%20Kacirildi%20-%20Sanatin%20Bizden%20Gizledikleti%20Darian%20Leader&tbm=isch;1614; ;
2613;Insan Neden Hasta Olur?;Darian Leader, David Corfield;Insan Neden Hasta Olur?. Darian Leader, David Corfield;n/a;;;2021;360;category?;read?;-;📋;reread?;B-7;house-2;https://www.google.com/search?q=Insan%20Neden%20Hasta%20Olur?%20Darian%20Leader,%20David%20Corfield;https://www.google.com/search?q=Insan%20Neden%20Hasta%20Olur?%20Darian%20Leader,%20David%20Corfield&tbm=isch;1613; ;
2612;Eterik Beden - Insanin Saglik Aurasi;Arthur E. Powell;Eterik Beden - Insanin Saglik Aurasi. Arthur E. Powell;yes;;;2022;176;category?;read?;-;tbr?;reread?;G-9;homelibrary;https://www.google.com/search?q=Eterik%20Beden%20-%20Insanin%20Saglik%20Aurasi%20Arthur%20E.%20Powell;https://www.google.com/search?q=Eterik%20Beden%20-%20Insanin%20Saglik%20Aurasi%20Arthur%20E.%20Powell&tbm=isch;1612; ;
2611;Mental Beden;Arthur E. Powell;Mental Beden. Arthur E. Powell;yes;;;2024;360;category?;read?;-;tbr?;reread?;G-8;homelibrary;https://www.google.com/search?q=Mental%20Beden%20Arthur%20E.%20Powell;https://www.google.com/search?q=Mental%20Beden%20Arthur%20E.%20Powell&tbm=isch;1611; ;
2610;Son 2000 Yilin En Buyuk Buluslari - Gunumuzun Onde Gelen Dusunurleri Dunyamizi Sekillendiren Buluslari Anlatiyor;Jean Paul Charrier;Son 2000 Yilin En Buyuk Buluslari - Gunumuzun Onde Gelen Dusunurleri Dunyamizi Sekillendiren Buluslari Anlatiyor. Jean Paul Charrier;no;;;2018;125;category?;read?;-;tbr?;reread?;G-1;homelibrary;https://www.google.com/search?q=Son%202000%20Yilin%20En%20Buyuk%20Buluslari%20-%20Gunumuzun%20Onde%20Gelen%20Dusunurleri%20Dunyamizi%20Sekillendiren%20Buluslari%20Anlatiyor%20Jean%20Paul%20Charrier;https://www.google.com/search?q=Son%202000%20Yilin%20En%20Buyuk%20Buluslari%20-%20Gunumuzun%20Onde%20Gelen%20Dusunurleri%20Dunyamizi%20Sekillendiren%20Buluslari%20Anlatiyor%20Jean%20Paul%20Charrier&tbm=isch;1610; ;
2609;Modern Ortadogu Tarihi;William L. Cleveland;Modern Ortadogu Tarihi. William L. Cleveland;yes;;;2008;656;category?;read?;-;📋;reread?;H-5;homelibrary;https://www.google.com/search?q=Modern%20Ortadogu%20Tarihi%20William%20L.%20Cleveland;https://www.google.com/search?q=Modern%20Ortadogu%20Tarihi%20William%20L.%20Cleveland&tbm=isch;1609; ;
2608;Oz Isik Sifasi - Ozlemini Duydugunuz Hayati Yaratmaniz Icin Kendi Kisisel Yolculugum ve Ileri Sifa Kavramlari;Barbara Ann Brennan;Oz Isik Sifasi - Ozlemini Duydugunuz Hayati Yaratmaniz Icin Kendi Kisisel Yolculugum ve Ileri Sifa Kavramlari. Barbara Ann Brennan;no;;;2018;224;category?;read?;-;📋;reread?;F-9;homelibrary;https://www.google.com/search?q=Oz%20Isik%20Sifasi%20-%20Ozlemini%20Duydugunuz%20Hayati%20Yaratmaniz%20Icin%20Kendi%20Kisisel%20Yolculugum%20ve%20Ileri%20Sifa%20Kavramlari%20Barbara%20Ann%20Brennan;https://www.google.com/search?q=Oz%20Isik%20Sifasi%20-%20Ozlemini%20Duydugunuz%20Hayati%20Yaratmaniz%20Icin%20Kendi%20Kisisel%20Yolculugum%20ve%20Ileri%20Sifa%20Kavramlari%20Barbara%20Ann%20Brennan&tbm=isch;1608; ;
2607;Isigin Dogusu - Kisisel Sifa Yolculugu;Barbara Ann Brennan;Isigin Dogusu - Kisisel Sifa Yolculugu. Barbara Ann Brennan;no;;;2016;386;category?;read?;-;📋;reread?;F-9;homelibrary;https://www.google.com/search?q=Isigin%20Dogusu%20-%20Kisisel%20Sifa%20Yolculugu%20Barbara%20Ann%20Brennan;https://www.google.com/search?q=Isigin%20Dogusu%20-%20Kisisel%20Sifa%20Yolculugu%20Barbara%20Ann%20Brennan&tbm=isch;1607; ;
2606;Isigin Elleri - Insan Enerji Alaniyla Sifa Rehberi;Barbara Ann Brennan;Isigin Elleri - Insan Enerji Alaniyla Sifa Rehberi. Barbara Ann Brennan;no;;;2015;328;category?;read?;-;📋;reread?;F-9;homelibrary;https://www.google.com/search?q=Isigin%20Elleri%20-%20Insan%20Enerji%20Alaniyla%20Sifa%20Rehberi%20Barbara%20Ann%20Brennan;https://www.google.com/search?q=Isigin%20Elleri%20-%20Insan%20Enerji%20Alaniyla%20Sifa%20Rehberi%20Barbara%20Ann%20Brennan&tbm=isch;1606; ;
2605;Depresyon, Yas ve Melankoli;Darian Leader;Depresyon, Yas ve Melankoli. Darian Leader;n/a;;;2018;200;category?;read?;-;📋;reread?;A-5;house-2;https://www.google.com/search?q=Depresyon,%20Yas%20ve%20Melankoli%20Darian%20Leader;https://www.google.com/search?q=Depresyon,%20Yas%20ve%20Melankoli%20Darian%20Leader&tbm=isch;1605; ;
2604;Biri Beni Gozetliyor - Insan Aklinin Gizemli Gucleri - Nazar, Buyu, Telepati, Gelecekten Haber Verme ve Daha Fazlasi...;Rupert Sheldrake;Biri Beni Gozetliyor - Insan Aklinin Gizemli Gucleri - Nazar, Buyu, Telepati, Gelecekten Haber Verme ve Daha Fazlasi.... Rupert Sheldrake;yes;;;2020;464;category?;read?;-;tbr?;reread?;H-8;homelibrary;https://www.google.com/search?q=Biri%20Beni%20Gozetliyor%20-%20Insan%20Aklinin%20Gizemli%20Gucleri%20-%20Nazar,%20Buyu,%20Telepati,%20Gelecekten%20Haber%20Verme%20ve%20Daha%20Fazlasi...%20Rupert%20Sheldrake;https://www.google.com/search?q=Biri%20Beni%20Gozetliyor%20-%20Insan%20Aklinin%20Gizemli%20Gucleri%20-%20Nazar,%20Buyu,%20Telepati,%20Gelecekten%20Haber%20Verme%20ve%20Daha%20Fazlasi...%20Rupert%20Sheldrake&tbm=isch;1604; ;
2603;2012 - Marduk'la Randevu;Burak Eldem;2012 - Marduk'la Randevu. Burak Eldem;no;;;2003;607;category?;✅;-;tbr?;reread?;H-2;homelibrary;https://www.google.com/search?q=2012%20-%20Marduk%27la%20Randevu%20Burak%20Eldem;https://www.google.com/search?q=2012%20-%20Marduk%27la%20Randevu%20Burak%20Eldem&tbm=isch;1603; ;
2602;Kozmik Okyanus - Sakli Tarih;Burak Eldem;Kozmik Okyanus - Sakli Tarih. Burak Eldem;no;;;2011;416;category?;read?;-;tbr?;reread?;H-2;homelibrary;https://www.google.com/search?q=Kozmik%20Okyanus%20-%20Sakli%20Tarih%20Burak%20Eldem;https://www.google.com/search?q=Kozmik%20Okyanus%20-%20Sakli%20Tarih%20Burak%20Eldem&tbm=isch;1602; ;
2601;Fraternis - Kayip Kitaplar Gizli Kardeslik;Burak Eldem;Fraternis - Kayip Kitaplar Gizli Kardeslik. Burak Eldem;no;;;2006;648;category?;read?;-;tbr?;reread?;H-2;homelibrary;https://www.google.com/search?q=Fraternis%20-%20Kayip%20Kitaplar%20Gizli%20Kardeslik%20Burak%20Eldem;https://www.google.com/search?q=Fraternis%20-%20Kayip%20Kitaplar%20Gizli%20Kardeslik%20Burak%20Eldem&tbm=isch;1601; ;
2600;Bilincdisi ve Insan;Jean Paul Charrier;Bilincdisi ve Insan. Jean Paul Charrier;yes;;;2018;125;category?;read?;-;tbr?;reread?;A-6;homelibrary;https://www.google.com/search?q=Bilincdisi%20ve%20Insan%20Jean%20Paul%20Charrier;https://www.google.com/search?q=Bilincdisi%20ve%20Insan%20Jean%20Paul%20Charrier&tbm=isch;1600; ;
2599;Ben ve Biz - Postmodern Insanin Psikanalizi;Rainer Funk;Ben ve Biz - Postmodern Insanin Psikanalizi. Rainer Funk;yes;;;2018;264;category?;read?;-;📋;reread?;A-5;homelibrary;https://www.google.com/search?q=Ben%20ve%20Biz%20-%20Postmodern%20Insanin%20Psikanalizi%20Rainer%20Funk;https://www.google.com/search?q=Ben%20ve%20Biz%20-%20Postmodern%20Insanin%20Psikanalizi%20Rainer%20Funk&tbm=isch;1599; ;
2598;Sentetik Cag - Evrimin Daha Guclu Tasarimi, Soyu Tukenen Turlerin Geri Getirilmesi ve Dunyamizin Yeniden Yapilandirilmasi;Christopher J. Preston;Sentetik Cag - Evrimin Daha Guclu Tasarimi, Soyu Tukenen Turlerin Geri Getirilmesi ve Dunyamizin Yeniden Yapilandirilmasi. Christopher J. Preston;yes;;;2023;248;category?;read?;-;📋;reread?;C-10;homelibrary;https://www.google.com/search?q=Sentetik%20Cag%20-%20Evrimin%20Daha%20Guclu%20Tasarimi,%20Soyu%20Tukenen%20Turlerin%20Geri%20Getirilmesi%20ve%20Dunyamizin%20Yeniden%20Yapilandirilmasi%20Christopher%20J.%20Preston;https://www.google.com/search?q=Sentetik%20Cag%20-%20Evrimin%20Daha%20Guclu%20Tasarimi,%20Soyu%20Tukenen%20Turlerin%20Geri%20Getirilmesi%20ve%20Dunyamizin%20Yeniden%20Yapilandirilmasi%20Christopher%20J.%20Preston&tbm=isch;1598; ;
2597;Yorum ve Asiri Yorum;Umberto Eco;Yorum ve Asiri Yorum. Umberto Eco;yes;;;2023;176;category?;read?;-;📋;reread?;E-7;homelibrary;https://www.google.com/search?q=Yorum%20ve%20Asiri%20Yorum%20Umberto%20Eco;https://www.google.com/search?q=Yorum%20ve%20Asiri%20Yorum%20Umberto%20Eco&tbm=isch;1597; ;
2596;Toplum Gibi Gormek;James C. Scott;Toplum Gibi Gormek. James C. Scott;yes;;;2016;176;category?;read?;-;📋;reread?;B-6;homelibrary;https://www.google.com/search?q=Toplum%20Gibi%20Gormek%20James%20C.%20Scott;https://www.google.com/search?q=Toplum%20Gibi%20Gormek%20James%20C.%20Scott&tbm=isch;1596; ;
2595;Elestirel Dusunmenin Yollari;Antony Flew;Elestirel Dusunmenin Yollari. Antony Flew;yes;;;2023;244;category?;read?;-;📋;reread?;D-6;homelibrary;https://www.google.com/search?q=Elestirel%20Dusunmenin%20Yollari%20Antony%20Flew;https://www.google.com/search?q=Elestirel%20Dusunmenin%20Yollari%20Antony%20Flew&tbm=isch;1595; ;
2594;Asiriliktan Kurtulmak - Buyume Sonrasi Ekonomiye Giden Yol;Niko Paech;Asiriliktan Kurtulmak - Buyume Sonrasi Ekonomiye Giden Yol. Niko Paech;yes;;;2023;103;category?;read?;-;📋;reread?;A-6;homelibrary;https://www.google.com/search?q=Asiriliktan%20Kurtulmak%20-%20Buyume%20Sonrasi%20Ekonomiye%20Giden%20Yol%20Niko%20Paech;https://www.google.com/search?q=Asiriliktan%20Kurtulmak%20-%20Buyume%20Sonrasi%20Ekonomiye%20Giden%20Yol%20Niko%20Paech&tbm=isch;1594; ;
2593;Iktidar ve Teknoloji - Bin Yillik Mucadele;Daron Acemoglu, Simon Johnson;Iktidar ve Teknoloji - Bin Yillik Mucadele. Daron Acemoglu, Simon Johnson;n/a;;;2023;520;category?;read?;-;📋;reread?;C-8;house-2;https://www.google.com/search?q=Iktidar%20ve%20Teknoloji%20-%20Bin%20Yillik%20Mucadele%20Daron%20Acemoglu,%20Simon%20Johnson;https://www.google.com/search?q=Iktidar%20ve%20Teknoloji%20-%20Bin%20Yillik%20Mucadele%20Daron%20Acemoglu,%20Simon%20Johnson&tbm=isch;1593; ;
2592;Yabancilasma ve Hizlanma - Gec Modern Zamansalligina Dair Bir Elestirel Teori'ye Dogru;Hartmut Rosa;Yabancilasma ve Hizlanma - Gec Modern Zamansalligina Dair Bir Elestirel Teori'ye Dogru. Hartmut Rosa;yes;;;2022;119;category?;read?;-;📋;reread?;H-4;homelibrary;https://www.google.com/search?q=Yabancilasma%20ve%20Hizlanma%20-%20Gec%20Modern%20Zamansalligina%20Dair%20Bir%20Elestirel%20Teori%27ye%20Dogru%20Hartmut%20Rosa;https://www.google.com/search?q=Yabancilasma%20ve%20Hizlanma%20-%20Gec%20Modern%20Zamansalligina%20Dair%20Bir%20Elestirel%20Teori%27ye%20Dogru%20Hartmut%20Rosa&tbm=isch;1592; ;
2591;Dunyanin Kontrol Edilemezligi;Hartmut Rosa;Dunyanin Kontrol Edilemezligi. Hartmut Rosa;yes;;;2022;144;category?;read?;-;📋;reread?;F-3;homelibrary;https://www.google.com/search?q=Dunyanin%20Kontrol%20Edilemezligi%20Hartmut%20Rosa;https://www.google.com/search?q=Dunyanin%20Kontrol%20Edilemezligi%20Hartmut%20Rosa&tbm=isch;1591; ;
2590;Surgunler - Kuresel Ekonominin Acimasiz ve Karmasik Yapisi;Saskia Sassen;Surgunler - Kuresel Ekonominin Acimasiz ve Karmasik Yapisi. Saskia Sassen;yes;;;2023;280;category?;read?;-;📋;reread?;C-9;homelibrary;https://www.google.com/search?q=Surgunler%20-%20Kuresel%20Ekonominin%20Acimasiz%20ve%20Karmasik%20Yapisi%20Saskia%20Sassen;https://www.google.com/search?q=Surgunler%20-%20Kuresel%20Ekonominin%20Acimasiz%20ve%20Karmasik%20Yapisi%20Saskia%20Sassen&tbm=isch;1590; ;
2589;Bagimlilik Cagi - Kotu Aliskanliklar Nasil Buyuk Bir Sektore Donustu?;David T. Courtwright;Bagimlilik Cagi - Kotu Aliskanliklar Nasil Buyuk Bir Sektore Donustu?. David T. Courtwright;yes;;;2021;408;category?;✅;-;tbr?;reread?;A-4;homelibrary;https://www.google.com/search?q=Bagimlilik%20Cagi%20-%20Kotu%20Aliskanliklar%20Nasil%20Buyuk%20Bir%20Sektore%20Donustu?%20David%20T.%20Courtwright;https://www.google.com/search?q=Bagimlilik%20Cagi%20-%20Kotu%20Aliskanliklar%20Nasil%20Buyuk%20Bir%20Sektore%20Donustu?%20David%20T.%20Courtwright&tbm=isch;1589; ;
2588;Psikanalizin Kara Kitabi;Catherine Mayer;Psikanalizin Kara Kitabi. Catherine Mayer;yes;;;2022;526;category?;read?;-;📋;reread?;B-4;homelibrary;https://www.google.com/search?q=Psikanalizin%20Kara%20Kitabi%20Catherine%20Mayer;https://www.google.com/search?q=Psikanalizin%20Kara%20Kitabi%20Catherine%20Mayer&tbm=isch;1588; ;
2587;Bunu Ben de Yaparim! - Modern Sanat Kullanma Kilavuzu;Christian Saehrendt, Steen T. Kittl;Bunu Ben de Yaparim! - Modern Sanat Kullanma Kilavuzu. Christian Saehrendt, Steen T. Kittl;yes;;;2012;208;category?;read?;-;tbr?;reread?;B-3;homelibrary;https://www.google.com/search?q=Bunu%20Ben%20de%20Yaparim!%20-%20Modern%20Sanat%20Kullanma%20Kilavuzu%20Christian%20Saehrendt,%20Steen%20T.%20Kittl;https://www.google.com/search?q=Bunu%20Ben%20de%20Yaparim!%20-%20Modern%20Sanat%20Kullanma%20Kilavuzu%20Christian%20Saehrendt,%20Steen%20T.%20Kittl&tbm=isch;1587; ;
2586;Sanat Nedir;Arthur C. Danto;Sanat Nedir. Arthur C. Danto;yes;;;2021;168;category?;read?;-;tbr?;reread?;B-3;homelibrary;https://www.google.com/search?q=Sanat%20Nedir%20Arthur%20C.%20Danto;https://www.google.com/search?q=Sanat%20Nedir%20Arthur%20C.%20Danto&tbm=isch;1586; ;
2585;Civisi Cikan Dunya - Covid-19 Salgini Uzerine Muhasebeler;David Harvey, Slavoj Zizek, Giorgio Agamben, Alain Badiou, Judith Butler, Mike Davis, Bruno Latour, Adam Tooze, Daniel Tanuro, Sandro Mezzadra, Panagiotis Sotiris, Massimo De Angelis, Ingar Solty, Josh Gabert Doyon, Rob Wallace;Civisi Cikan Dunya - Covid-19 Salgini Uzerine Muhasebeler. David Harvey, Slavoj Zizek, Giorgio Agamben, Alain Badiou, Judith Butler, Mike Davis, Bruno Latour, Adam Tooze, Daniel Tanuro, Sandro Mezzadra, Panagiotis Sotiris, Massimo De Angelis, Ingar Solty, Josh Gabert Doyon, Rob Wallace;yes;;;2020;132;category?;read?;-;tbr?;reread?;A-6;homelibrary;https://www.google.com/search?q=Civisi%20Cikan%20Dunya%20-%20Covid-19%20Salgini%20Uzerine%20Muhasebeler%20David%20Harvey,%20Slavoj%20Zizek,%20Giorgio%20Agamben,%20Alain%20Badiou,%20Judith%20Butler,%20Mike%20Davis,%20Bruno%20Latour,%20Adam%20Tooze,%20Daniel%20Tanuro,%20Sandro%20Mezzadra,%20Panagiotis%20Sotiris,%20Massimo%20De%20Angelis,%20Ingar%20Solty,%20Josh%20Gabert%20Doyon,%20Rob%20Wallace;https://www.google.com/search?q=Civisi%20Cikan%20Dunya%20-%20Covid-19%20Salgini%20Uzerine%20Muhasebeler%20David%20Harvey,%20Slavoj%20Zizek,%20Giorgio%20Agamben,%20Alain%20Badiou,%20Judith%20Butler,%20Mike%20Davis,%20Bruno%20Latour,%20Adam%20Tooze,%20Daniel%20Tanuro,%20Sandro%20Mezzadra,%20Panagiotis%20Sotiris,%20Massimo%20De%20Angelis,%20Ingar%20Solty,%20Josh%20Gabert%20Doyon,%20Rob%20Wallace&tbm=isch;1585; ;
2584;Aska Ovgu;Alain Badiou, Nicolas Truong;Aska Ovgu. Alain Badiou, Nicolas Truong;yes;;;2022;72;category?;✅;-;tbr?;reread?;H-3;homelibrary;https://www.google.com/search?q=Aska%20Ovgu%20Alain%20Badiou,%20Nicolas%20Truong;https://www.google.com/search?q=Aska%20Ovgu%20Alain%20Badiou,%20Nicolas%20Truong&tbm=isch;1584; ;
2583;Mukemmellik Tuzagi - Her Zaman Daha Fazlasini Isteyen Bir Dunyada Yeterli Olanin Gucu;Thomas Curran;Mukemmellik Tuzagi - Her Zaman Daha Fazlasini Isteyen Bir Dunyada Yeterli Olanin Gucu. Thomas Curran;yes;;;2023;145;category?;read?;-;📋;reread?;D-8;homelibrary;https://www.google.com/search?q=Mukemmellik%20Tuzagi%20-%20Her%20Zaman%20Daha%20Fazlasini%20Isteyen%20Bir%20Dunyada%20Yeterli%20Olanin%20Gucu%20Thomas%20Curran;https://www.google.com/search?q=Mukemmellik%20Tuzagi%20-%20Her%20Zaman%20Daha%20Fazlasini%20Isteyen%20Bir%20Dunyada%20Yeterli%20Olanin%20Gucu%20Thomas%20Curran&tbm=isch;1583; ;
2582;Gunluk Yasamda Benligin Sunumu;Erving Goffman;Gunluk Yasamda Benligin Sunumu. Erving Goffman;yes;;;2020;248;category?;read?;-;tbr?;reread?;H-3;homelibrary;https://www.google.com/search?q=Gunluk%20Yasamda%20Benligin%20Sunumu%20Erving%20Goffman;https://www.google.com/search?q=Gunluk%20Yasamda%20Benligin%20Sunumu%20Erving%20Goffman&tbm=isch;1582; ;
2581;Jacques Lacan;Sean Homer;Jacques Lacan. Sean Homer;yes;;;2022;200;category?;read?;-;tbr?;reread?;A-9;homelibrary;https://www.google.com/search?q=Jacques%20Lacan%20Sean%20Homer;https://www.google.com/search?q=Jacques%20Lacan%20Sean%20Homer&tbm=isch;1581; ;
2580;Psikanalizin Kurtulusuna Dogru - Altust Edicilikle Yeniden Bulusmak;Laurie Laufer;Psikanalizin Kurtulusuna Dogru - Altust Edicilikle Yeniden Bulusmak. Laurie Laufer;yes;;;2023;192;category?;read?;-;📋;reread?;B-4;homelibrary;https://www.google.com/search?q=Psikanalizin%20Kurtulusuna%20Dogru%20-%20Altust%20Edicilikle%20Yeniden%20Bulusmak%20Laurie%20Laufer;https://www.google.com/search?q=Psikanalizin%20Kurtulusuna%20Dogru%20-%20Altust%20Edicilikle%20Yeniden%20Bulusmak%20Laurie%20Laufer&tbm=isch;1580; ;
2579;Tarihin Huzursuzlugu - Modernlik, Kulturel Pratik ve Gundelik Hayat Sorunu;Harry Harootunian;Tarihin Huzursuzlugu - Modernlik, Kulturel Pratik ve Gundelik Hayat Sorunu. Harry Harootunian;yes;;;2022;240;category?;read?;-;📋;reread?;H-5;homelibrary;https://www.google.com/search?q=Tarihin%20Huzursuzlugu%20-%20Modernlik,%20Kulturel%20Pratik%20ve%20Gundelik%20Hayat%20Sorunu%20Harry%20Harootunian;https://www.google.com/search?q=Tarihin%20Huzursuzlugu%20-%20Modernlik,%20Kulturel%20Pratik%20ve%20Gundelik%20Hayat%20Sorunu%20Harry%20Harootunian&tbm=isch;1579; ;
2578;Babama Anarsizmi Anlatiyorum;Thomas Déri, Francis Dupuis-Déri;Babama Anarsizmi Anlatiyorum. Thomas Déri, Francis Dupuis-Déri;yes;;;2023;200;category?;read?;-;📋;reread?;H-4;homelibrary;https://www.google.com/search?q=Babama%20Anarsizmi%20Anlatiyorum%20Thomas%20D%C3%A9ri,%20Francis%20Dupuis-D%C3%A9ri;https://www.google.com/search?q=Babama%20Anarsizmi%20Anlatiyorum%20Thomas%20D%C3%A9ri,%20Francis%20Dupuis-D%C3%A9ri&tbm=isch;1578; ;
2577;Tadinda Ekonomi - Ac Bir Ekonomistin Gozunden Dunya;Ha-Joon Chang;Tadinda Ekonomi - Ac Bir Ekonomistin Gozunden Dunya. Ha-Joon Chang;yes;;;2023;224;category?;read?;-;📋;reread?;B-7;homelibrary;https://www.google.com/search?q=Tadinda%20Ekonomi%20-%20Ac%20Bir%20Ekonomistin%20Gozunden%20Dunya%20Ha-Joon%20Chang;https://www.google.com/search?q=Tadinda%20Ekonomi%20-%20Ac%20Bir%20Ekonomistin%20Gozunden%20Dunya%20Ha-Joon%20Chang&tbm=isch;1577; ;
2576;Dumeni Yaraticiliga Kirmak - Hikaye Denizine Yelken Acmak Icin Bir 21.Yuzyil Kilavuzu;Ursula K. Le Guin;Dumeni Yaraticiliga Kirmak - Hikaye Denizine Yelken Acmak Icin Bir 21.Yuzyil Kilavuzu. Ursula K. Le Guin;yes;;;2022;144;category?;read?;-;📋;reread?;D-5;homelibrary;https://www.google.com/search?q=Dumeni%20Yaraticiliga%20Kirmak%20-%20Hikaye%20Denizine%20Yelken%20Acmak%20Icin%20Bir%2021.Yuzyil%20Kilavuzu%20Ursula%20K.%20Le%20Guin;https://www.google.com/search?q=Dumeni%20Yaraticiliga%20Kirmak%20-%20Hikaye%20Denizine%20Yelken%20Acmak%20Icin%20Bir%2021.Yuzyil%20Kilavuzu%20Ursula%20K.%20Le%20Guin&tbm=isch;1576; ;
2575;21. Yuzyilda Turkiye - 2000'li Yillarda Turkiye'nin Toplumsal Yapisi;Emre Kongar;21. Yuzyilda Turkiye - 2000'li Yillarda Turkiye'nin Toplumsal Yapisi. Emre Kongar;no;;;2016;725;category?;read?;-;tbr?;reread?;H-5;homelibrary;https://www.google.com/search?q=21.%20Yuzyilda%20Turkiye%20-%202000%27li%20Yillarda%20Turkiye%27nin%20Toplumsal%20Yapisi%20Emre%20Kongar;https://www.google.com/search?q=21.%20Yuzyilda%20Turkiye%20-%202000%27li%20Yillarda%20Turkiye%27nin%20Toplumsal%20Yapisi%20Emre%20Kongar&tbm=isch;1575; ;
2574;Pandemi A.S. - Biz Hastayken Zengin Olan Kapitalistlerin ve Hirsizlarin Pesinde;J. David McSwane;Pandemi A.S. - Biz Hastayken Zengin Olan Kapitalistlerin ve Hirsizlarin Pesinde. J. David McSwane;yes;;;2023;288;category?;read?;-;📋;reread?;A-6;homelibrary;https://www.google.com/search?q=Pandemi%20A.S.%20-%20Biz%20Hastayken%20Zengin%20Olan%20Kapitalistlerin%20ve%20Hirsizlarin%20Pesinde%20J.%20David%20McSwane;https://www.google.com/search?q=Pandemi%20A.S.%20-%20Biz%20Hastayken%20Zengin%20Olan%20Kapitalistlerin%20ve%20Hirsizlarin%20Pesinde%20J.%20David%20McSwane&tbm=isch;1574; ;
2573;Gurultu - Insan Yargisinda Hata;Daniel Kahneman, Olivier Sibony, Cass R. Sunstein;Gurultu - Insan Yargisinda Hata. Daniel Kahneman, Olivier Sibony, Cass R. Sunstein;n/a;;;2023;512;category?;read?;-;📋;reread?;D-6;house-2;https://www.google.com/search?q=Gurultu%20-%20Insan%20Yargisinda%20Hata%20Daniel%20Kahneman,%20Olivier%20Sibony,%20Cass%20R.%20Sunstein;https://www.google.com/search?q=Gurultu%20-%20Insan%20Yargisinda%20Hata%20Daniel%20Kahneman,%20Olivier%20Sibony,%20Cass%20R.%20Sunstein&tbm=isch;1573; ;
2572;Modern Psikoloji;Alfred Adler;Modern Psikoloji. Alfred Adler;yes;;;2020;248;category?;read?;-;📋;reread?;B-3;homelibrary;https://www.google.com/search?q=Modern%20Psikoloji%20Alfred%20Adler;https://www.google.com/search?q=Modern%20Psikoloji%20Alfred%20Adler&tbm=isch;1572; ;
2571;Jungiyen Ruya Analizi;James A. Hall;Jungiyen Ruya Analizi. James A. Hall;yes;;;2023;224;category?;read?;-;📋;reread?;B-4;homelibrary;https://www.google.com/search?q=Jungiyen%20Ruya%20Analizi%20James%20A.%20Hall;https://www.google.com/search?q=Jungiyen%20Ruya%20Analizi%20James%20A.%20Hall&tbm=isch;1571; ;
2570;Zihinde Bir Dalga - Yazar, Okur ve Hayal Gucu Uzerine;Ursula K. Le Guin;Zihinde Bir Dalga - Yazar, Okur ve Hayal Gucu Uzerine. Ursula K. Le Guin;yes;;;2017;292;category?;read?;-;📋;reread?;D-5;homelibrary;https://www.google.com/search?q=Zihinde%20Bir%20Dalga%20-%20Yazar,%20Okur%20ve%20Hayal%20Gucu%20Uzerine%20Ursula%20K.%20Le%20Guin;https://www.google.com/search?q=Zihinde%20Bir%20Dalga%20-%20Yazar,%20Okur%20ve%20Hayal%20Gucu%20Uzerine%20Ursula%20K.%20Le%20Guin&tbm=isch;1570; ;
2569;Psikanaliz Nedir? - Psikanaliz Okullar ve Psikoterapi Uzerine Eslestirel Bir Giris;Ian Craib;Psikanaliz Nedir? - Psikanaliz Okullar ve Psikoterapi Uzerine Eslestirel Bir Giris. Ian Craib;yes;;;2011;320;category?;read?;-;📋;reread?;B-4;homelibrary;https://www.google.com/search?q=Psikanaliz%20Nedir?%20-%20Psikanaliz%20Okullar%20ve%20Psikoterapi%20Uzerine%20Eslestirel%20Bir%20Giris%20Ian%20Craib;https://www.google.com/search?q=Psikanaliz%20Nedir?%20-%20Psikanaliz%20Okullar%20ve%20Psikoterapi%20Uzerine%20Eslestirel%20Bir%20Giris%20Ian%20Craib&tbm=isch;1569; ;
2568;Bedenin Bilgeligi;Hillary L. McBride;Bedenin Bilgeligi. Hillary L. McBride;n/a;;;2023;288;Psychology & Mental Life;✅;-;tbr?;reread?;B-5;house-2;https://www.google.com/search?q=Bedenin%20Bilgeligi%20Hillary%20L.%20McBride;https://www.google.com/search?q=Bedenin%20Bilgeligi%20Hillary%20L.%20McBride&tbm=isch;1568; ;
2567;Kitaplardan Kurtulabileceginizi Sanmayin;Umberto Eco, Jean Claude Carriere;Kitaplardan Kurtulabileceginizi Sanmayin. Umberto Eco, Jean Claude Carriere;yes;;;2023;264;category?;read?;-;📋;reread?;D-7;homelibrary;https://www.google.com/search?q=Kitaplardan%20Kurtulabileceginizi%20Sanmayin%20Umberto%20Eco,%20Jean%20Claude%20Carriere;https://www.google.com/search?q=Kitaplardan%20Kurtulabileceginizi%20Sanmayin%20Umberto%20Eco,%20Jean%20Claude%20Carriere&tbm=isch;1567; ;
2566;Sihirli Cocuk;Joseph Chilton Pearce;Sihirli Cocuk. Joseph Chilton Pearce;yes;;;2020;341;category?;read?;-;📋;reread?;B-5;homelibrary;https://www.google.com/search?q=Sihirli%20Cocuk%20Joseph%20Chilton%20Pearce;https://www.google.com/search?q=Sihirli%20Cocuk%20Joseph%20Chilton%20Pearce&tbm=isch;1566; ;
2565;Tez Nasil Yazilir?;Umberto Eco;Tez Nasil Yazilir?. Umberto Eco;yes;;;2010;320;category?;read?;-;📋;reread?;D-7;homelibrary;https://www.google.com/search?q=Tez%20Nasil%20Yazilir?%20Umberto%20Eco;https://www.google.com/search?q=Tez%20Nasil%20Yazilir?%20Umberto%20Eco&tbm=isch;1565; ;
2564;Dayaniklilik Cagi - Yabanlasan Dunyadaki Varolusumuz;Jeremy Rifkin;Dayaniklilik Cagi - Yabanlasan Dunyadaki Varolusumuz. Jeremy Rifkin;yes;;;2023;368;category?;read?;-;📋;reread?;C-6;homelibrary;https://www.google.com/search?q=Dayaniklilik%20Cagi%20-%20Yabanlasan%20Dunyadaki%20Varolusumuz%20Jeremy%20Rifkin;https://www.google.com/search?q=Dayaniklilik%20Cagi%20-%20Yabanlasan%20Dunyadaki%20Varolusumuz%20Jeremy%20Rifkin&tbm=isch;1564; ;
2563;Freud ve Psikanaliz;Carl Gustav Jung;Freud ve Psikanaliz. Carl Gustav Jung;yes;;;2020;320;category?;read?;-;📋;reread?;B-4;homelibrary;https://www.google.com/search?q=Freud%20ve%20Psikanaliz%20Carl%20Gustav%20Jung;https://www.google.com/search?q=Freud%20ve%20Psikanaliz%20Carl%20Gustav%20Jung&tbm=isch;1563; ;
2562;Cinselligin Onemi - Arzuya Kavusmak;Ghislaine Paris;Cinselligin Onemi - Arzuya Kavusmak. Ghislaine Paris;yes;;;2020;160;category?;read?;-;📋;reread?;E-7;homelibrary;https://www.google.com/search?q=Cinselligin%20Onemi%20-%20Arzuya%20Kavusmak%20Ghislaine%20Paris;https://www.google.com/search?q=Cinselligin%20Onemi%20-%20Arzuya%20Kavusmak%20Ghislaine%20Paris&tbm=isch;1562; ;
2561;Blockbusters Hit Yapim Stratejileri ve Riskler - Eglencenin Buyuk Ekonomisi;Anita Elberse;Blockbusters Hit Yapim Stratejileri ve Riskler - Eglencenin Buyuk Ekonomisi. Anita Elberse;released;;yes;2023;288;category?;✅;-;tbr?;reread?;E-3;homelibrary;https://www.google.com/search?q=Blockbusters%20Hit%20Yapim%20Stratejileri%20ve%20Riskler%20-%20Eglencenin%20Buyuk%20Ekonomisi%20Anita%20Elberse;https://www.google.com/search?q=Blockbusters%20Hit%20Yapim%20Stratejileri%20ve%20Riskler%20-%20Eglencenin%20Buyuk%20Ekonomisi%20Anita%20Elberse&tbm=isch;1561; ;
2560;Ucurumdan Gecmek – Anaakim Tuketiciye Yikici Urunler Pazarlamak ve Satmak;Geoffrey Moore;Ucurumdan Gecmek – Anaakim Tuketiciye Yikici Urunler Pazarlamak ve Satmak. Geoffrey Moore;yes;;;2021;240;category?;read?;-;📋;reread?;A-4;homelibrary;https://www.google.com/search?q=Ucurumdan%20Gecmek%20%E2%80%93%20Anaakim%20Tuketiciye%20Yikici%20Urunler%20Pazarlamak%20ve%20Satmak%20Geoffrey%20Moore;https://www.google.com/search?q=Ucurumdan%20Gecmek%20%E2%80%93%20Anaakim%20Tuketiciye%20Yikici%20Urunler%20Pazarlamak%20ve%20Satmak%20Geoffrey%20Moore&tbm=isch;1560; ;
2559;Organizasyon Kulturu ve Liderlik;Edgar H. Schein, Peter Schein;Organizasyon Kulturu ve Liderlik. Edgar H. Schein, Peter Schein;no;;;2022;352;category?;read?;-;tbr?;reread?;H-1;homelibrary;https://www.google.com/search?q=Organizasyon%20Kulturu%20ve%20Liderlik%20Edgar%20H.%20Schein,%20Peter%20Schein;https://www.google.com/search?q=Organizasyon%20Kulturu%20ve%20Liderlik%20Edgar%20H.%20Schein,%20Peter%20Schein&tbm=isch;1559; ;
2558;Hakikat Sonrasi Cagda Edebiyat Eseri;Christopher Schaberg;Hakikat Sonrasi Cagda Edebiyat Eseri. Christopher Schaberg;yes;;;2020;216;category?;read?;-;📋;reread?;D-6;homelibrary;https://www.google.com/search?q=Hakikat%20Sonrasi%20Cagda%20Edebiyat%20Eseri%20Christopher%20Schaberg;https://www.google.com/search?q=Hakikat%20Sonrasi%20Cagda%20Edebiyat%20Eseri%20Christopher%20Schaberg&tbm=isch;1558; ;
2557;Kutuphanelerin Bilinmeyen Dunyasi;Susan Orlean;Kutuphanelerin Bilinmeyen Dunyasi. Susan Orlean;yes;;;2020;352;category?;read?;-;📋;reread?;D-5;homelibrary;https://www.google.com/search?q=Kutuphanelerin%20Bilinmeyen%20Dunyasi%20Susan%20Orlean;https://www.google.com/search?q=Kutuphanelerin%20Bilinmeyen%20Dunyasi%20Susan%20Orlean&tbm=isch;1557; ;
2556;Kadinlar Neden Sismanlar?;Susie Orbach;Kadinlar Neden Sismanlar?. Susie Orbach;yes;;;1998;196;category?;read?;-;📋;reread?;B-8;homelibrary;https://www.google.com/search?q=Kadinlar%20Neden%20Sismanlar?%20Susie%20Orbach;https://www.google.com/search?q=Kadinlar%20Neden%20Sismanlar?%20Susie%20Orbach&tbm=isch;1556; ;
2555;Dijital Yetenek;Matt Alder, Mervyn Dinnen;Dijital Yetenek. Matt Alder, Mervyn Dinnen;yes;;;2023;296;category?;read?;-;📋;reread?;H-3;homelibrary;https://www.google.com/search?q=Dijital%20Yetenek%20Matt%20Alder,%20Mervyn%20Dinnen;https://www.google.com/search?q=Dijital%20Yetenek%20Matt%20Alder,%20Mervyn%20Dinnen&tbm=isch;1555; ;
2554;Onemli Olani Olc - OKR - 10 Kat Buyumek Icin Basit Bir Yontem;Johne E. Doerr, John Doerr;Onemli Olani Olc - OKR - 10 Kat Buyumek Icin Basit Bir Yontem. Johne E. Doerr, John Doerr;yes;;;2022;253;category?;read?;-;📋;reread?;B-2;homelibrary;https://www.google.com/search?q=Onemli%20Olani%20Olc%20-%20OKR%20-%2010%20Kat%20Buyumek%20Icin%20Basit%20Bir%20Yontem%20Johne%20E.%20Doerr,%20John%20Doerr;https://www.google.com/search?q=Onemli%20Olani%20Olc%20-%20OKR%20-%2010%20Kat%20Buyumek%20Icin%20Basit%20Bir%20Yontem%20Johne%20E.%20Doerr,%20John%20Doerr&tbm=isch;1554; ;
2553;Devlet Gibi Gormek - Bazi Toplumsal Kalkinma Planlarinin Basarisizlik Hikayeleri;James C. Scott;Devlet Gibi Gormek - Bazi Toplumsal Kalkinma Planlarinin Basarisizlik Hikayeleri. James C. Scott;yes;;;2020;424;category?;read?;-;📋;reread?;H-4;homelibrary;https://www.google.com/search?q=Devlet%20Gibi%20Gormek%20-%20Bazi%20Toplumsal%20Kalkinma%20Planlarinin%20Basarisizlik%20Hikayeleri%20James%20C.%20Scott;https://www.google.com/search?q=Devlet%20Gibi%20Gormek%20-%20Bazi%20Toplumsal%20Kalkinma%20Planlarinin%20Basarisizlik%20Hikayeleri%20James%20C.%20Scott&tbm=isch;1553; ;
2552;Onsezi - Bir Pandemi Oykusu;Michael Lewis;Onsezi - Bir Pandemi Oykusu. Michael Lewis;yes;;;2023;408;Science & Discovery;✅;-;tbr?;reread?;B-7;homelibrary;https://www.google.com/search?q=Onsezi%20-%20Bir%20Pandemi%20Oykusu%20Michael%20Lewis;https://www.google.com/search?q=Onsezi%20-%20Bir%20Pandemi%20Oykusu%20Michael%20Lewis&tbm=isch;1552; ;
2551;Sayilara Yenik Dusmek - Facebook ve Google’dan Yalan Haberlere ve Filtre Balonlarina – Yasamlarimizi Denetim Altina Alan Algoritmalar;David Sumpter;Sayilara Yenik Dusmek - Facebook ve Google’dan Yalan Haberlere ve Filtre Balonlarina – Yasamlarimizi Denetim Altina Alan Algoritmalar. David Sumpter;yes;;;2022;288;category?;read?;-;📋;reread?;D-6;homelibrary;https://www.google.com/search?q=Sayilara%20Yenik%20Dusmek%20-%20Facebook%20ve%20Google%E2%80%99dan%20Yalan%20Haberlere%20ve%20Filtre%20Balonlarina%20%E2%80%93%20Yasamlarimizi%20Denetim%20Altina%20Alan%20Algoritmalar%20David%20Sumpter;https://www.google.com/search?q=Sayilara%20Yenik%20Dusmek%20-%20Facebook%20ve%20Google%E2%80%99dan%20Yalan%20Haberlere%20ve%20Filtre%20Balonlarina%20%E2%80%93%20Yasamlarimizi%20Denetim%20Altina%20Alan%20Algoritmalar%20David%20Sumpter&tbm=isch;1551; ;
2550;Terapide Yeni Ufuklar - Kuramdan Uygulamaya;Kolektif;Terapide Yeni Ufuklar - Kuramdan Uygulamaya. Kolektif;yes;;;2023;528;category?;read?;-;📋;reread?;B-4;homelibrary;https://www.google.com/search?q=Terapide%20Yeni%20Ufuklar%20-%20Kuramdan%20Uygulamaya%20Kolektif;https://www.google.com/search?q=Terapide%20Yeni%20Ufuklar%20-%20Kuramdan%20Uygulamaya%20Kolektif&tbm=isch;1550; ;
2549;Toplumsal Cinsiyet Akiskan midir?;Sally Hines;Toplumsal Cinsiyet Akiskan midir?. Sally Hines;yes;;;2019;144;category?;read?;-;📋;reread?;B-6;homelibrary;https://www.google.com/search?q=Toplumsal%20Cinsiyet%20Akiskan%20midir?%20Sally%20Hines;https://www.google.com/search?q=Toplumsal%20Cinsiyet%20Akiskan%20midir?%20Sally%20Hines&tbm=isch;1549; ;
2548;Toplumsal Cinsiyetin Sonu;Debra Soh;Toplumsal Cinsiyetin Sonu. Debra Soh;yes;;;2023;264;category?;read?;-;📋;reread?;B-6;homelibrary;https://www.google.com/search?q=Toplumsal%20Cinsiyetin%20Sonu%20Debra%20Soh;https://www.google.com/search?q=Toplumsal%20Cinsiyetin%20Sonu%20Debra%20Soh&tbm=isch;1548; ;
2547;En Buyuk Iyilik - Etkili Digerkamlik Etik Yasam Hakkindaki Fikirlerimizi Nasil Degistirir?;Peter Singer;En Buyuk Iyilik - Etkili Digerkamlik Etik Yasam Hakkindaki Fikirlerimizi Nasil Degistirir?. Peter Singer;yes;;;2023;208;category?;read?;-;📋;reread?;G-4;homelibrary;https://www.google.com/search?q=En%20Buyuk%20Iyilik%20-%20Etkili%20Digerkamlik%20Etik%20Yasam%20Hakkindaki%20Fikirlerimizi%20Nasil%20Degistirir?%20Peter%20Singer;https://www.google.com/search?q=En%20Buyuk%20Iyilik%20-%20Etkili%20Digerkamlik%20Etik%20Yasam%20Hakkindaki%20Fikirlerimizi%20Nasil%20Degistirir?%20Peter%20Singer&tbm=isch;1547; ;
2546;Kitlik - Cok Aza Sahip Olmanin Baska Anlamlari;Sendhil Mullainathan, Eldar Shafir;Kitlik - Cok Aza Sahip Olmanin Baska Anlamlari. Sendhil Mullainathan, Eldar Shafir;yes;;;2019;293;category?;read?;-;tbr?;reread?;H-6;homelibrary;https://www.google.com/search?q=Kitlik%20-%20Cok%20Aza%20Sahip%20Olmanin%20Baska%20Anlamlari%20Sendhil%20Mullainathan,%20Eldar%20Shafir;https://www.google.com/search?q=Kitlik%20-%20Cok%20Aza%20Sahip%20Olmanin%20Baska%20Anlamlari%20Sendhil%20Mullainathan,%20Eldar%20Shafir&tbm=isch;1546; ;
2545;Didik Didik Freud;Serol Teber, Senol Ayla;Didik Didik Freud. Serol Teber, Senol Ayla;yes;;;2022;256;category?;read?;-;📋;reread?;B-4;homelibrary;https://www.google.com/search?q=Didik%20Didik%20Freud%20Serol%20Teber,%20Senol%20Ayla;https://www.google.com/search?q=Didik%20Didik%20Freud%20Serol%20Teber,%20Senol%20Ayla&tbm=isch;1545; ;
2544;Her Insan Gordugu Ruyanin Tabiridir - Insan Ruhuna Derin Bir Yolculuk;Sigmund Freud;Her Insan Gordugu Ruyanin Tabiridir - Insan Ruhuna Derin Bir Yolculuk. Sigmund Freud;yes;;;2020;72;category?;✅;-;tbr?;📖;A-6;homelibrary;https://www.google.com/search?q=Her%20Insan%20Gordugu%20Ruyanin%20Tabiridir%20-%20Insan%20Ruhuna%20Derin%20Bir%20Yolculuk%20Sigmund%20Freud;https://www.google.com/search?q=Her%20Insan%20Gordugu%20Ruyanin%20Tabiridir%20-%20Insan%20Ruhuna%20Derin%20Bir%20Yolculuk%20Sigmund%20Freud&tbm=isch;1544; ;
2543;Zor Kisilikler'le Yasamak;Francois Lelord, Christophe Andre;Zor Kisilikler'le Yasamak. Francois Lelord, Christophe Andre;yes;;;2022;336;category?;read?;-;📋;reread?;B-5;homelibrary;https://www.google.com/search?q=Zor%20Kisilikler%27le%20Yasamak%20Francois%20Lelord,%20Christophe%20Andre;https://www.google.com/search?q=Zor%20Kisilikler%27le%20Yasamak%20Francois%20Lelord,%20Christophe%20Andre&tbm=isch;1543; ;
2542;Zor Bir Ailede Buyumek - Gecmisi Onarmanin ve Hayati Geri Kazanmanin Yollari;Susan Forward, Craig Buck;Zor Bir Ailede Buyumek - Gecmisi Onarmanin ve Hayati Geri Kazanmanin Yollari. Susan Forward, Craig Buck;yes;;;2021;327;category?;✅;-;tbr?;📖;B-5;homelibrary;https://www.google.com/search?q=Zor%20Bir%20Ailede%20Buyumek%20-%20Gecmisi%20Onarmanin%20ve%20Hayati%20Geri%20Kazanmanin%20Yollari%20Susan%20Forward,%20Craig%20Buck;https://www.google.com/search?q=Zor%20Bir%20Ailede%20Buyumek%20-%20Gecmisi%20Onarmanin%20ve%20Hayati%20Geri%20Kazanmanin%20Yollari%20Susan%20Forward,%20Craig%20Buck&tbm=isch;1542; ;
2541;Zirve - Uzmanlasmanin Bilimsel Sirlari;Robert Pool, Anders Ericsson;Zirve - Uzmanlasmanin Bilimsel Sirlari. Robert Pool, Anders Ericsson;yes;;;2018;352;category?;read?;-;📋;reread?;A-6;homelibrary;https://www.google.com/search?q=Zirve%20-%20Uzmanlasmanin%20Bilimsel%20Sirlari%20Robert%20Pool,%20Anders%20Ericsson;https://www.google.com/search?q=Zirve%20-%20Uzmanlasmanin%20Bilimsel%20Sirlari%20Robert%20Pool,%20Anders%20Ericsson&tbm=isch;1541; ;
2540;Zihnin Gelecegi;Michio Kaku;Zihnin Gelecegi. Michio Kaku;yes;;;2015;456;category?;read?;-;📋;reread?;C-4;homelibrary;https://www.google.com/search?q=Zihnin%20Gelecegi%20Michio%20Kaku;https://www.google.com/search?q=Zihnin%20Gelecegi%20Michio%20Kaku&tbm=isch;1540; ;
2539;Zihin Nasil Calisir;Steven Pinker;Zihin Nasil Calisir. Steven Pinker;yes;;;2020;712;category?;read?;-;📋;reread?;B-2;homelibrary;https://www.google.com/search?q=Zihin%20Nasil%20Calisir%20Steven%20Pinker;https://www.google.com/search?q=Zihin%20Nasil%20Calisir%20Steven%20Pinker&tbm=isch;1539; ;
2538;Zihin Cerceveleri - Coklu Zeka Kurami;Howard Gardner;Zihin Cerceveleri - Coklu Zeka Kurami. Howard Gardner;yes;;;2017;559;category?;read?;-;tbr?;reread?;C-9;homelibrary;https://www.google.com/search?q=Zihin%20Cerceveleri%20-%20Coklu%20Zeka%20Kurami%20Howard%20Gardner;https://www.google.com/search?q=Zihin%20Cerceveleri%20-%20Coklu%20Zeka%20Kurami%20Howard%20Gardner&tbm=isch;1538; ;
2537;Zihin;John Brockman;Zihin. John Brockman;yes;;;2013;290;category?;read?;-;tbr?;reread?;E-8;homelibrary;https://www.google.com/search?q=Zihin%20John%20Brockman;https://www.google.com/search?q=Zihin%20John%20Brockman&tbm=isch;1537; ;
2536;Zenginlik Devrimi - Nasil Yaratilacak ve Hayatinizi Nasil Degistirecek;Alvin Toffler, Heidi Toffler;Zenginlik Devrimi - Nasil Yaratilacak ve Hayatinizi Nasil Degistirecek. Alvin Toffler, Heidi Toffler;yes;;;2006;575;category?;read?;-;📋;reread?;E-3;homelibrary;https://www.google.com/search?q=Zenginlik%20Devrimi%20-%20Nasil%20Yaratilacak%20ve%20Hayatinizi%20Nasil%20Degistirecek%20Alvin%20Toffler,%20Heidi%20Toffler;https://www.google.com/search?q=Zenginlik%20Devrimi%20-%20Nasil%20Yaratilacak%20ve%20Hayatinizi%20Nasil%20Degistirecek%20Alvin%20Toffler,%20Heidi%20Toffler&tbm=isch;1536; ;
2535;Zenginler Yoksullar ve Robotlor;Deniz Can Saner;Zenginler Yoksullar ve Robotlor. Deniz Can Saner;released;;yes;1993;167;category?;read?;-;tbr?;reread?;E-3;homelibrary;https://www.google.com/search?q=Zenginler%20Yoksullar%20ve%20Robotlor%20Deniz%20Can%20Saner;https://www.google.com/search?q=Zenginler%20Yoksullar%20ve%20Robotlor%20Deniz%20Can%20Saner&tbm=isch;1535; ;
2534;Zengin Baba Yoksul Baba;Robert T. Kiyosaki;Zengin Baba Yoksul Baba. Robert T. Kiyosaki;yes;;;2023;400;category?;read?;-;📋;reread?;C-9;homelibrary;https://www.google.com/search?q=Zengin%20Baba%20Yoksul%20Baba%20Robert%20T.%20Kiyosaki;https://www.google.com/search?q=Zengin%20Baba%20Yoksul%20Baba%20Robert%20T.%20Kiyosaki&tbm=isch;1534; ;
2533;Zeki Oldugunu Hala Dusunuyor musun?;John Farndon;Zeki Oldugunu Hala Dusunuyor musun?. John Farndon;released;;yes;2015;184;category?;read?;-;📋;reread?;D-3;homelibrary;https://www.google.com/search?q=Zeki%20Oldugunu%20Hala%20Dusunuyor%20musun?%20John%20Farndon;https://www.google.com/search?q=Zeki%20Oldugunu%20Hala%20Dusunuyor%20musun?%20John%20Farndon&tbm=isch;1533; ;
2532;Zeki Oldugunu Dusunuyor musun?;John Farndon;Zeki Oldugunu Dusunuyor musun?. John Farndon;released;;yes;2016;224;category?;read?;-;📋;reread?;D-3;homelibrary;https://www.google.com/search?q=Zeki%20Oldugunu%20Dusunuyor%20musun?%20John%20Farndon;https://www.google.com/search?q=Zeki%20Oldugunu%20Dusunuyor%20musun?%20John%20Farndon&tbm=isch;1532; ;
2531;Zeki Ama Saplantili;Thomas E. Brown;Zeki Ama Saplantili. Thomas E. Brown;yes;;;1970;281;category?;read?;-;tbr?;reread?;C-10;homelibrary;https://www.google.com/search?q=Zeki%20Ama%20Saplantili%20Thomas%20E.%20Brown;https://www.google.com/search?q=Zeki%20Ama%20Saplantili%20Thomas%20E.%20Brown&tbm=isch;1531; ;
2530;Zehirsiz Ev - Yasaminizdan Zararli Kimyasallari Eksiltmenin Basit Yollari;Mercan Yurdakuler Uluengin;Zehirsiz Ev - Yasaminizdan Zararli Kimyasallari Eksiltmenin Basit Yollari. Mercan Yurdakuler Uluengin;released;;yes;2018;140;category?;✅;-;tbr?;reread?;F-6;homelibrary;https://www.google.com/search?q=Zehirsiz%20Ev%20-%20Yasaminizdan%20Zararli%20Kimyasallari%20Eksiltmenin%20Basit%20Yollari%20Mercan%20Yurdakuler%20Uluengin;https://www.google.com/search?q=Zehirsiz%20Ev%20-%20Yasaminizdan%20Zararli%20Kimyasallari%20Eksiltmenin%20Basit%20Yollari%20Mercan%20Yurdakuler%20Uluengin&tbm=isch;1530; ;
2529;Zebralar Neden Ulser Olmaz?;Robert M. Sapolsky;Zebralar Neden Ulser Olmaz?. Robert M. Sapolsky;yes;;;2021;598;category?;✅;-;tbr?;reread?;B-9;homelibrary;https://www.google.com/search?q=Zebralar%20Neden%20Ulser%20Olmaz?%20Robert%20M.%20Sapolsky;https://www.google.com/search?q=Zebralar%20Neden%20Ulser%20Olmaz?%20Robert%20M.%20Sapolsky&tbm=isch;1529; ;
2528;Zahmetsiz - Onemli Isleri Yapmayi Kolaylastirin;Greg McKeown;Zahmetsiz - Onemli Isleri Yapmayi Kolaylastirin. Greg McKeown;no;;;2022;248;category?;read?;-;📋;reread?;C-4;homelibrary;https://www.google.com/search?q=Zahmetsiz%20-%20Onemli%20Isleri%20Yapmayi%20Kolaylastirin%20Greg%20McKeown;https://www.google.com/search?q=Zahmetsiz%20-%20Onemli%20Isleri%20Yapmayi%20Kolaylastirin%20Greg%20McKeown&tbm=isch;1528; ;
2527;Z - Bir Kusagi Anlamak;Evrim Kuran;Z - Bir Kusagi Anlamak. Evrim Kuran;no;;;2019;128;category?;read?;-;📋;reread?;A-3;homelibrary;https://www.google.com/search?q=Z%20-%20Bir%20Kusagi%20Anlamak%20Evrim%20Kuran;https://www.google.com/search?q=Z%20-%20Bir%20Kusagi%20Anlamak%20Evrim%20Kuran&tbm=isch;1527; ;
2526;Y’leri Anla, Degistirme - Kurumsal Hayatta Milenyum Kusagi ve Iletisim;Elif Basak Sarioglu;Y’leri Anla, Degistirme - Kurumsal Hayatta Milenyum Kusagi ve Iletisim. Elif Basak Sarioglu;released;;yes;2018;120;category?;read?;-;tbr?;reread?;E-2;homelibrary;https://www.google.com/search?q=Y%E2%80%99leri%20Anla,%20Degistirme%20-%20Kurumsal%20Hayatta%20Milenyum%20Kusagi%20ve%20Iletisim%20Elif%20Basak%20Sarioglu;https://www.google.com/search?q=Y%E2%80%99leri%20Anla,%20Degistirme%20-%20Kurumsal%20Hayatta%20Milenyum%20Kusagi%20ve%20Iletisim%20Elif%20Basak%20Sarioglu&tbm=isch;1526; ;
2525;Yuzyilin Sonu;Nathan Gardels, Wole Soyinka;Yuzyilin Sonu. Nathan Gardels, Wole Soyinka;no;;;2000;238;category?;read?;-;tbr?;reread?;H-1;homelibrary;https://www.google.com/search?q=Yuzyilin%20Sonu%20Nathan%20Gardels,%20Wole%20Soyinka;https://www.google.com/search?q=Yuzyilin%20Sonu%20Nathan%20Gardels,%20Wole%20Soyinka&tbm=isch;1525; ;
2524;Yuzmek, Yasamak ve Olma Arzusu;Nihan Kaya;Yuzmek, Yasamak ve Olma Arzusu. Nihan Kaya;yes;;;2022;272;category?;✅;-;tbr?;📖;A-9;homelibrary;https://www.google.com/search?q=Yuzmek,%20Yasamak%20ve%20Olma%20Arzusu%20Nihan%20Kaya;https://www.google.com/search?q=Yuzmek,%20Yasamak%20ve%20Olma%20Arzusu%20Nihan%20Kaya&tbm=isch;1524; ;
2523;Yurumeye Ovgu;David Le Breton;Yurumeye Ovgu. David Le Breton;yes;;;2022;144;category?;read?;-;📋;reread?;A-7;homelibrary;https://www.google.com/search?q=Yurumeye%20Ovgu%20David%20Le%20Breton;https://www.google.com/search?q=Yurumeye%20Ovgu%20David%20Le%20Breton&tbm=isch;1523; ;
2522;Yukselis - Krizdeki Uluslar Icin Donum Noktalari;Jared Diamond;Yukselis - Krizdeki Uluslar Icin Donum Noktalari. Jared Diamond;yes;;;2019;576;category?;read?;-;📋;reread?;G-10;homelibrary;https://www.google.com/search?q=Yukselis%20-%20Krizdeki%20Uluslar%20Icin%20Donum%20Noktalari%20Jared%20Diamond;https://www.google.com/search?q=Yukselis%20-%20Krizdeki%20Uluslar%20Icin%20Donum%20Noktalari%20Jared%20Diamond&tbm=isch;1522; ;
2521;Yuksek Topuklarla Nasil Yuruycem?;Camilla Morton;Yuksek Topuklarla Nasil Yuruycem?. Camilla Morton;yes;;;2010;537;category?;read?;-;📋;reread?;E-9;homelibrary;https://www.google.com/search?q=Yuksek%20Topuklarla%20Nasil%20Yuruycem?%20Camilla%20Morton;https://www.google.com/search?q=Yuksek%20Topuklarla%20Nasil%20Yuruycem?%20Camilla%20Morton&tbm=isch;1521; ;
2520;Yuksek Bilinc Kilavuzu;Ken Keyes JR;Yuksek Bilinc Kilavuzu. Ken Keyes JR;yes;;;2014;256;category?;read?;-;📋;reread?;F-3;homelibrary;https://www.google.com/search?q=Yuksek%20Bilinc%20Kilavuzu%20Ken%20Keyes%20JR;https://www.google.com/search?q=Yuksek%20Bilinc%20Kilavuzu%20Ken%20Keyes%20JR&tbm=isch;1520; ;
2519;Yorgunluk Toplumu;Byung-Chul Han;Yorgunluk Toplumu. Byung-Chul Han;yes;;;2017;63;category?;✅;-;tbr?;📖;H-4;homelibrary;https://www.google.com/search?q=Yorgunluk%20Toplumu%20Byung-Chul%20Han;https://www.google.com/search?q=Yorgunluk%20Toplumu%20Byung-Chul%20Han&tbm=isch;1519; ;
2518;Style Yourself - Inspired Advice From The World's Top Fashion Bloggers;Jane Aldridge;Style Yourself - Inspired Advice From The World's Top Fashion Bloggers. Jane Aldridge;no;;;2011;240;category?;read?;-;tbr?;reread?;H-9;homelibrary;https://www.google.com/search?q=Style%20Yourself%20-%20Inspired%20Advice%20From%20The%20World%27s%20Top%20Fashion%20Bloggers%20Jane%20Aldridge;https://www.google.com/search?q=Style%20Yourself%20-%20Inspired%20Advice%20From%20The%20World%27s%20Top%20Fashion%20Bloggers%20Jane%20Aldridge&tbm=isch;1518; ;
2517;Yonetimin Gelecegi;Gary Hamel;Yonetimin Gelecegi. Gary Hamel;released;;yes;2008;280;category?;read?;-;tbr?;reread?;D-1;homelibrary;https://www.google.com/search?q=Yonetimin%20Gelecegi%20Gary%20Hamel;https://www.google.com/search?q=Yonetimin%20Gelecegi%20Gary%20Hamel&tbm=isch;1517; ;
2516;Yonetimin Esaslari - Temel Kavramlar ve Uygulamalar;Stephen P. Robins, David A. Decenzo, Mary Coulter;Yonetimin Esaslari - Temel Kavramlar ve Uygulamalar. Stephen P. Robins, David A. Decenzo, Mary Coulter;no;;;2013;496;category?;read?;-;tbr?;reread?;H-9;homelibrary;https://www.google.com/search?q=Yonetimin%20Esaslari%20-%20Temel%20Kavramlar%20ve%20Uygulamalar%20Stephen%20P.%20Robins,%20David%20A.%20Decenzo,%20Mary%20Coulter;https://www.google.com/search?q=Yonetimin%20Esaslari%20-%20Temel%20Kavramlar%20ve%20Uygulamalar%20Stephen%20P.%20Robins,%20David%20A.%20Decenzo,%20Mary%20Coulter&tbm=isch;1516; ;
2515;Yonetim ve Orgut Teorilerinde Metafor;Gareth Morgan;Yonetim ve Orgut Teorilerinde Metafor. Gareth Morgan;yes;;;1997;424;category?;read?;-;tbr?;reread?;C-9;homelibrary;https://www.google.com/search?q=Yonetim%20ve%20Orgut%20Teorilerinde%20Metafor%20Gareth%20Morgan;https://www.google.com/search?q=Yonetim%20ve%20Orgut%20Teorilerinde%20Metafor%20Gareth%20Morgan&tbm=isch;1515; ;
2514;Leadership in Organizations;Gary A. Yukl;Leadership in Organizations. Gary A. Yukl;no;;;2006;542;category?;read?;-;tbr?;reread?;H-7;homelibrary;https://www.google.com/search?q=Leadership%20in%20Organizations%20Gary%20A.%20Yukl;https://www.google.com/search?q=Leadership%20in%20Organizations%20Gary%20A.%20Yukl&tbm=isch;1514; ;
2513;Yoganin Kalbi;T. K. V. Desikachar;Yoganin Kalbi. T. K. V. Desikachar;no;;;2019;408;category?;read?;-;tbr?;reread?;G-6;homelibrary;https://www.google.com/search?q=Yoganin%20Kalbi%20T.%20K.%20V.%20Desikachar;https://www.google.com/search?q=Yoganin%20Kalbi%20T.%20K.%20V.%20Desikachar&tbm=isch;1513; ;
2512;Yoga - Bir Donusum Kilavuzu;Vedacarya David Frawley;Yoga - Bir Donusum Kilavuzu. Vedacarya David Frawley;yes;;;2022;112;category?;✅;-;tbr?;📖;G-9;homelibrary;https://www.google.com/search?q=Yoga%20-%20Bir%20Donusum%20Kilavuzu%20Vedacarya%20David%20Frawley;https://www.google.com/search?q=Yoga%20-%20Bir%20Donusum%20Kilavuzu%20Vedacarya%20David%20Frawley&tbm=isch;1512; ;
2511;Yoga Zihni - Pratiginizi Derinlestirmek Icin Yoga Felsefesine Dair 52 Temel Prensip;Rina Jakubowicz;Yoga Zihni - Pratiginizi Derinlestirmek Icin Yoga Felsefesine Dair 52 Temel Prensip. Rina Jakubowicz;no;;;2022;208;category?;read?;-;tbr?;reread?;H-8;homelibrary;https://www.google.com/search?q=Yoga%20Zihni%20-%20Pratiginizi%20Derinlestirmek%20Icin%20Yoga%20Felsefesine%20Dair%2052%20Temel%20Prensip%20Rina%20Jakubowicz;https://www.google.com/search?q=Yoga%20Zihni%20-%20Pratiginizi%20Derinlestirmek%20Icin%20Yoga%20Felsefesine%20Dair%2052%20Temel%20Prensip%20Rina%20Jakubowicz&tbm=isch;1511; ;
2510;Yoga ve Vejetaryenlik;Sharon Gannon;Yoga ve Vejetaryenlik. Sharon Gannon;no;;;2016;164;category?;read?;-;tbr?;reread?;F-4;homelibrary;https://www.google.com/search?q=Yoga%20ve%20Vejetaryenlik%20Sharon%20Gannon;https://www.google.com/search?q=Yoga%20ve%20Vejetaryenlik%20Sharon%20Gannon&tbm=isch;1510; ;
2509;Yoga ve Siz;B.K.S. Iyengar;Yoga ve Siz. B.K.S. Iyengar;yes;;;2023;176;category?;read?;-;tbr?;reread?;G-7;homelibrary;https://www.google.com/search?q=Yoga%20ve%20Siz%20B.K.S.%20Iyengar;https://www.google.com/search?q=Yoga%20ve%20Siz%20B.K.S.%20Iyengar&tbm=isch;1509; ;
2508;Yoga Nefes Bilimi - Sagligin ve Ruhsal Gelisimin Anahtari;William Walker Atkinson, Yogi Romcharaka;Yoga Nefes Bilimi - Sagligin ve Ruhsal Gelisimin Anahtari. William Walker Atkinson, Yogi Romcharaka;no;;;2021;112;category?;read?;-;📋;reread?;G-6;homelibrary;https://www.google.com/search?q=Yoga%20Nefes%20Bilimi%20-%20Sagligin%20ve%20Ruhsal%20Gelisimin%20Anahtari%20William%20Walker%20Atkinson,%20Yogi%20Romcharaka;https://www.google.com/search?q=Yoga%20Nefes%20Bilimi%20-%20Sagligin%20ve%20Ruhsal%20Gelisimin%20Anahtari%20William%20Walker%20Atkinson,%20Yogi%20Romcharaka&tbm=isch;1508; ;
2507;Yirt At;Richard Wiseman;Yirt At. Richard Wiseman;no;;;2014;384;category?;read?;-;tbr?;reread?;C-3;homelibrary;https://www.google.com/search?q=Yirt%20At%20Richard%20Wiseman;https://www.google.com/search?q=Yirt%20At%20Richard%20Wiseman&tbm=isch;1507; ;
2506;Yin Yoga El Kitabi - Yin Yoga Felsefesi ve Pratigi;Bernie Clark;Yin Yoga El Kitabi - Yin Yoga Felsefesi ve Pratigi. Bernie Clark;no;;;2020;314;category?;read?;-;tbr?;reread?;G-7;homelibrary;https://www.google.com/search?q=Yin%20Yoga%20El%20Kitabi%20-%20Yin%20Yoga%20Felsefesi%20ve%20Pratigi%20Bernie%20Clark;https://www.google.com/search?q=Yin%20Yoga%20El%20Kitabi%20-%20Yin%20Yoga%20Felsefesi%20ve%20Pratigi%20Bernie%20Clark&tbm=isch;1506; ;
2505;Yin Yoga - Prensipleri Uygulamasi;Paul Grilley;Yin Yoga - Prensipleri Uygulamasi. Paul Grilley;no;;;2022;134;category?;read?;-;tbr?;reread?;G-7;homelibrary;https://www.google.com/search?q=Yin%20Yoga%20-%20Prensipleri%20Uygulamasi%20Paul%20Grilley;https://www.google.com/search?q=Yin%20Yoga%20-%20Prensipleri%20Uygulamasi%20Paul%20Grilley&tbm=isch;1505; ;
2504;Yildiz Patikalari ve Yabani Isaretler - Kayip Altinci Hissimizin Anahtarlari;Tristan Gooley;Yildiz Patikalari ve Yabani Isaretler - Kayip Altinci Hissimizin Anahtarlari. Tristan Gooley;no;;;2022;416;category?;read?;-;📋;reread?;F-6;homelibrary;https://www.google.com/search?q=Yildiz%20Patikalari%20ve%20Yabani%20Isaretler%20-%20Kayip%20Altinci%20Hissimizin%20Anahtarlari%20Tristan%20Gooley;https://www.google.com/search?q=Yildiz%20Patikalari%20ve%20Yabani%20Isaretler%20-%20Kayip%20Altinci%20Hissimizin%20Anahtarlari%20Tristan%20Gooley&tbm=isch;1504; ;
2503;Yetenekli Cocugun Drami;Alice Miller;Yetenekli Cocugun Drami. Alice Miller;yes;;;2021;144;category?;✅;-;tbr?;📖;A-5;homelibrary;https://www.google.com/search?q=Yetenekli%20Cocugun%20Drami%20Alice%20Miller;https://www.google.com/search?q=Yetenekli%20Cocugun%20Drami%20Alice%20Miller&tbm=isch;1503; ;
2502;Yetenekleri Bulmak;Steve Pogorzelski, Jesse.Harriott, Doug Hardy;Yetenekleri Bulmak. Steve Pogorzelski, Jesse.Harriott, Doug Hardy;no;;;2010;255;category?;read?;-;tbr?;reread?;E-1;homelibrary;https://www.google.com/search?q=Yetenekleri%20Bulmak%20Steve%20Pogorzelski,%20Jesse.Harriott,%20Doug%20Hardy;https://www.google.com/search?q=Yetenekleri%20Bulmak%20Steve%20Pogorzelski,%20Jesse.Harriott,%20Doug%20Hardy&tbm=isch;1502; ;
2501;Yetenek Yonetimi - Insan Kaynaklari Yonetiminin Yeni Vizyonu;Dincer Atli;Yetenek Yonetimi - Insan Kaynaklari Yonetiminin Yeni Vizyonu. Dincer Atli;no;;;2012;328;category?;read?;-;tbr?;reread?;A-1;homelibrary;https://www.google.com/search?q=Yetenek%20Yonetimi%20-%20Insan%20Kaynaklari%20Yonetiminin%20Yeni%20Vizyonu%20Dincer%20Atli;https://www.google.com/search?q=Yetenek%20Yonetimi%20-%20Insan%20Kaynaklari%20Yonetiminin%20Yeni%20Vizyonu%20Dincer%20Atli&tbm=isch;1501; ;
2500;Yetenek Sarraflari - Akilli Liderler Nicin Insanlara Rakamlardan Fazla Deger Verir?;Ram Charan, Bill Conaty;Yetenek Sarraflari - Akilli Liderler Nicin Insanlara Rakamlardan Fazla Deger Verir?. Ram Charan, Bill Conaty;yes;;;2011;384;Work & Career;✅;-;tbr?;reread?;H-3;homelibrary;https://www.google.com/search?q=Yetenek%20Sarraflari%20-%20Akilli%20Liderler%20Nicin%20Insanlara%20Rakamlardan%20Fazla%20Deger%20Verir?%20Ram%20Charan,%20Bill%20Conaty;https://www.google.com/search?q=Yetenek%20Sarraflari%20-%20Akilli%20Liderler%20Nicin%20Insanlara%20Rakamlardan%20Fazla%20Deger%20Verir?%20Ram%20Charan,%20Bill%20Conaty&tbm=isch;1500; ;
2499;Yetenek Dedigin Nedir Ki? - Dunya Capinda Basarili Kisileri Farkli Kilan Ne?;Geoff Colvin;Yetenek Dedigin Nedir Ki? - Dunya Capinda Basarili Kisileri Farkli Kilan Ne?. Geoff Colvin;yes;;;2010;320;category?;✅;-;tbr?;📖;C-3;homelibrary;https://www.google.com/search?q=Yetenek%20Dedigin%20Nedir%20Ki?%20-%20Dunya%20Capinda%20Basarili%20Kisileri%20Farkli%20Kilan%20Ne?%20Geoff%20Colvin;https://www.google.com/search?q=Yetenek%20Dedigin%20Nedir%20Ki?%20-%20Dunya%20Capinda%20Basarili%20Kisileri%20Farkli%20Kilan%20Ne?%20Geoff%20Colvin&tbm=isch;1499; ;
2498;Yetenegin Sifresi;Daniel Coyle;Yetenegin Sifresi. Daniel Coyle;yes;;;2016;248;category?;✅;-;tbr?;reread?;C-3;homelibrary;https://www.google.com/search?q=Yetenegin%20Sifresi%20Daniel%20Coyle;https://www.google.com/search?q=Yetenegin%20Sifresi%20Daniel%20Coyle&tbm=isch;1498; ;
2497;Yesilden Altina - Akilli Sirketler Cevreci Stratejiler ile Nasil Avantaj Yaratir?;Daniel C. Esty, Andrew S. Winston;Yesilden Altina - Akilli Sirketler Cevreci Stratejiler ile Nasil Avantaj Yaratir?. Daniel C. Esty, Andrew S. Winston;yes;;;2008;428;category?;read?;-;tbr?;reread?;B-2;homelibrary;https://www.google.com/search?q=Yesilden%20Altina%20-%20Akilli%20Sirketler%20Cevreci%20Stratejiler%20ile%20Nasil%20Avantaj%20Yaratir?%20Daniel%20C.%20Esty,%20Andrew%20S.%20Winston;https://www.google.com/search?q=Yesilden%20Altina%20-%20Akilli%20Sirketler%20Cevreci%20Stratejiler%20ile%20Nasil%20Avantaj%20Yaratir?%20Daniel%20C.%20Esty,%20Andrew%20S.%20Winston&tbm=isch;1497; ;
2496;Yesil Mutfak - Vegan - Vejetaryen Yemek Tarifleri ve Yemek Kulturu Kitabi;Lisa Jervis;Yesil Mutfak - Vegan - Vejetaryen Yemek Tarifleri ve Yemek Kulturu Kitabi. Lisa Jervis;yes;;;2016;176;category?;✅;-;tbr?;📖;F-4;homelibrary;https://www.google.com/search?q=Yesil%20Mutfak%20-%20Vegan%20-%20Vejetaryen%20Yemek%20Tarifleri%20ve%20Yemek%20Kulturu%20Kitabi%20Lisa%20Jervis;https://www.google.com/search?q=Yesil%20Mutfak%20-%20Vegan%20-%20Vejetaryen%20Yemek%20Tarifleri%20ve%20Yemek%20Kulturu%20Kitabi%20Lisa%20Jervis&tbm=isch;1496; ;
2495;Yeryuzuyle Barismak;Vandana Shiva;Yeryuzuyle Barismak. Vandana Shiva;no;;;2021;248;category?;read?;-;tbr?;reread?;F-6;homelibrary;https://www.google.com/search?q=Yeryuzuyle%20Barismak%20Vandana%20Shiva;https://www.google.com/search?q=Yeryuzuyle%20Barismak%20Vandana%20Shiva&tbm=isch;1495; ;
2494;Yeryuzunu Opmek;Josh Tickell;Yeryuzunu Opmek. Josh Tickell;no;;;2021;360;category?;read?;-;tbr?;reread?;F-6;homelibrary;https://www.google.com/search?q=Yeryuzunu%20Opmek%20Josh%20Tickell;https://www.google.com/search?q=Yeryuzunu%20Opmek%20Josh%20Tickell&tbm=isch;1494; ;
2493;Yetenek Kasifi - Dogru Insani Ise Al;Ozam Dagdeviren;Yetenek Kasifi - Dogru Insani Ise Al. Ozam Dagdeviren;no;;;2017;136;category?;read?;-;tbr?;reread?;A-1;homelibrary;https://www.google.com/search?q=Yetenek%20Kasifi%20-%20Dogru%20Insani%20Ise%20Al%20Ozam%20Dagdeviren;https://www.google.com/search?q=Yetenek%20Kasifi%20-%20Dogru%20Insani%20Ise%20Al%20Ozam%20Dagdeviren&tbm=isch;1493; ;
2492;Yeryuzune Dusus;Al Worden;Yeryuzune Dusus. Al Worden;no;;;2016;309;category?;read?;-;tbr?;reread?;B-1;homelibrary;https://www.google.com/search?q=Yeryuzune%20Dusus%20Al%20Worden;https://www.google.com/search?q=Yeryuzune%20Dusus%20Al%20Worden&tbm=isch;1492; ;
2491;Yeraltindaki Tohum;Janisse Ray;Yeraltindaki Tohum. Janisse Ray;yes;;;2015;320;category?;✅;-;tbr?;📖;F-6;homelibrary;https://www.google.com/search?q=Yeraltindaki%20Tohum%20Janisse%20Ray;https://www.google.com/search?q=Yeraltindaki%20Tohum%20Janisse%20Ray&tbm=isch;1491; ;
2490;Yeniligin 3M Yolu;Ernest Gundling;Yeniligin 3M Yolu. Ernest Gundling;released;;yes;2002;342;category?;read?;-;tbr?;reread?;G-2;homelibrary;https://www.google.com/search?q=Yeniligin%203M%20Yolu%20Ernest%20Gundling;https://www.google.com/search?q=Yeniligin%203M%20Yolu%20Ernest%20Gundling&tbm=isch;1490; ;
2489;Yenile;Satya Nadella;Yenile. Satya Nadella;released;;yes;2018;296;category?;read?;-;tbr?;reread?;A-1;homelibrary;https://www.google.com/search?q=Yenile%20Satya%20Nadella;https://www.google.com/search?q=Yenile%20Satya%20Nadella&tbm=isch;1489; ;
2488;Yeniden Dusun - Ne Bilmedigini Bilmenin Verdigi Guc;Adam Grant;Yeniden Dusun - Ne Bilmedigini Bilmenin Verdigi Guc. Adam Grant;yes;;;2021;400;category?;read?;-;📋;reread?;A-4;homelibrary;https://www.google.com/search?q=Yeniden%20Dusun%20-%20Ne%20Bilmedigini%20Bilmenin%20Verdigi%20Guc%20Adam%20Grant;https://www.google.com/search?q=Yeniden%20Dusun%20-%20Ne%20Bilmedigini%20Bilmenin%20Verdigi%20Guc%20Adam%20Grant&tbm=isch;1488; ;
2487;Yeni Ulke Yeni Hayat - Turkiye’den Gidenlerin Hikayeleri;Bahar Cuhadar;Yeni Ulke Yeni Hayat - Turkiye’den Gidenlerin Hikayeleri. Bahar Cuhadar;yes;;;2019;290;category?;read?;-;📋;reread?;A-3;homelibrary;https://www.google.com/search?q=Yeni%20Ulke%20Yeni%20Hayat%20-%20Turkiye%E2%80%99den%20Gidenlerin%20Hikayeleri%20Bahar%20Cuhadar;https://www.google.com/search?q=Yeni%20Ulke%20Yeni%20Hayat%20-%20Turkiye%E2%80%99den%20Gidenlerin%20Hikayeleri%20Bahar%20Cuhadar&tbm=isch;1487; ;
2486;Hala Yaziyorum - Bir Yazarin Yaratici Yasaminin Hazlari ve Riskleri;Dani Shapiro;Hala Yaziyorum - Bir Yazarin Yaratici Yasaminin Hazlari ve Riskleri. Dani Shapiro;yes;;;2019;192;category?;read?;-;📋;reread?;D-5;homelibrary;https://www.google.com/search?q=Hala%20Yaziyorum%20-%20Bir%20Yazarin%20Yaratici%20Yasaminin%20Hazlari%20ve%20Riskleri%20Dani%20Shapiro;https://www.google.com/search?q=Hala%20Yaziyorum%20-%20Bir%20Yazarin%20Yaratici%20Yasaminin%20Hazlari%20ve%20Riskleri%20Dani%20Shapiro&tbm=isch;1486; ;
2485;Yeni Onculer;Thomas Petzinger;Yeni Onculer. Thomas Petzinger;released;;yes;1999;350;category?;read?;-;tbr?;reread?;H-1;homelibrary;https://www.google.com/search?q=Yeni%20Onculer%20Thomas%20Petzinger;https://www.google.com/search?q=Yeni%20Onculer%20Thomas%20Petzinger&tbm=isch;1485; ;
2484;Yeni Nesil Yonetim - Yari Gerceklere Degil Kanitlara Dayali;Jeffrey Pfeffer, Robert I. Sutton;Yeni Nesil Yonetim - Yari Gerceklere Degil Kanitlara Dayali. Jeffrey Pfeffer, Robert I. Sutton;no;;;2009;368;category?;read?;-;tbr?;reread?;G-2;homelibrary;https://www.google.com/search?q=Yeni%20Nesil%20Yonetim%20-%20Yari%20Gerceklere%20Degil%20Kanitlara%20Dayali%20Jeffrey%20Pfeffer,%20Robert%20I.%20Sutton;https://www.google.com/search?q=Yeni%20Nesil%20Yonetim%20-%20Yari%20Gerceklere%20Degil%20Kanitlara%20Dayali%20Jeffrey%20Pfeffer,%20Robert%20I.%20Sutton&tbm=isch;1484; ;
2483;Yeni Nesil Reklamcilik - Dijital Cag Icin Yeni Kurallar;Fons Van Dyck;Yeni Nesil Reklamcilik - Dijital Cag Icin Yeni Kurallar. Fons Van Dyck;yes;;;2017;198;category?;read?;-;📋;reread?;A-3;homelibrary;https://www.google.com/search?q=Yeni%20Nesil%20Reklamcilik%20-%20Dijital%20Cag%20Icin%20Yeni%20Kurallar%20Fons%20Van%20Dyck;https://www.google.com/search?q=Yeni%20Nesil%20Reklamcilik%20-%20Dijital%20Cag%20Icin%20Yeni%20Kurallar%20Fons%20Van%20Dyck&tbm=isch;1483; ;
2482;Yeni Liderler;Daniel Goleman, Richard Boyatzis, Annie Mckee;Yeni Liderler. Daniel Goleman, Richard Boyatzis, Annie Mckee;released;;yes;2017;302;category?;read?;-;tbr?;reread?;B-1;homelibrary;https://www.google.com/search?q=Yeni%20Liderler%20Daniel%20Goleman,%20Richard%20Boyatzis,%20Annie%20Mckee;https://www.google.com/search?q=Yeni%20Liderler%20Daniel%20Goleman,%20Richard%20Boyatzis,%20Annie%20Mckee&tbm=isch;1482; ;
2481;Yeni Kentsel Kriz;Richard Florida;Yeni Kentsel Kriz. Richard Florida;yes;;;2018;296;category?;✅;-;tbr?;reread?;C-6;homelibrary;https://www.google.com/search?q=Yeni%20Kentsel%20Kriz%20Richard%20Florida;https://www.google.com/search?q=Yeni%20Kentsel%20Kriz%20Richard%20Florida&tbm=isch;1481; ;
2480;Yeni Karanlik Cag - Teknoloji ve Gelecegin Sonu;James Bridle;Yeni Karanlik Cag - Teknoloji ve Gelecegin Sonu. James Bridle;n/a;;;2020;280;category?;✅;-;tbr?;📖;B-7;house-2;https://www.google.com/search?q=Yeni%20Karanlik%20Cag%20-%20Teknoloji%20ve%20Gelecegin%20Sonu%20James%20Bridle;https://www.google.com/search?q=Yeni%20Karanlik%20Cag%20-%20Teknoloji%20ve%20Gelecegin%20Sonu%20James%20Bridle&tbm=isch;1480; ;
2479;Yeni Kapitalizmin Kulturu;Richard Sennett;Yeni Kapitalizmin Kulturu. Richard Sennett;yes;;;2017;144;category?;read?;-;📋;reread?;F-5;homelibrary;https://www.google.com/search?q=Yeni%20Kapitalizmin%20Kulturu%20Richard%20Sennett;https://www.google.com/search?q=Yeni%20Kapitalizmin%20Kulturu%20Richard%20Sennett&tbm=isch;1479; ;
2478;Yeni Insan ve Insanlar;Cigdem Kagitcibasi;Yeni Insan ve Insanlar. Cigdem Kagitcibasi;yes;;;2006;463;category?;read?;-;tbr?;reread?;H-1;homelibrary;https://www.google.com/search?q=Yeni%20Insan%20ve%20Insanlar%20Cigdem%20Kagitcibasi;https://www.google.com/search?q=Yeni%20Insan%20ve%20Insanlar%20Cigdem%20Kagitcibasi&tbm=isch;1478; ;
2477;Yeni Humanistler Insandan Evrene Son Bilimsel Tartismalar;John Brockman;Yeni Humanistler Insandan Evrene Son Bilimsel Tartismalar. John Brockman;no;;;2014;342;category?;read?;-;tbr?;reread?;G-1;homelibrary;https://www.google.com/search?q=Yeni%20Humanistler%20Insandan%20Evrene%20Son%20Bilimsel%20Tartismalar%20John%20Brockman;https://www.google.com/search?q=Yeni%20Humanistler%20Insandan%20Evrene%20Son%20Bilimsel%20Tartismalar%20John%20Brockman&tbm=isch;1477; ;
2476;Yeni Gucler Yeni Soklar;Alvin Toffler;Yeni Gucler Yeni Soklar. Alvin Toffler;yes;;;1992;464;category?;read?;-;📋;reread?;E-3;homelibrary;https://www.google.com/search?q=Yeni%20Gucler%20Yeni%20Soklar%20Alvin%20Toffler;https://www.google.com/search?q=Yeni%20Gucler%20Yeni%20Soklar%20Alvin%20Toffler&tbm=isch;1476; ;
2475;Yeni Dunyada Daha Akilli, Daha Hizli, Daha Basarili Olmanin Sirlari;Charles Duhigg;Yeni Dunyada Daha Akilli, Daha Hizli, Daha Basarili Olmanin Sirlari. Charles Duhigg;yes;;;2017;384;category?;read?;-;📋;reread?;A-6;homelibrary;https://www.google.com/search?q=Yeni%20Dunyada%20Daha%20Akilli,%20Daha%20Hizli,%20Daha%20Basarili%20Olmanin%20Sirlari%20Charles%20Duhigg;https://www.google.com/search?q=Yeni%20Dunyada%20Daha%20Akilli,%20Daha%20Hizli,%20Daha%20Basarili%20Olmanin%20Sirlari%20Charles%20Duhigg&tbm=isch;1475; ;
2474;How to Measure Human Resources Management;Jac Fitz-Enz;How to Measure Human Resources Management. Jac Fitz-Enz;no;;;1995;286;category?;read?;-;tbr?;reread?;H-7;homelibrary;https://www.google.com/search?q=How%20to%20Measure%20Human%20Resources%20Management%20Jac%20Fitz-Enz;https://www.google.com/search?q=How%20to%20Measure%20Human%20Resources%20Management%20Jac%20Fitz-Enz&tbm=isch;1474; ;
2473;Yeni Dijital Cag - Insanlarin, Uluslarin ve Is Dunyasinin Gelecegini Yeni Bastan Sekillendirmek;Eric Schmidt, Jared Cohen;Yeni Dijital Cag - Insanlarin, Uluslarin ve Is Dunyasinin Gelecegini Yeni Bastan Sekillendirmek. Eric Schmidt, Jared Cohen;no;;;2014;324;category?;✅;-;tbr?;reread?;E-2;homelibrary;https://www.google.com/search?q=Yeni%20Dijital%20Cag%20-%20Insanlarin,%20Uluslarin%20ve%20Is%20Dunyasinin%20Gelecegini%20Yeni%20Bastan%20Sekillendirmek%20Eric%20Schmidt,%20Jared%20Cohen;https://www.google.com/search?q=Yeni%20Dijital%20Cag%20-%20Insanlarin,%20Uluslarin%20ve%20Is%20Dunyasinin%20Gelecegini%20Yeni%20Bastan%20Sekillendirmek%20Eric%20Schmidt,%20Jared%20Cohen&tbm=isch;1473; ;
2472;Yeni Bir Uygarlik Yaratmak - Ucuncu Dalganin Politikasi;Alvin Toffler, Heidi Toffler;Yeni Bir Uygarlik Yaratmak - Ucuncu Dalganin Politikasi. Alvin Toffler, Heidi Toffler;yes;;;1995;109;category?;read?;-;📋;reread?;E-3;homelibrary;https://www.google.com/search?q=Yeni%20Bir%20Uygarlik%20Yaratmak%20-%20Ucuncu%20Dalganin%20Politikasi%20Alvin%20Toffler,%20Heidi%20Toffler;https://www.google.com/search?q=Yeni%20Bir%20Uygarlik%20Yaratmak%20-%20Ucuncu%20Dalganin%20Politikasi%20Alvin%20Toffler,%20Heidi%20Toffler&tbm=isch;1472; ;
2471;Yeni Baslayanlar Icin Farkindalik;Jon Kabat-Zinn;Yeni Baslayanlar Icin Farkindalik. Jon Kabat-Zinn;yes;;;2019;184;category?;read?;-;tbr?;reread?;H-8;homelibrary;https://www.google.com/search?q=Yeni%20Baslayanlar%20Icin%20Farkindalik%20Jon%20Kabat-Zinn;https://www.google.com/search?q=Yeni%20Baslayanlar%20Icin%20Farkindalik%20Jon%20Kabat-Zinn&tbm=isch;1471; ;
2470;Yeni Baslangiclar Kitabi;Oprah Winfrey;Yeni Baslangiclar Kitabi. Oprah Winfrey;yes;;;2021;160;category?;read?;-;📋;reread?;G-9;homelibrary;https://www.google.com/search?q=Yeni%20Baslangiclar%20Kitabi%20Oprah%20Winfrey;https://www.google.com/search?q=Yeni%20Baslangiclar%20Kitabi%20Oprah%20Winfrey&tbm=isch;1470; ;
2469;Yemegin Psikopolitikasi - Neoliberal Cagda Yemek Rituelleri;Mihalis Mentinis;Yemegin Psikopolitikasi - Neoliberal Cagda Yemek Rituelleri. Mihalis Mentinis;yes;;;2021;192;category?;read?;-;📋;reread?;F-5;homelibrary;https://www.google.com/search?q=Yemegin%20Psikopolitikasi%20-%20Neoliberal%20Cagda%20Yemek%20Rituelleri%20Mihalis%20Mentinis;https://www.google.com/search?q=Yemegin%20Psikopolitikasi%20-%20Neoliberal%20Cagda%20Yemek%20Rituelleri%20Mihalis%20Mentinis&tbm=isch;1469; ;
2468;Yedi Gunluk Hafta Sonu;Ricardo Semler;Yedi Gunluk Hafta Sonu. Ricardo Semler;no;;;2006;316;Work & Career;✅;-;tbr?;reread?;C-2;homelibrary;https://www.google.com/search?q=Yedi%20Gunluk%20Hafta%20Sonu%20Ricardo%20Semler;https://www.google.com/search?q=Yedi%20Gunluk%20Hafta%20Sonu%20Ricardo%20Semler&tbm=isch;1468; ;
2467;Yazmak Uzerine Notlar;Jules Renard;Yazmak Uzerine Notlar. Jules Renard;yes;;;2021;63;category?;✅;-;tbr?;reread?;D-5;homelibrary;https://www.google.com/search?q=Yazmak%20Uzerine%20Notlar%20Jules%20Renard;https://www.google.com/search?q=Yazmak%20Uzerine%20Notlar%20Jules%20Renard&tbm=isch;1467; ;
2466;Yazma Ugrasi - Eli Kalem Tutan Herkesin Karsilastigi 21 Soruna 210 Cozum Onerisi;Roy Peter Clark;Yazma Ugrasi - Eli Kalem Tutan Herkesin Karsilastigi 21 Soruna 210 Cozum Onerisi. Roy Peter Clark;yes;;;2018;264;category?;read?;-;📋;reread?;D-5;homelibrary;https://www.google.com/search?q=Yazma%20Ugrasi%20-%20Eli%20Kalem%20Tutan%20Herkesin%20Karsilastigi%2021%20Soruna%20210%20Cozum%20Onerisi%20Roy%20Peter%20Clark;https://www.google.com/search?q=Yazma%20Ugrasi%20-%20Eli%20Kalem%20Tutan%20Herkesin%20Karsilastigi%2021%20Soruna%20210%20Cozum%20Onerisi%20Roy%20Peter%20Clark&tbm=isch;1466; ;
2465;Yazma Sanati;Stephen King;Yazma Sanati. Stephen King;yes;;;2020;256;category?;read?;-;📋;reread?;D-5;homelibrary;https://www.google.com/search?q=Yazma%20Sanati%20Stephen%20King;https://www.google.com/search?q=Yazma%20Sanati%20Stephen%20King&tbm=isch;1465; ;
2464;Yazma Cesareti;Nihan Kaya;Yazma Cesareti. Nihan Kaya;yes;;;2019;336;category?;read?;-;📋;reread?;A-9;homelibrary;https://www.google.com/search?q=Yazma%20Cesareti%20Nihan%20Kaya;https://www.google.com/search?q=Yazma%20Cesareti%20Nihan%20Kaya&tbm=isch;1464; ;
2463;Yazin Sanati ve Yaratici Yazarlik;Ray Bradbury;Yazin Sanati ve Yaratici Yazarlik. Ray Bradbury;yes;;;2017;152;category?;read?;-;📋;reread?;D-7;homelibrary;https://www.google.com/search?q=Yazin%20Sanati%20ve%20Yaratici%20Yazarlik%20Ray%20Bradbury;https://www.google.com/search?q=Yazin%20Sanati%20ve%20Yaratici%20Yazarlik%20Ray%20Bradbury&tbm=isch;1463; ;
2462;Yazdiktan Sonra Imha Et;Rhiannon Shove;Yazdiktan Sonra Imha Et. Rhiannon Shove;no;;;2018;144;category?;read?;-;📋;reread?;E-5;homelibrary;https://www.google.com/search?q=Yazdiktan%20Sonra%20Imha%20Et%20Rhiannon%20Shove;https://www.google.com/search?q=Yazdiktan%20Sonra%20Imha%20Et%20Rhiannon%20Shove&tbm=isch;1462; ;
2461;Yasayan Sirket;Arie De Geus;Yasayan Sirket. Arie De Geus;released;;yes;1998;270;category?;read?;-;tbr?;reread?;E-2;homelibrary;https://www.google.com/search?q=Yasayan%20Sirket%20Arie%20De%20Geus;https://www.google.com/search?q=Yasayan%20Sirket%20Arie%20De%20Geus&tbm=isch;1461; ;
2460;Yasanmaz Bir Dunya - Isinma Sonrasinda Hayat;David Wallace-Wells;Yasanmaz Bir Dunya - Isinma Sonrasinda Hayat. David Wallace-Wells;yes;;;2020;336;category?;read?;-;📋;reread?;H-6;homelibrary;https://www.google.com/search?q=Yasanmaz%20Bir%20Dunya%20-%20Isinma%20Sonrasinda%20Hayat%20David%20Wallace-Wells;https://www.google.com/search?q=Yasanmaz%20Bir%20Dunya%20-%20Isinma%20Sonrasinda%20Hayat%20David%20Wallace-Wells&tbm=isch;1460; ;
2459;Yasaminizda Feng Shui;Karen Kingston;Yasaminizda Feng Shui. Karen Kingston;no;;;2013;168;category?;✅;-;tbr?;reread?;G-6;homelibrary;https://www.google.com/search?q=Yasaminizda%20Feng%20Shui%20Karen%20Kingston;https://www.google.com/search?q=Yasaminizda%20Feng%20Shui%20Karen%20Kingston&tbm=isch;1459; ;
2458;Yasam Tuzaklari Icin Sema Terapi;Eckhard Roediger;Yasam Tuzaklari Icin Sema Terapi. Eckhard Roediger;yes;;;2020;152;category?;read?;-;📋;reread?;A-7;homelibrary;https://www.google.com/search?q=Yasam%20Tuzaklari%20Icin%20Sema%20Terapi%20Eckhard%20Roediger;https://www.google.com/search?q=Yasam%20Tuzaklari%20Icin%20Sema%20Terapi%20Eckhard%20Roediger&tbm=isch;1458; ;
2457;Yasam 3.0 - Yapay Zeka Caginda Insan Olmak;Max Tegmark;Yasam 3.0 - Yapay Zeka Caginda Insan Olmak. Max Tegmark;yes;;;2019;464;category?;read?;-;📋;reread?;C-5;homelibrary;https://www.google.com/search?q=Yasam%203.0%20-%20Yapay%20Zeka%20Caginda%20Insan%20Olmak%20Max%20Tegmark;https://www.google.com/search?q=Yasam%203.0%20-%20Yapay%20Zeka%20Caginda%20Insan%20Olmak%20Max%20Tegmark&tbm=isch;1457; ;
2456;Yasadigimiz Sefalet;Andre Gorz;Yasadigimiz Sefalet. Andre Gorz;yes;;;2014;224;category?;read?;-;📋;reread?;F-5;homelibrary;https://www.google.com/search?q=Yasadigimiz%20Sefalet%20Andre%20Gorz;https://www.google.com/search?q=Yasadigimiz%20Sefalet%20Andre%20Gorz&tbm=isch;1456; ;
2455;Yarinin Insani;Carl R. Rogers;Yarinin Insani. Carl R. Rogers;yes;;;2012;345;category?;read?;-;📋;reread?;A-6;homelibrary;https://www.google.com/search?q=Yarinin%20Insani%20Carl%20R.%20Rogers;https://www.google.com/search?q=Yarinin%20Insani%20Carl%20R.%20Rogers&tbm=isch;1455; ;
2454;Yaratma Savasi;Steven Pressfield;Yaratma Savasi. Steven Pressfield;yes;;;2019;173;category?;✅;-;tbr?;reread?;D-5;homelibrary;https://www.google.com/search?q=Yaratma%20Savasi%20Steven%20Pressfield;https://www.google.com/search?q=Yaratma%20Savasi%20Steven%20Pressfield&tbm=isch;1454; ;
2453;Yaratilistaki Catlak - Gen Duzenlemenin Evrime Hukmeden Inanilmaz Gucu;Jennifer A. Doudna, Samuel H. Sternberg;Yaratilistaki Catlak - Gen Duzenlemenin Evrime Hukmeden Inanilmaz Gucu. Jennifer A. Doudna, Samuel H. Sternberg;no;;;2018;248;category?;read?;-;tbr?;reread?;D-9;homelibrary;https://www.google.com/search?q=Yaratilistaki%20Catlak%20-%20Gen%20Duzenlemenin%20Evrime%20Hukmeden%20Inanilmaz%20Gucu%20Jennifer%20A.%20Doudna,%20Samuel%20H.%20Sternberg;https://www.google.com/search?q=Yaratilistaki%20Catlak%20-%20Gen%20Duzenlemenin%20Evrime%20Hukmeden%20Inanilmaz%20Gucu%20Jennifer%20A.%20Doudna,%20Samuel%20H.%20Sternberg&tbm=isch;1453; ;
2452;Yaraticilik Aklin Sinirlarini Asmak;Ken Robinson;Yaraticilik Aklin Sinirlarini Asmak. Ken Robinson;yes;;;2008;240;category?;read?;-;tbr?;reread?;B-2;homelibrary;https://www.google.com/search?q=Yaraticilik%20Aklin%20Sinirlarini%20Asmak%20Ken%20Robinson;https://www.google.com/search?q=Yaraticilik%20Aklin%20Sinirlarini%20Asmak%20Ken%20Robinson&tbm=isch;1452; ;
2451;Yaraticilik A.S.;Ed Catmull;Yaraticilik A.S.. Ed Catmull;no;;;2016;376;category?;read?;-;tbr?;reread?;C-1;homelibrary;https://www.google.com/search?q=Yaraticilik%20A.S.%20Ed%20Catmull;https://www.google.com/search?q=Yaraticilik%20A.S.%20Ed%20Catmull&tbm=isch;1451; ;
2450;Yaraticilik - Kurallari Bosverin;John Hegarty;Yaraticilik - Kurallari Bosverin. John Hegarty;no;;;2018;124;category?;read?;-;tbr?;reread?;F-1;homelibrary;https://www.google.com/search?q=Yaraticilik%20-%20Kurallari%20Bosverin%20John%20Hegarty;https://www.google.com/search?q=Yaraticilik%20-%20Kurallari%20Bosverin%20John%20Hegarty&tbm=isch;1450; ;
2449;Yaratici Tur - Fikirler Dunyayi Nasil Yeniden Yaratiyor;David Eagleman, Anthony Brandt;Yaratici Tur - Fikirler Dunyayi Nasil Yeniden Yaratiyor. David Eagleman, Anthony Brandt;yes;;;2019;304;category?;read?;-;📋;reread?;C-6;homelibrary;https://www.google.com/search?q=Yaratici%20Tur%20-%20Fikirler%20Dunyayi%20Nasil%20Yeniden%20Yaratiyor%20David%20Eagleman,%20Anthony%20Brandt;https://www.google.com/search?q=Yaratici%20Tur%20-%20Fikirler%20Dunyayi%20Nasil%20Yeniden%20Yaratiyor%20David%20Eagleman,%20Anthony%20Brandt&tbm=isch;1449; ;
2448;Yaratici Sinif Adres Degistiriyor - Yetenek Icin Kuresel Rekabet;Richard Florida;Yaratici Sinif Adres Degistiriyor - Yetenek Icin Kuresel Rekabet. Richard Florida;yes;;;2011;436;category?;✅;-;tbr?;📖;C-6;homelibrary;https://www.google.com/search?q=Yaratici%20Sinif%20Adres%20Degistiriyor%20-%20Yetenek%20Icin%20Kuresel%20Rekabet%20Richard%20Florida;https://www.google.com/search?q=Yaratici%20Sinif%20Adres%20Degistiriyor%20-%20Yetenek%20Icin%20Kuresel%20Rekabet%20Richard%20Florida&tbm=isch;1448; ;
2447;Yaratici Ogrenciler - Cocuklarin Gelecegini Dusunenler Icin Egitimde Yaraticilik Devrimi;Ken Robinson;Yaratici Ogrenciler - Cocuklarin Gelecegini Dusunenler Icin Egitimde Yaraticilik Devrimi. Ken Robinson;yes;;;2018;288;category?;read?;-;tbr?;reread?;B-7;homelibrary;https://www.google.com/search?q=Yaratici%20Ogrenciler%20-%20Cocuklarin%20Gelecegini%20Dusunenler%20Icin%20Egitimde%20Yaraticilik%20Devrimi%20Ken%20Robinson;https://www.google.com/search?q=Yaratici%20Ogrenciler%20-%20Cocuklarin%20Gelecegini%20Dusunenler%20Icin%20Egitimde%20Yaraticilik%20Devrimi%20Ken%20Robinson&tbm=isch;1447; ;
2446;Yaratici Imgeleme;Shakti Gawain;Yaratici Imgeleme. Shakti Gawain;n/a;;;2015;160;category?;✅;-;tbr?;📖;G-7;house-2;https://www.google.com/search?q=Yaratici%20Imgeleme%20Shakti%20Gawain;https://www.google.com/search?q=Yaratici%20Imgeleme%20Shakti%20Gawain&tbm=isch;1446; ;
2445;Yaratici Dusunme Sanati;Rod Judkins;Yaratici Dusunme Sanati. Rod Judkins;no;;;2017;288;category?;read?;-;tbr?;reread?;F-1;homelibrary;https://www.google.com/search?q=Yaratici%20Dusunme%20Sanati%20Rod%20Judkins;https://www.google.com/search?q=Yaratici%20Dusunme%20Sanati%20Rod%20Judkins&tbm=isch;1445; ;
2444;Yaptigimiz Seyleri Neden Yapariz?;Joel Levy;Yaptigimiz Seyleri Neden Yapariz?. Joel Levy;released;;yes;2016;216;category?;✅;-;tbr?;reread?;G-1;homelibrary;https://www.google.com/search?q=Yaptigimiz%20Seyleri%20Neden%20Yapariz?%20Joel%20Levy;https://www.google.com/search?q=Yaptigimiz%20Seyleri%20Neden%20Yapariz?%20Joel%20Levy&tbm=isch;1444; ;
2443;Yapay Zeka Senden Nefret Etmiyor;Tom Chivers;Yapay Zeka Senden Nefret Etmiyor. Tom Chivers;yes;;;2023;304;category?;✅;-;tbr?;📖;C-5;homelibrary;https://www.google.com/search?q=Yapay%20Zeka%20Senden%20Nefret%20Etmiyor%20Tom%20Chivers;https://www.google.com/search?q=Yapay%20Zeka%20Senden%20Nefret%20Etmiyor%20Tom%20Chivers&tbm=isch;1443; ;
2442;Yapay Zeka Miti;Erik J. Larson;Yapay Zeka Miti. Erik J. Larson;yes;;;2022;376;category?;read?;-;tbr?;reread?;C-4;homelibrary;https://www.google.com/search?q=Yapay%20Zeka%20Miti%20Erik%20J.%20Larson;https://www.google.com/search?q=Yapay%20Zeka%20Miti%20Erik%20J.%20Larson&tbm=isch;1442; ;
2441;Yapay Zeka Cagi - Dorduncu Cag - Akilli Robotlar, Bilincli Bilgisayarlar ve Insanligin Gelecegi;Byron Reese;Yapay Zeka Cagi - Dorduncu Cag - Akilli Robotlar, Bilincli Bilgisayarlar ve Insanligin Gelecegi. Byron Reese;yes;;;2022;360;category?;read?;-;📋;reread?;C-5;homelibrary;https://www.google.com/search?q=Yapay%20Zeka%20Cagi%20-%20Dorduncu%20Cag%20-%20Akilli%20Robotlar,%20Bilincli%20Bilgisayarlar%20ve%20Insanligin%20Gelecegi%20Byron%20Reese;https://www.google.com/search?q=Yapay%20Zeka%20Cagi%20-%20Dorduncu%20Cag%20-%20Akilli%20Robotlar,%20Bilincli%20Bilgisayarlar%20ve%20Insanligin%20Gelecegi%20Byron%20Reese&tbm=isch;1441; ;
2440;Yalnizligin Felsefesi;Lars Svendsen;Yalnizligin Felsefesi. Lars Svendsen;yes;;;2022;216;category?;✅;-;tbr?;📖;B-6;homelibrary;https://www.google.com/search?q=Yalnizligin%20Felsefesi%20Lars%20Svendsen;https://www.google.com/search?q=Yalnizligin%20Felsefesi%20Lars%20Svendsen&tbm=isch;1440; ;
2439;Yalnizca Yavasladiginda Gorebilecegin Seyler;Haemin Sunim;Yalnizca Yavasladiginda Gorebilecegin Seyler. Haemin Sunim;yes;;;2018;288;category?;✅;-;tbr?;📖;E-4;homelibrary;https://www.google.com/search?q=Yalnizca%20Yavasladiginda%20Gorebilecegin%20Seyler%20Haemin%20Sunim;https://www.google.com/search?q=Yalnizca%20Yavasladiginda%20Gorebilecegin%20Seyler%20Haemin%20Sunim&tbm=isch;1439; ;
2438;Yalnizca Eglenmek Icin;Linus Torvalds;Yalnizca Eglenmek Icin. Linus Torvalds;released;;yes;2005;295;category?;read?;-;tbr?;reread?;C-1;homelibrary;https://www.google.com/search?q=Yalnizca%20Eglenmek%20Icin%20Linus%20Torvalds;https://www.google.com/search?q=Yalnizca%20Eglenmek%20Icin%20Linus%20Torvalds&tbm=isch;1438; ;
2437;Yalniz Yasama Egzersizleri;Bahar Ozturk;Yalniz Yasama Egzersizleri. Bahar Ozturk;released;;yes;2006;105;Society & Culture;✅;-;tbr?;reread?;C-9;homelibrary;https://www.google.com/search?q=Yalniz%20Yasama%20Egzersizleri%20Bahar%20Ozturk;https://www.google.com/search?q=Yalniz%20Yasama%20Egzersizleri%20Bahar%20Ozturk&tbm=isch;1437; ;
2436;Yalancinin Pokeri;Michael Lewis;Yalancinin Pokeri. Michael Lewis;yes;;;2007;384;category?;read?;-;📋;reread?;C-1;homelibrary;https://www.google.com/search?q=Yalancinin%20Pokeri%20Michael%20Lewis;https://www.google.com/search?q=Yalancinin%20Pokeri%20Michael%20Lewis&tbm=isch;1436; ;
2435;Yakin Iliskiler Dansi;Harriet Lerner;Yakin Iliskiler Dansi. Harriet Lerner;yes;;;2019;265;category?;read?;-;📋;reread?;A-4;homelibrary;https://www.google.com/search?q=Yakin%20Iliskiler%20Dansi%20Harriet%20Lerner;https://www.google.com/search?q=Yakin%20Iliskiler%20Dansi%20Harriet%20Lerner&tbm=isch;1435; ;
2434;Yakin Iliski - Yeniden Kadin ve Erkek Olabilmek;David Deida;Yakin Iliski - Yeniden Kadin ve Erkek Olabilmek. David Deida;released;;yes;2022;272;category?;✅;-;tbr?;reread?;H-8;homelibrary;https://www.google.com/search?q=Yakin%20Iliski%20-%20Yeniden%20Kadin%20ve%20Erkek%20Olabilmek%20David%20Deida;https://www.google.com/search?q=Yakin%20Iliski%20-%20Yeniden%20Kadin%20ve%20Erkek%20Olabilmek%20David%20Deida&tbm=isch;1434; ;
2433;Yagmurlu Beyin, Gunesli Beyin;Elaine Fox;Yagmurlu Beyin, Gunesli Beyin. Elaine Fox;yes;;;2016;280;category?;read?;-;📋;reread?;E-6;homelibrary;https://www.google.com/search?q=Yagmurlu%20Beyin,%20Gunesli%20Beyin%20Elaine%20Fox;https://www.google.com/search?q=Yagmurlu%20Beyin,%20Gunesli%20Beyin%20Elaine%20Fox&tbm=isch;1433; ;
2432;Yabancilar Tanistiginda;Kio Stark;Yabancilar Tanistiginda. Kio Stark;yes;;;2017;120;category?;read?;-;📋;reread?;C-4;homelibrary;https://www.google.com/search?q=Yabancilar%20Tanistiginda%20Kio%20Stark;https://www.google.com/search?q=Yabancilar%20Tanistiginda%20Kio%20Stark&tbm=isch;1432; ;
2431;What the Dog Saw - Kopegin Gordugu ve Diger Maceralar;Malcolm Gladwell;What the Dog Saw - Kopegin Gordugu ve Diger Maceralar. Malcolm Gladwell;yes;;;2011;440;category?;✅;-;tbr?;📖;C-7;homelibrary;https://www.google.com/search?q=What%20the%20Dog%20Saw%20-%20Kopegin%20Gordugu%20ve%20Diger%20Maceralar%20Malcolm%20Gladwell;https://www.google.com/search?q=What%20the%20Dog%20Saw%20-%20Kopegin%20Gordugu%20ve%20Diger%20Maceralar%20Malcolm%20Gladwell&tbm=isch;1431; ;
2430;Wall Street'in Sonu;Dave Kansas;Wall Street'in Sonu. Dave Kansas;no;;;2009;182;category?;read?;-;📋;reread?;A-8;homelibrary;https://www.google.com/search?q=Wall%20Street%27in%20Sonu%20Dave%20Kansas;https://www.google.com/search?q=Wall%20Street%27in%20Sonu%20Dave%20Kansas&tbm=isch;1430; ;
2429;Wal-Mart Etkisi;Charles Fishman;Wal-Mart Etkisi. Charles Fishman;yes;;;2009;312;Work & Career;✅;-;tbr?;reread?;D-2;homelibrary;https://www.google.com/search?q=Wal-Mart%20Etkisi%20Charles%20Fishman;https://www.google.com/search?q=Wal-Mart%20Etkisi%20Charles%20Fishman&tbm=isch;1429; ;
2428;Wabi Sabi - Kusurlu Mukemmel Bir Hayat Icin Japon Mucizesi;Beth Kempton;Wabi Sabi - Kusurlu Mukemmel Bir Hayat Icin Japon Mucizesi. Beth Kempton;yes;;;2019;264;category?;read?;-;📋;reread?;E-4;homelibrary;https://www.google.com/search?q=Wabi%20Sabi%20-%20Kusurlu%20Mukemmel%20Bir%20Hayat%20Icin%20Japon%20Mucizesi%20Beth%20Kempton;https://www.google.com/search?q=Wabi%20Sabi%20-%20Kusurlu%20Mukemmel%20Bir%20Hayat%20Icin%20Japon%20Mucizesi%20Beth%20Kempton&tbm=isch;1428; ;
2427;Vucudunuz Hayir Diyorsa - Duygusal Stresin Bedelleri;Gabor Mate;Vucudunuz Hayir Diyorsa - Duygusal Stresin Bedelleri. Gabor Mate;yes;;;2022;382;category?;read?;-;📋;reread?;B-5;homelibrary;https://www.google.com/search?q=Vucudunuz%20Hayir%20Diyorsa%20-%20Duygusal%20Stresin%20Bedelleri%20Gabor%20Mate;https://www.google.com/search?q=Vucudunuz%20Hayir%20Diyorsa%20-%20Duygusal%20Stresin%20Bedelleri%20Gabor%20Mate&tbm=isch;1427; ;
2426;Votka-Cola;Charles Levinson;Votka-Cola. Charles Levinson;no;;;1979;408;category?;read?;-;tbr?;reread?;H-2;homelibrary;https://www.google.com/search?q=Votka-Cola%20Charles%20Levinson;https://www.google.com/search?q=Votka-Cola%20Charles%20Levinson&tbm=isch;1426; ;
2425;Vikinomi;Don Tapscott, Anthony D. Williams;Vikinomi. Don Tapscott, Anthony D. Williams;no;;;2007;420;category?;✅;-;tbr?;reread?;E-3;homelibrary;https://www.google.com/search?q=Vikinomi%20Don%20Tapscott,%20Anthony%20D.%20Williams;https://www.google.com/search?q=Vikinomi%20Don%20Tapscott,%20Anthony%20D.%20Williams&tbm=isch;1425; ;
2424;Vesikali Yurttas - Gozetim Araci Olarak Kimlik Kartlari;David Lyon;Vesikali Yurttas - Gozetim Araci Olarak Kimlik Kartlari. David Lyon;released;;yes;2012;252;category?;read?;-;tbr?;reread?;G-3;homelibrary;https://www.google.com/search?q=Vesikali%20Yurttas%20-%20Gozetim%20Araci%20Olarak%20Kimlik%20Kartlari%20David%20Lyon;https://www.google.com/search?q=Vesikali%20Yurttas%20-%20Gozetim%20Araci%20Olarak%20Kimlik%20Kartlari%20David%20Lyon&tbm=isch;1424; ;
2423;Vermek ve Almak;Adam Grant;Vermek ve Almak. Adam Grant;yes;;;2017;368;category?;read?;-;📋;reread?;A-4;homelibrary;https://www.google.com/search?q=Vermek%20ve%20Almak%20Adam%20Grant;https://www.google.com/search?q=Vermek%20ve%20Almak%20Adam%20Grant&tbm=isch;1423; ;
2422;Veri Stratejisi;Bernard Marr;Veri Stratejisi. Bernard Marr;released;;yes;2018;257;category?;read?;-;tbr?;reread?;C-2;homelibrary;https://www.google.com/search?q=Veri%20Stratejisi%20Bernard%20Marr;https://www.google.com/search?q=Veri%20Stratejisi%20Bernard%20Marr&tbm=isch;1422; ;
2421;Vejetaryenligin Yararlari;Sadik Hidayet;Vejetaryenligin Yararlari. Sadik Hidayet;yes;;;2018;73;category?;✅;-;tbr?;reread?;F-4;homelibrary;https://www.google.com/search?q=Vejetaryenligin%20Yararlari%20Sadik%20Hidayet;https://www.google.com/search?q=Vejetaryenligin%20Yararlari%20Sadik%20Hidayet&tbm=isch;1421; ;
2420;Veganlik - Siyaset, Pratik ve Kuram;Eva Haifa Giraud;Veganlik - Siyaset, Pratik ve Kuram. Eva Haifa Giraud;yes;;;2023;308;category?;read?;-;📋;reread?;F-4;homelibrary;https://www.google.com/search?q=Veganlik%20-%20Siyaset,%20Pratik%20ve%20Kuram%20Eva%20Haifa%20Giraud;https://www.google.com/search?q=Veganlik%20-%20Siyaset,%20Pratik%20ve%20Kuram%20Eva%20Haifa%20Giraud&tbm=isch;1420; ;
2419;Veganliga Ezoterik Bakis;Turkan Ruhsar;Veganliga Ezoterik Bakis. Turkan Ruhsar;yes;;;2017;288;category?;read?;-;📋;reread?;F-4;homelibrary;https://www.google.com/search?q=Veganliga%20Ezoterik%20Bakis%20Turkan%20Ruhsar;https://www.google.com/search?q=Veganliga%20Ezoterik%20Bakis%20Turkan%20Ruhsar&tbm=isch;1419; ;
2418;Veganizm;Valéry Giroux, Renan Larue;Veganizm. Valéry Giroux, Renan Larue;yes;;;2021;104;category?;read?;-;📋;reread?;F-4;homelibrary;https://www.google.com/search?q=Veganizm%20Val%C3%A9ry%20Giroux,%20Renan%20Larue;https://www.google.com/search?q=Veganizm%20Val%C3%A9ry%20Giroux,%20Renan%20Larue&tbm=isch;1418; ;
2417;Vegan Yarim;I. Can Siram;Vegan Yarim. I. Can Siram;no;;;2022;160;category?;read?;-;tbr?;reread?;F-4;homelibrary;https://www.google.com/search?q=Vegan%20Yarim%20I.%20Can%20Siram;https://www.google.com/search?q=Vegan%20Yarim%20I.%20Can%20Siram&tbm=isch;1417; ;
2416;Vegan Saglik;Murat Kinikoglu;Vegan Saglik. Murat Kinikoglu;released;;yes;2018;256;category?;✅;-;tbr?;📖;F-4;homelibrary;https://www.google.com/search?q=Vegan%20Saglik%20Murat%20Kinikoglu;https://www.google.com/search?q=Vegan%20Saglik%20Murat%20Kinikoglu&tbm=isch;1416; ;
2415;Vegan Olmak Icin Bahaneler;Sherry F. Colb;Vegan Olmak Icin Bahaneler. Sherry F. Colb;yes;;;2020;280;category?;read?;-;📋;reread?;F-4;homelibrary;https://www.google.com/search?q=Vegan%20Olmak%20Icin%20Bahaneler%20Sherry%20F.%20Colb;https://www.google.com/search?q=Vegan%20Olmak%20Icin%20Bahaneler%20Sherry%20F.%20Colb&tbm=isch;1415; ;
2414;Vegan Olma Rehberi;Neal D. Barnard;Vegan Olma Rehberi. Neal D. Barnard;yes;;;2020;184;category?;read?;-;📋;reread?;F-4;homelibrary;https://www.google.com/search?q=Vegan%20Olma%20Rehberi%20Neal%20D.%20Barnard;https://www.google.com/search?q=Vegan%20Olma%20Rehberi%20Neal%20D.%20Barnard&tbm=isch;1414; ;
2413;Vegan Etik - Herkes Icin Sefkatli Bir Yasama Kucak Acmak;Mark Hawthorne;Vegan Etik - Herkes Icin Sefkatli Bir Yasama Kucak Acmak. Mark Hawthorne;yes;;;2019;208;category?;read?;-;📋;reread?;F-4;homelibrary;https://www.google.com/search?q=Vegan%20Etik%20-%20Herkes%20Icin%20Sefkatli%20Bir%20Yasama%20Kucak%20Acmak%20Mark%20Hawthorne;https://www.google.com/search?q=Vegan%20Etik%20-%20Herkes%20Icin%20Sefkatli%20Bir%20Yasama%20Kucak%20Acmak%20Mark%20Hawthorne&tbm=isch;1413; ;
2412;Vegan Diyeti;Gamze Kacar Bozkurt;Vegan Diyeti. Gamze Kacar Bozkurt;no;;;2019;210;category?;read?;-;📋;reread?;F-4;homelibrary;https://www.google.com/search?q=Vegan%20Diyeti%20Gamze%20Kacar%20Bozkurt;https://www.google.com/search?q=Vegan%20Diyeti%20Gamze%20Kacar%20Bozkurt&tbm=isch;1412; ;
2411;Vegan Bir Dunya;Tobias Leenaert;Vegan Bir Dunya. Tobias Leenaert;yes;;;2019;216;category?;✅;-;tbr?;📖;F-4;homelibrary;https://www.google.com/search?q=Vegan%20Bir%20Dunya%20Tobias%20Leenaert;https://www.google.com/search?q=Vegan%20Bir%20Dunya%20Tobias%20Leenaert&tbm=isch;1411; ;
2410;Vegan Beslenme;Murat Kinikoglu;Vegan Beslenme. Murat Kinikoglu;released;;yes;2018;208;category?;✅;-;tbr?;📖;F-4;homelibrary;https://www.google.com/search?q=Vegan%20Beslenme%20Murat%20Kinikoglu;https://www.google.com/search?q=Vegan%20Beslenme%20Murat%20Kinikoglu&tbm=isch;1410; ;
2409;Ve Steve Jobs Apple'i Yaratti;Michael Moritz;Ve Steve Jobs Apple'i Yaratti. Michael Moritz;yes;;;2011;408;category?;read?;-;📋;reread?;C-1;homelibrary;https://www.google.com/search?q=Ve%20Steve%20Jobs%20Apple%27i%20Yaratti%20Michael%20Moritz;https://www.google.com/search?q=Ve%20Steve%20Jobs%20Apple%27i%20Yaratti%20Michael%20Moritz&tbm=isch;1409; ;
2408;Varolusun Kesfi;Rollo May;Varolusun Kesfi. Rollo May;yes;;;2019;232;category?;read?;-;📋;reread?;A-9;homelibrary;https://www.google.com/search?q=Varolusun%20Kesfi%20Rollo%20May;https://www.google.com/search?q=Varolusun%20Kesfi%20Rollo%20May&tbm=isch;1408; ;
2407;Varoluscu Psikoterapi;Irvin D. Yalom;Varoluscu Psikoterapi. Irvin D. Yalom;yes;;;2018;712;category?;read?;-;📋;reread?;B-9;homelibrary;https://www.google.com/search?q=Varoluscu%20Psikoterapi%20Irvin%20D.%20Yalom;https://www.google.com/search?q=Varoluscu%20Psikoterapi%20Irvin%20D.%20Yalom&tbm=isch;1407; ;
2406;Varolus ve Psikiyatri;Engin Gectan;Varolus ve Psikiyatri. Engin Gectan;yes;;;2021;208;category?;✅;-;tbr?;reread?;C-10;homelibrary;https://www.google.com/search?q=Varolus%20ve%20Psikiyatri%20Engin%20Gectan;https://www.google.com/search?q=Varolus%20ve%20Psikiyatri%20Engin%20Gectan&tbm=isch;1406; ;
2405;Var Olmanin Gucu;Eckhart Tolle;Var Olmanin Gucu. Eckhart Tolle;yes;;;2019;304;category?;read?;-;tbr?;reread?;G-7;homelibrary;https://www.google.com/search?q=Var%20Olmanin%20Gucu%20Eckhart%20Tolle;https://www.google.com/search?q=Var%20Olmanin%20Gucu%20Eckhart%20Tolle&tbm=isch;1405; ;
2404;Vahsi Disilik;Tami Lynn Keny;Vahsi Disilik. Tami Lynn Keny;yes;;;2022;416;category?;read?;-;📋;reread?;G-8;homelibrary;https://www.google.com/search?q=Vahsi%20Disilik%20Tami%20Lynn%20Keny;https://www.google.com/search?q=Vahsi%20Disilik%20Tami%20Lynn%20Keny&tbm=isch;1404; ;
2403;Uzun Kuyruk;Chris Anderson;Uzun Kuyruk. Chris Anderson;no;;;2008;248;category?;✅;-;tbr?;📖;A-2;homelibrary;https://www.google.com/search?q=Uzun%20Kuyruk%20Chris%20Anderson;https://www.google.com/search?q=Uzun%20Kuyruk%20Chris%20Anderson&tbm=isch;1403; ;
2402;Uzmanligin Olumu;Tom Nichols;Uzmanligin Olumu. Tom Nichols;yes;;;2022;294;category?;✅;-;tbr?;📖;D-6;homelibrary;https://www.google.com/search?q=Uzmanligin%20Olumu%20Tom%20Nichols;https://www.google.com/search?q=Uzmanligin%20Olumu%20Tom%20Nichols&tbm=isch;1402; ;
2401;Uzerime Giyecek Hicbir Seyim Yok! - Giysi - Keyif mi Iskence mi?;Elise Ricadat, Lydia Taieb;Uzerime Giyecek Hicbir Seyim Yok! - Giysi - Keyif mi Iskence mi?. Elise Ricadat, Lydia Taieb;yes;;;2015;183;Consumer & Marketing;✅;-;tbr?;📖;G-8;homelibrary;https://www.google.com/search?q=Uzerime%20Giyecek%20Hicbir%20Seyim%20Yok!%20-%20Giysi%20-%20Keyif%20mi%20Iskence%20mi?%20Elise%20Ricadat,%20Lydia%20Taieb;https://www.google.com/search?q=Uzerime%20Giyecek%20Hicbir%20Seyim%20Yok!%20-%20Giysi%20-%20Keyif%20mi%20Iskence%20mi?%20Elise%20Ricadat,%20Lydia%20Taieb&tbm=isch;1401; ;
2400;Uyumsuzluk;Ronald Giphard, Mark Van Vugt;Uyumsuzluk. Ronald Giphard, Mark Van Vugt;yes;;;2018;392;category?;read?;-;📋;reread?;E-9;homelibrary;https://www.google.com/search?q=Uyumsuzluk%20Ronald%20Giphard,%20Mark%20Van%20Vugt;https://www.google.com/search?q=Uyumsuzluk%20Ronald%20Giphard,%20Mark%20Van%20Vugt&tbm=isch;1400; ;
2399;Uyumlu Sirket;Alvin Toffler;Uyumlu Sirket. Alvin Toffler;no;;;1986;203;category?;read?;-;tbr?;reread?;E-3;homelibrary;https://www.google.com/search?q=Uyumlu%20Sirket%20Alvin%20Toffler;https://www.google.com/search?q=Uyumlu%20Sirket%20Alvin%20Toffler&tbm=isch;1399; ;
2398;Uyum Saglama;Tim Harford;Uyum Saglama. Tim Harford;no;;;2015;352;category?;read?;-;📋;reread?;A-8;homelibrary;https://www.google.com/search?q=Uyum%20Saglama%20Tim%20Harford;https://www.google.com/search?q=Uyum%20Saglama%20Tim%20Harford&tbm=isch;1398; ;
2397;Uygarligi Yeniden Nasil Kurariz?;Lewis Dartnell;Uygarligi Yeniden Nasil Kurariz?. Lewis Dartnell;yes;;;2016;274;category?;read?;-;tbr?;reread?;H-6;homelibrary;https://www.google.com/search?q=Uygarligi%20Yeniden%20Nasil%20Kurariz?%20Lewis%20Dartnell;https://www.google.com/search?q=Uygarligi%20Yeniden%20Nasil%20Kurariz?%20Lewis%20Dartnell&tbm=isch;1397; ;
2396;Ustalik Gerektiren Kafaya Takmama Sanati;Mark Manson;Ustalik Gerektiren Kafaya Takmama Sanati. Mark Manson;released;;yes;2017;200;category?;read?;-;tbr?;reread?;D-1;homelibrary;https://www.google.com/search?q=Ustalik%20Gerektiren%20Kafaya%20Takmama%20Sanati%20Mark%20Manson;https://www.google.com/search?q=Ustalik%20Gerektiren%20Kafaya%20Takmama%20Sanati%20Mark%20Manson&tbm=isch;1396; ;
2395;Usta Terapist Olmak Uzerine;Jeffrey A. Kottler, Jon Carlson;Usta Terapist Olmak Uzerine. Jeffrey A. Kottler, Jon Carlson;yes;;;2022;376;category?;✅;-;tbr?;reread?;B-9;homelibrary;https://www.google.com/search?q=Usta%20Terapist%20Olmak%20Uzerine%20Jeffrey%20A.%20Kottler,%20Jon%20Carlson;https://www.google.com/search?q=Usta%20Terapist%20Olmak%20Uzerine%20Jeffrey%20A.%20Kottler,%20Jon%20Carlson&tbm=isch;1395; ;
2394;Universite (Bir Dekan Anlatiyor);Henry Rosovsky;Universite (Bir Dekan Anlatiyor). Henry Rosovsky;yes;;;2011;316;category?;read?;-;tbr?;reread?;A-3;homelibrary;https://www.google.com/search?q=Universite%20(Bir%20Dekan%20Anlatiyor)%20Henry%20Rosovsky;https://www.google.com/search?q=Universite%20(Bir%20Dekan%20Anlatiyor)%20Henry%20Rosovsky&tbm=isch;1394; ;
2393;Unilever'i Yenilemek;Geoffrey Jones;Unilever'i Yenilemek. Geoffrey Jones;released;;yes;2010;642;category?;read?;-;tbr?;reread?;D-1;homelibrary;https://www.google.com/search?q=Unilever%27i%20Yenilemek%20Geoffrey%20Jones;https://www.google.com/search?q=Unilever%27i%20Yenilemek%20Geoffrey%20Jones&tbm=isch;1393; ;
2392;Uluslarin Dususu;Daron Acemoglu, James A. Robinson;Uluslarin Dususu. Daron Acemoglu, James A. Robinson;n/a;;;2015;496;History & Political Thought;✅;-;tbr?;reread?;C-8;house-2;https://www.google.com/search?q=Uluslarin%20Dususu%20Daron%20Acemoglu,%20James%20A.%20Robinson;https://www.google.com/search?q=Uluslarin%20Dususu%20Daron%20Acemoglu,%20James%20A.%20Robinson&tbm=isch;1392; ;
2391;Uluslararasi Pazarlama Ilkeler ve Uygulamalar;Cem Kozlu;Uluslararasi Pazarlama Ilkeler ve Uygulamalar. Cem Kozlu;released;;yes;2015;300;category?;read?;-;tbr?;reread?;A-1;homelibrary;https://www.google.com/search?q=Uluslararasi%20Pazarlama%20Ilkeler%20ve%20Uygulamalar%20Cem%20Kozlu;https://www.google.com/search?q=Uluslararasi%20Pazarlama%20Ilkeler%20ve%20Uygulamalar%20Cem%20Kozlu&tbm=isch;1391; ;
2390;Ulus Insasi;Francis Fukuyama;Ulus Insasi. Francis Fukuyama;no;;;2012;400;category?;read?;-;tbr?;reread?;G-1;homelibrary;https://www.google.com/search?q=Ulus%20Insasi%20Francis%20Fukuyama;https://www.google.com/search?q=Ulus%20Insasi%20Francis%20Fukuyama&tbm=isch;1390; ;
2389;Ucuncu Sempanze - Insan Turunun Evrimi ve Gelecegi;Jared Diamond;Ucuncu Sempanze - Insan Turunun Evrimi ve Gelecegi. Jared Diamond;yes;;;2020;488;category?;read?;-;tbr?;reread?;G-10;homelibrary;https://www.google.com/search?q=Ucuncu%20Sempanze%20-%20Insan%20Turunun%20Evrimi%20ve%20Gelecegi%20Jared%20Diamond;https://www.google.com/search?q=Ucuncu%20Sempanze%20-%20Insan%20Turunun%20Evrimi%20ve%20Gelecegi%20Jared%20Diamond&tbm=isch;1389; ;
2388;Ucuncu Sanayi Devrimi - Yanal Guc, Enerjiyi, Ekonomiyi ve Dunyayi Nasil Donusturuyor;Jeremy Rifkin;Ucuncu Sanayi Devrimi - Yanal Guc, Enerjiyi, Ekonomiyi ve Dunyayi Nasil Donusturuyor. Jeremy Rifkin;yes;;;2014;342;category?;read?;-;📋;reread?;C-6;homelibrary;https://www.google.com/search?q=Ucuncu%20Sanayi%20Devrimi%20-%20Yanal%20Guc,%20Enerjiyi,%20Ekonomiyi%20ve%20Dunyayi%20Nasil%20Donusturuyor%20Jeremy%20Rifkin;https://www.google.com/search?q=Ucuncu%20Sanayi%20Devrimi%20-%20Yanal%20Guc,%20Enerjiyi,%20Ekonomiyi%20ve%20Dunyayi%20Nasil%20Donusturuyor%20Jeremy%20Rifkin&tbm=isch;1388; ;
2387;Ucuncu Kultur;Yelda Turedi;Ucuncu Kultur. Yelda Turedi;no;;;2015;400;category?;read?;-;tbr?;reread?;G-1;homelibrary;https://www.google.com/search?q=Ucuncu%20Kultur%20Yelda%20Turedi;https://www.google.com/search?q=Ucuncu%20Kultur%20Yelda%20Turedi&tbm=isch;1387; ;
2386;Ucuncu Dalga;Alvin Toffler;Ucuncu Dalga. Alvin Toffler;yes;;;2018;544;category?;read?;-;📋;reread?;E-3;homelibrary;https://www.google.com/search?q=Ucuncu%20Dalga%20Alvin%20Toffler;https://www.google.com/search?q=Ucuncu%20Dalga%20Alvin%20Toffler&tbm=isch;1386; ;
2385;Twitter ve Toplum;Katrin Weller, Axel Bruns, Jean Burgess, Merja Mahrt, Cornelius Puschmann;Twitter ve Toplum. Katrin Weller, Axel Bruns, Jean Burgess, Merja Mahrt, Cornelius Puschmann;released;;yes;2016;568;category?;read?;-;tbr?;reread?;A-1;homelibrary;https://www.google.com/search?q=Twitter%20ve%20Toplum%20Katrin%20Weller,%20Axel%20Bruns,%20Jean%20Burgess,%20Merja%20Mahrt,%20Cornelius%20Puschmann;https://www.google.com/search?q=Twitter%20ve%20Toplum%20Katrin%20Weller,%20Axel%20Bruns,%20Jean%20Burgess,%20Merja%20Mahrt,%20Cornelius%20Puschmann&tbm=isch;1385; ;
2384;Tutkulu Sosyoloji;Ann Game, Andrew Metcalfe;Tutkulu Sosyoloji. Ann Game, Andrew Metcalfe;yes;;;1999;240;category?;read?;-;📋;reread?;F-5;homelibrary;https://www.google.com/search?q=Tutkulu%20Sosyoloji%20Ann%20Game,%20Andrew%20Metcalfe;https://www.google.com/search?q=Tutkulu%20Sosyoloji%20Ann%20Game,%20Andrew%20Metcalfe&tbm=isch;1384; ;
2383;Tum Hastaliklarin Zihinsel Nedenleri;Louise L. Hay;Tum Hastaliklarin Zihinsel Nedenleri. Louise L. Hay;yes;;;2019;96;category?;✅;-;tbr?;reread?;G-7;homelibrary;https://www.google.com/search?q=Tum%20Hastaliklarin%20Zihinsel%20Nedenleri%20Louise%20L.%20Hay;https://www.google.com/search?q=Tum%20Hastaliklarin%20Zihinsel%20Nedenleri%20Louise%20L.%20Hay&tbm=isch;1383; ;
2382;Tum Beyin ile Yasam - Secim Yapmanin Anatomisi ve Yasamimizi Yonlendiren Dort Karakter;Jill Bolte Taylor;Tum Beyin ile Yasam - Secim Yapmanin Anatomisi ve Yasamimizi Yonlendiren Dort Karakter. Jill Bolte Taylor;yes;;;2022;384;category?;read?;-;📋;reread?;E-8;homelibrary;https://www.google.com/search?q=Tum%20Beyin%20ile%20Yasam%20-%20Secim%20Yapmanin%20Anatomisi%20ve%20Yasamimizi%20Yonlendiren%20Dort%20Karakter%20Jill%20Bolte%20Taylor;https://www.google.com/search?q=Tum%20Beyin%20ile%20Yasam%20-%20Secim%20Yapmanin%20Anatomisi%20ve%20Yasamimizi%20Yonlendiren%20Dort%20Karakter%20Jill%20Bolte%20Taylor&tbm=isch;1382; ;
2381;Tuketimin Evrimi - Cinsiyet, Statu ve Tuketim;Geoffrey Miller;Tuketimin Evrimi - Cinsiyet, Statu ve Tuketim. Geoffrey Miller;yes;;;2012;415;category?;read?;-;📋;reread?;H-6;homelibrary;https://www.google.com/search?q=Tuketimin%20Evrimi%20-%20Cinsiyet,%20Statu%20ve%20Tuketim%20Geoffrey%20Miller;https://www.google.com/search?q=Tuketimin%20Evrimi%20-%20Cinsiyet,%20Statu%20ve%20Tuketim%20Geoffrey%20Miller&tbm=isch;1381; ;
2380;Tuketim Toplumu, Nevrotik Kultur ve Dovus Kulubu;Hakan Ovunc Ongur;Tuketim Toplumu, Nevrotik Kultur ve Dovus Kulubu. Hakan Ovunc Ongur;released;;yes;2011;160;category?;read?;-;tbr?;reread?;H-3;homelibrary;https://www.google.com/search?q=Tuketim%20Toplumu,%20Nevrotik%20Kultur%20ve%20Dovus%20Kulubu%20Hakan%20Ovunc%20Ongur;https://www.google.com/search?q=Tuketim%20Toplumu,%20Nevrotik%20Kultur%20ve%20Dovus%20Kulubu%20Hakan%20Ovunc%20Ongur&tbm=isch;1380; ;
2379;Tuketim Toplumu;Jean Baudrillard;Tuketim Toplumu. Jean Baudrillard;n/a;;;2017;272;category?;read?;-;📋;reread?;E-7;house-2;https://www.google.com/search?q=Tuketim%20Toplumu%20Jean%20Baudrillard;https://www.google.com/search?q=Tuketim%20Toplumu%20Jean%20Baudrillard&tbm=isch;1379; ;
2378;Tuketim Koleligi;Ivan Illich;Tuketim Koleligi. Ivan Illich;yes;;;2011;213;category?;read?;-;tbr?;reread?;F-2;homelibrary;https://www.google.com/search?q=Tuketim%20Koleligi%20Ivan%20Illich;https://www.google.com/search?q=Tuketim%20Koleligi%20Ivan%20Illich&tbm=isch;1378; ;
2377;Tuketim Icgudusu;Gad Saad;Tuketim Icgudusu. Gad Saad;yes;;;2012;420;category?;✅;-;tbr?;📖;C-3;homelibrary;https://www.google.com/search?q=Tuketim%20Icgudusu%20Gad%20Saad;https://www.google.com/search?q=Tuketim%20Icgudusu%20Gad%20Saad&tbm=isch;1377; ;
2376;Tuketim;Robert Bocock;Tuketim. Robert Bocock;no;;;2005;133;category?;read?;-;tbr?;reread?;F-3;homelibrary;https://www.google.com/search?q=Tuketim%20Robert%20Bocock;https://www.google.com/search?q=Tuketim%20Robert%20Bocock&tbm=isch;1376; ;
2375;Tuketicinin Zekasini Asla Kucumsemeyen Buyuk Bir Usta;David Ogilvy;Tuketicinin Zekasini Asla Kucumsemeyen Buyuk Bir Usta. David Ogilvy;released;;yes;2005;64;category?;read?;-;tbr?;reread?;G-4;homelibrary;https://www.google.com/search?q=Tuketicinin%20Zekasini%20Asla%20Kucumsemeyen%20Buyuk%20Bir%20Usta%20David%20Ogilvy;https://www.google.com/search?q=Tuketicinin%20Zekasini%20Asla%20Kucumsemeyen%20Buyuk%20Bir%20Usta%20David%20Ogilvy&tbm=isch;1375; ;
2374;Tuketici Nasil Dusunur?;Gerald Zaltman;Tuketici Nasil Dusunur?. Gerald Zaltman;released;;yes;2016;404;category?;read?;-;tbr?;reread?;B-1;homelibrary;https://www.google.com/search?q=Tuketici%20Nasil%20Dusunur?%20Gerald%20Zaltman;https://www.google.com/search?q=Tuketici%20Nasil%20Dusunur?%20Gerald%20Zaltman&tbm=isch;1374; ;
2373;Tuketici Kralliginin Fethi;Michael R. Solomon;Tuketici Kralliginin Fethi. Michael R. Solomon;released;;yes;2004;319;category?;read?;-;tbr?;reread?;A-2;homelibrary;https://www.google.com/search?q=Tuketici%20Kralliginin%20Fethi%20Michael%20R.%20Solomon;https://www.google.com/search?q=Tuketici%20Kralliginin%20Fethi%20Michael%20R.%20Solomon&tbm=isch;1373; ;
2372;Tukenen Dunya;Al Gore;Tukenen Dunya. Al Gore;no;;;2008;448;category?;read?;-;tbr?;reread?;H-6;homelibrary;https://www.google.com/search?q=Tukenen%20Dunya%20Al%20Gore;https://www.google.com/search?q=Tukenen%20Dunya%20Al%20Gore&tbm=isch;1372; ;
2371;Tuhaf Kurgu Yazmak Uzerine Notlar - Secme Yazilar;H. P. Lovecraft;Tuhaf Kurgu Yazmak Uzerine Notlar - Secme Yazilar. H. P. Lovecraft;yes;;;2019;128;category?;read?;-;📋;reread?;D-5;homelibrary;https://www.google.com/search?q=Tuhaf%20Kurgu%20Yazmak%20Uzerine%20Notlar%20-%20Secme%20Yazilar%20H.%20P.%20Lovecraft;https://www.google.com/search?q=Tuhaf%20Kurgu%20Yazmak%20Uzerine%20Notlar%20-%20Secme%20Yazilar%20H.%20P.%20Lovecraft&tbm=isch;1371; ;
2370;Tufek, Mikrop ve Celik;Jared Diamond;Tufek, Mikrop ve Celik. Jared Diamond;yes;;;2018;664;category?;read?;-;📋;reread?;G-10;homelibrary;https://www.google.com/search?q=Tufek,%20Mikrop%20ve%20Celik%20Jared%20Diamond;https://www.google.com/search?q=Tufek,%20Mikrop%20ve%20Celik%20Jared%20Diamond&tbm=isch;1370; ;
2369;Tubes - Internetin Merkezine Yolculuk;Andrew Blum;Tubes - Internetin Merkezine Yolculuk. Andrew Blum;yes;;;2014;264;category?;read?;-;📋;reread?;E-9;homelibrary;https://www.google.com/search?q=Tubes%20-%20Internetin%20Merkezine%20Yolculuk%20Andrew%20Blum;https://www.google.com/search?q=Tubes%20-%20Internetin%20Merkezine%20Yolculuk%20Andrew%20Blum&tbm=isch;1369; ;
2368;Troleybus Problemi ya da Sisman Adami Ust Gecitten Asagi Atar misiniz? - Felsefi Bir Muamma;Thomas Cathcart;Troleybus Problemi ya da Sisman Adami Ust Gecitten Asagi Atar misiniz? - Felsefi Bir Muamma. Thomas Cathcart;yes;;;2016;144;category?;✅;-;tbr?;reread?;F-3;homelibrary;https://www.google.com/search?q=Troleybus%20Problemi%20ya%20da%20Sisman%20Adami%20Ust%20Gecitten%20Asagi%20Atar%20misiniz?%20-%20Felsefi%20Bir%20Muamma%20Thomas%20Cathcart;https://www.google.com/search?q=Troleybus%20Problemi%20ya%20da%20Sisman%20Adami%20Ust%20Gecitten%20Asagi%20Atar%20misiniz?%20-%20Felsefi%20Bir%20Muamma%20Thomas%20Cathcart&tbm=isch;1368; ;
2367;Trend Avcisi - Bildigimiz Her Sey Yanlis;Magnus Lindkvist;Trend Avcisi - Bildigimiz Her Sey Yanlis. Magnus Lindkvist;released;;yes;2012;182;category?;✅;-;tbr?;reread?;E-3;homelibrary;https://www.google.com/search?q=Trend%20Avcisi%20-%20Bildigimiz%20Her%20Sey%20Yanlis%20Magnus%20Lindkvist;https://www.google.com/search?q=Trend%20Avcisi%20-%20Bildigimiz%20Her%20Sey%20Yanlis%20Magnus%20Lindkvist&tbm=isch;1367; ;
2366;Travmayi Iyilestirmek;Jasmin Lee Cori;Travmayi Iyilestirmek. Jasmin Lee Cori;yes;;;2022;401;category?;read?;-;📋;reread?;B-5;homelibrary;https://www.google.com/search?q=Travmayi%20Iyilestirmek%20Jasmin%20Lee%20Cori;https://www.google.com/search?q=Travmayi%20Iyilestirmek%20Jasmin%20Lee%20Cori&tbm=isch;1366; ;
2365;Travma ve Ani;Peter A. Levine;Travma ve Ani. Peter A. Levine;yes;;;2017;224;category?;read?;-;📋;reread?;A-7;homelibrary;https://www.google.com/search?q=Travma%20ve%20Ani%20Peter%20A.%20Levine;https://www.google.com/search?q=Travma%20ve%20Ani%20Peter%20A.%20Levine&tbm=isch;1365; ;
2364;Transhumanist Devrim - Tekno-Tip ve Dunyanin Uberlesmesi;Luc Ferry, Kagan Kahveci;Transhumanist Devrim - Tekno-Tip ve Dunyanin Uberlesmesi. Luc Ferry, Kagan Kahveci;yes;;;2023;192;category?;read?;-;📋;reread?;C-5;homelibrary;https://www.google.com/search?q=Transhumanist%20Devrim%20-%20Tekno-Tip%20ve%20Dunyanin%20Uberlesmesi%20Luc%20Ferry,%20Kagan%20Kahveci;https://www.google.com/search?q=Transhumanist%20Devrim%20-%20Tekno-Tip%20ve%20Dunyanin%20Uberlesmesi%20Luc%20Ferry,%20Kagan%20Kahveci&tbm=isch;1364; ;
2363;Trading Up;Michael J. Silverstein, Neil Fiske;Trading Up. Michael J. Silverstein, Neil Fiske;yes;;;2019;372;category?;✅;-;tbr?;📖;C-2;homelibrary;https://www.google.com/search?q=Trading%20Up%20Michael%20J.%20Silverstein,%20Neil%20Fiske;https://www.google.com/search?q=Trading%20Up%20Michael%20J.%20Silverstein,%20Neil%20Fiske&tbm=isch;1363; ;
2362;Toyota Kulturu;Jeffrey K. Liker, Michael Hoseus;Toyota Kulturu. Jeffrey K. Liker, Michael Hoseus;released;;yes;2015;640;category?;read?;-;tbr?;reread?;D-9;homelibrary;https://www.google.com/search?q=Toyota%20Kulturu%20Jeffrey%20K.%20Liker,%20Michael%20Hoseus;https://www.google.com/search?q=Toyota%20Kulturu%20Jeffrey%20K.%20Liker,%20Michael%20Hoseus&tbm=isch;1362; ;
2361;Toplumun McDonaldlastirilmasi;George Ritzer;Toplumun McDonaldlastirilmasi. George Ritzer;n/a;;;2016;384;category?;✅;-;tbr?;📖;F-5;house-2;https://www.google.com/search?q=Toplumun%20McDonaldlastirilmasi%20George%20Ritzer;https://www.google.com/search?q=Toplumun%20McDonaldlastirilmasi%20George%20Ritzer&tbm=isch;1361; ;
2360;Toplumun Cocuga Ihaneti;Alice Miller;Toplumun Cocuga Ihaneti. Alice Miller;yes;;;2022;414;category?;read?;-;📋;reread?;A-5;homelibrary;https://www.google.com/search?q=Toplumun%20Cocuga%20Ihaneti%20Alice%20Miller;https://www.google.com/search?q=Toplumun%20Cocuga%20Ihaneti%20Alice%20Miller&tbm=isch;1360; ;
2359;Toplumu Anlatmak;Howard S. Becker;Toplumu Anlatmak. Howard S. Becker;yes;;;2016;384;category?;read?;-;📋;reread?;H-4;homelibrary;https://www.google.com/search?q=Toplumu%20Anlatmak%20Howard%20S.%20Becker;https://www.google.com/search?q=Toplumu%20Anlatmak%20Howard%20S.%20Becker&tbm=isch;1359; ;
2358;Toplumsal Siniflarin Psikolojisi;Maurice Halbwachs;Toplumsal Siniflarin Psikolojisi. Maurice Halbwachs;yes;;;2019;168;category?;read?;-;📋;reread?;E-7;homelibrary;https://www.google.com/search?q=Toplumsal%20Siniflarin%20Psikolojisi%20Maurice%20%20Halbwachs;https://www.google.com/search?q=Toplumsal%20Siniflarin%20Psikolojisi%20Maurice%20%20Halbwachs&tbm=isch;1358; ;
2357;Toplumsal Sicrama - Bizi Biz Yapan ve Mutlu Eden Seylerin Yeni Evrimsel Bilimi;William von Hippel;Toplumsal Sicrama - Bizi Biz Yapan ve Mutlu Eden Seylerin Yeni Evrimsel Bilimi. William von Hippel;yes;;;2023;304;category?;read?;-;📋;reread?;E-6;homelibrary;https://www.google.com/search?q=Toplumsal%20Sicrama%20-%20Bizi%20Biz%20Yapan%20ve%20Mutlu%20Eden%20Seylerin%20Yeni%20Evrimsel%20Bilimi%20William%20von%20Hippel;https://www.google.com/search?q=Toplumsal%20Sicrama%20-%20Bizi%20Biz%20Yapan%20ve%20Mutlu%20Eden%20Seylerin%20Yeni%20Evrimsel%20Bilimi%20William%20von%20Hippel&tbm=isch;1357; ;
2356;Toplumsal Cinsiyet Yanilsamasi;Cordelia Fine;Toplumsal Cinsiyet Yanilsamasi. Cordelia Fine;yes;;;2017;342;category?;read?;-;📋;reread?;B-6;homelibrary;https://www.google.com/search?q=Toplumsal%20Cinsiyet%20Yanilsamasi%20Cordelia%20Fine;https://www.google.com/search?q=Toplumsal%20Cinsiyet%20Yanilsamasi%20Cordelia%20Fine&tbm=isch;1356; ;
2355;Toplumsal Cinsiyet - Sosyal Psikolojik Aciklamalar;Zehra Y. Dokmen;Toplumsal Cinsiyet - Sosyal Psikolojik Aciklamalar. Zehra Y. Dokmen;released;;yes;2010;240;category?;read?;-;tbr?;reread?;G-2;homelibrary;https://www.google.com/search?q=Toplumsal%20Cinsiyet%20-%20Sosyal%20Psikolojik%20Aciklamalar%20Zehra%20Y.%20Dokmen;https://www.google.com/search?q=Toplumsal%20Cinsiyet%20-%20Sosyal%20Psikolojik%20Aciklamalar%20Zehra%20Y.%20Dokmen&tbm=isch;1355; ;
2354;Tohumun Hikayesi;Vandana Shiva;Tohumun Hikayesi. Vandana Shiva;yes;;;2019;96;category?;read?;-;tbr?;reread?;F-6;homelibrary;https://www.google.com/search?q=Tohumun%20Hikayesi%20Vandana%20Shiva;https://www.google.com/search?q=Tohumun%20Hikayesi%20Vandana%20Shiva&tbm=isch;1354; ;
2353;Tiriskadan Isler;David Graeber;Tiriskadan Isler. David Graeber;yes;;;2021;416;category?;✅;-;tbr?;📖;A-10;homelibrary;https://www.google.com/search?q=Tiriskadan%20Isler%20David%20Graeber;https://www.google.com/search?q=Tiriskadan%20Isler%20David%20Graeber&tbm=isch;1353; ;
2352;Tip Yasalari;Siddhartha Mukherjee;Tip Yasalari. Siddhartha Mukherjee;yes;;;2017;88;category?;read?;-;📋;reread?;C-4;homelibrary;https://www.google.com/search?q=Tip%20Yasalari%20Siddhartha%20Mukherjee;https://www.google.com/search?q=Tip%20Yasalari%20Siddhartha%20Mukherjee&tbm=isch;1352; ;
2351;Tibbin Gelecegine Yolculuk;Bertalan Mesko;Tibbin Gelecegine Yolculuk. Bertalan Mesko;released;;yes;2018;184;category?;✅;-;tbr?;reread?;D-7;homelibrary;https://www.google.com/search?q=Tibbin%20Gelecegine%20Yolculuk%20Bertalan%20Mesko;https://www.google.com/search?q=Tibbin%20Gelecegine%20Yolculuk%20Bertalan%20Mesko&tbm=isch;1351; ;
2350;Thrive - Basari Icinizdedir;Arianna Huffington;Thrive - Basari Icinizdedir. Arianna Huffington;released;;yes;2015;296;category?;read?;-;tbr?;reread?;A-1;homelibrary;https://www.google.com/search?q=Thrive%20-%20Basari%20Icinizdedir%20Arianna%20Huffington;https://www.google.com/search?q=Thrive%20-%20Basari%20Icinizdedir%20Arianna%20Huffington&tbm=isch;1350; ;
2349;The Secret;Rhonda Byrne;The Secret. Rhonda Byrne;yes;;;2018;216;category?;read?;-;📋;reread?;G-8;homelibrary;https://www.google.com/search?q=The%20Secret%20Rhonda%20Byrne;https://www.google.com/search?q=The%20Secret%20Rhonda%20Byrne&tbm=isch;1349; ;
2348;The Second Machine Age - Akilli Teknolojiler Devrinde Calisma, Ilerleme ve Refah;Erik Brynjolfsson, Andrew Mcafee;The Second Machine Age - Akilli Teknolojiler Devrinde Calisma, Ilerleme ve Refah. Erik Brynjolfsson, Andrew Mcafee;yes;;;2015;336;category?;✅;-;tbr?;📖;C-5;homelibrary;https://www.google.com/search?q=The%20Second%20Machine%20Age%20-%20Akilli%20Teknolojiler%20Devrinde%20Calisma,%20Ilerleme%20ve%20Refah%20Erik%20Brynjolfsson,%20Andrew%20Mcafee;https://www.google.com/search?q=The%20Second%20Machine%20Age%20-%20Akilli%20Teknolojiler%20Devrinde%20Calisma,%20Ilerleme%20ve%20Refah%20Erik%20Brynjolfsson,%20Andrew%20Mcafee&tbm=isch;1348; ;
2347;The Employer Brand;Simon Barrow, Rochard Mosley;The Employer Brand. Simon Barrow, Rochard Mosley;no;;;2012;256;category?;read?;-;tbr?;reread?;A-1;homelibrary;https://www.google.com/search?q=The%20Employer%20Brand%20Simon%20Barrow,%20Rochard%20Mosley;https://www.google.com/search?q=The%20Employer%20Brand%20Simon%20Barrow,%20Rochard%20Mosley&tbm=isch;1347; ;
2346;Tevazu;Daryl R. Van Tongeren;Tevazu. Daryl R. Van Tongeren;yes;;;2023;352;category?;read?;-;📋;reread?;A-4;homelibrary;https://www.google.com/search?q=Tevazu%20Daryl%20R.%20Van%20Tongeren;https://www.google.com/search?q=Tevazu%20Daryl%20R.%20Van%20Tongeren&tbm=isch;1346; ;
2345;Tesekkur Ekonomisi - Musteri Bagliligi Yaratmak Icin Sosyal Medyayi Nasil Kullanmalisiniz?;Gary Vaynerchuk;Tesekkur Ekonomisi - Musteri Bagliligi Yaratmak Icin Sosyal Medyayi Nasil Kullanmalisiniz?. Gary Vaynerchuk;yes;;;2011;268;category?;read?;-;📋;reread?;C-9;homelibrary;https://www.google.com/search?q=Tesekkur%20Ekonomisi%20-%20Musteri%20Bagliligi%20Yaratmak%20Icin%20Sosyal%20Medyayi%20Nasil%20Kullanmalisiniz?%20Gary%20Vaynerchuk;https://www.google.com/search?q=Tesekkur%20Ekonomisi%20-%20Musteri%20Bagliligi%20Yaratmak%20Icin%20Sosyal%20Medyayi%20Nasil%20Kullanmalisiniz?%20Gary%20Vaynerchuk&tbm=isch;1345; ;
2344;Terra Madre;Carlo Petrini;Terra Madre. Carlo Petrini;no;;;2017;192;category?;read?;-;tbr?;reread?;F-6;homelibrary;https://www.google.com/search?q=Terra%20Madre%20Carlo%20Petrini;https://www.google.com/search?q=Terra%20Madre%20Carlo%20Petrini&tbm=isch;1344; ;
2343;Tercih Sizin (Yetiskinler Icin);Al Gore;Tercih Sizin (Yetiskinler Icin). Al Gore;released;;yes;2011;406;category?;read?;-;tbr?;reread?;F-9;homelibrary;https://www.google.com/search?q=Tercih%20Sizin%20(Yetiskinler%20Icin)%20Al%20Gore;https://www.google.com/search?q=Tercih%20Sizin%20(Yetiskinler%20Icin)%20Al%20Gore&tbm=isch;1343; ;
2342;Terapistler Icini Dokuyor;Christophe Andre;Terapistler Icini Dokuyor. Christophe Andre;yes;;;2023;464;category?;read?;-;📋;reread?;B-9;homelibrary;https://www.google.com/search?q=Terapistler%20Icini%20Dokuyor%20Christophe%20Andre;https://www.google.com/search?q=Terapistler%20Icini%20Dokuyor%20Christophe%20Andre&tbm=isch;1342; ;
2341;Terapist Olmak Uzerine;Jeffrey A. Kottler;Terapist Olmak Uzerine. Jeffrey A. Kottler;yes;;;2017;400;category?;✅;-;tbr?;📖;B-9;homelibrary;https://www.google.com/search?q=Terapist%20Olmak%20Uzerine%20Jeffrey%20A.%20Kottler;https://www.google.com/search?q=Terapist%20Olmak%20Uzerine%20Jeffrey%20A.%20Kottler&tbm=isch;1341; ;
2340;Art As Therapy;Alain De Botton, John Armstrong;Art As Therapy. Alain De Botton, John Armstrong;yes;;;2013;240;category?;read?;-;📋;reread?;D-4;homelibrary;https://www.google.com/search?q=Art%20As%20Therapy%20Alain%20De%20Botton,%20John%20Armstrong;https://www.google.com/search?q=Art%20As%20Therapy%20Alain%20De%20Botton,%20John%20Armstrong&tbm=isch;1340; ;
2339;Tenisin Icsel Oyunlari;W. Timothy Gallwey;Tenisin Icsel Oyunlari. W. Timothy Gallwey;n/a;;;2022;176;category?;read?;-;📋;reread?;D-8;house-2;https://www.google.com/search?q=Tenisin%20Icsel%20Oyunlari%20W.%20Timothy%20Gallwey;https://www.google.com/search?q=Tenisin%20Icsel%20Oyunlari%20W.%20Timothy%20Gallwey&tbm=isch;1339; ;
2338;Temel Yetenek Tabanli Strateji;Andrew Campbell, Kathleen Sommers Luchs;Temel Yetenek Tabanli Strateji. Andrew Campbell, Kathleen Sommers Luchs;no;;;2002;300;category?;read?;-;tbr?;reread?;G-2;homelibrary;https://www.google.com/search?q=Temel%20Yetenek%20Tabanli%20Strateji%20Andrew%20Campbell,%20Kathleen%20Sommers%20Luchs;https://www.google.com/search?q=Temel%20Yetenek%20Tabanli%20Strateji%20Andrew%20Campbell,%20Kathleen%20Sommers%20Luchs&tbm=isch;1338; ;
2337;Telgraftan Tablete;Evrim Kuran;Telgraftan Tablete. Evrim Kuran;released;;yes;2018;152;category?;read?;-;tbr?;reread?;A-3;homelibrary;https://www.google.com/search?q=Telgraftan%20Tablete%20Evrim%20Kuran;https://www.google.com/search?q=Telgraftan%20Tablete%20Evrim%20Kuran&tbm=isch;1337; ;
2336;Televizyon ve Icimizdeki Siddet;Nilgun Tutal Cheviron;Televizyon ve Icimizdeki Siddet. Nilgun Tutal Cheviron;released;;yes;2014;240;category?;read?;-;tbr?;reread?;H-3;homelibrary;https://www.google.com/search?q=Televizyon%20ve%20Icimizdeki%20Siddet%20Nilgun%20Tutal%20Cheviron;https://www.google.com/search?q=Televizyon%20ve%20Icimizdeki%20Siddet%20Nilgun%20Tutal%20Cheviron&tbm=isch;1336; ;
2335;Televizyon Olduren Eglence;Neil Postman;Televizyon Olduren Eglence. Neil Postman;yes;;;2016;224;category?;read?;-;tbr?;reread?;F-5;homelibrary;https://www.google.com/search?q=Televizyon%20Olduren%20Eglence%20Neil%20Postman;https://www.google.com/search?q=Televizyon%20Olduren%20Eglence%20Neil%20Postman&tbm=isch;1335; ;
2334;Tel Orguler ve Pencereler;Naomi Klein;Tel Orguler ve Pencereler. Naomi Klein;yes;;;2004;223;category?;read?;-;tbr?;reread?;F-9;homelibrary;https://www.google.com/search?q=Tel%20Orguler%20ve%20Pencereler%20Naomi%20Klein;https://www.google.com/search?q=Tel%20Orguler%20ve%20Pencereler%20Naomi%20Klein&tbm=isch;1334; ;
2333;Teknolojiye Karsi Insanlik;Gerd Leonhard;Teknolojiye Karsi Insanlik. Gerd Leonhard;yes;;;2018;224;category?;✅;-;tbr?;📖;C-4;homelibrary;https://www.google.com/search?q=Teknolojiye%20Karsi%20Insanlik%20Gerd%20Leonhard;https://www.google.com/search?q=Teknolojiye%20Karsi%20Insanlik%20Gerd%20Leonhard&tbm=isch;1333; ;
2332;Teknolojinin Dogasi - Nedir ve Nasil Evrilir;Brian Arthur;Teknolojinin Dogasi - Nedir ve Nasil Evrilir. Brian Arthur;yes;;;2011;260;Technology & the Digital World;✅;-;tbr?;📖;C-4;homelibrary;https://www.google.com/search?q=Teknolojinin%20Dogasi%20-%20Nedir%20ve%20Nasil%20Evrilir%20Brian%20Arthur;https://www.google.com/search?q=Teknolojinin%20Dogasi%20-%20Nedir%20ve%20Nasil%20Evrilir%20Brian%20Arthur&tbm=isch;1332; ;
2331;Teknoloji - Kisa Tarihce;Paul Beaupere, Anne Sophie Cayrey;Teknoloji - Kisa Tarihce. Paul Beaupere, Anne Sophie Cayrey;no;;;2015;78;category?;read?;-;tbr?;reread?;C-5;homelibrary;https://www.google.com/search?q=Teknoloji%20-%20Kisa%20Tarihce%20Paul%20Beaupere,%20Anne%20Sophie%20Cayrey;https://www.google.com/search?q=Teknoloji%20-%20Kisa%20Tarihce%20Paul%20Beaupere,%20Anne%20Sophie%20Cayrey&tbm=isch;1331; ;
2330;Tek Yol Permakultur;Graham Bell;Tek Yol Permakultur. Graham Bell;released;;yes;2021;288;category?;read?;-;tbr?;reread?;F-6;homelibrary;https://www.google.com/search?q=Tek%20Yol%20Permakultur%20Graham%20Bell;https://www.google.com/search?q=Tek%20Yol%20Permakultur%20Graham%20Bell&tbm=isch;1330; ;
2329;TED Konusmalari;Chris J. Anderson;TED Konusmalari. Chris J. Anderson;released;;yes;2017;272;category?;read?;-;tbr?;reread?;B-1;homelibrary;https://www.google.com/search?q=TED%20Konusmalari%20Chris%20J.%20Anderson;https://www.google.com/search?q=TED%20Konusmalari%20Chris%20J.%20Anderson&tbm=isch;1329; ;
2328;TED Gibi Konus - Dunyanin En Iyi Beyinlerine Gore Topluluk Onunde Konusmanin 9 Sirri;Carmine Gallo;TED Gibi Konus - Dunyanin En Iyi Beyinlerine Gore Topluluk Onunde Konusmanin 9 Sirri. Carmine Gallo;released;;yes;2017;280;category?;✅;-;tbr?;reread?;B-2;homelibrary;https://www.google.com/search?q=TED%20Gibi%20Konus%20-%20Dunyanin%20En%20Iyi%20Beyinlerine%20Gore%20Topluluk%20Onunde%20Konusmanin%209%20Sirri%20Carmine%20Gallo;https://www.google.com/search?q=TED%20Gibi%20Konus%20-%20Dunyanin%20En%20Iyi%20Beyinlerine%20Gore%20Topluluk%20Onunde%20Konusmanin%209%20Sirri%20Carmine%20Gallo&tbm=isch;1328; ;
2327;Taslar Yerinden Oynarken - Dijital Pazarlamanin Kurallari;Fatos Karahasan;Taslar Yerinden Oynarken - Dijital Pazarlamanin Kurallari. Fatos Karahasan;released;;yes;2014;420;category?;read?;-;tbr?;reread?;C-2;homelibrary;https://www.google.com/search?q=Taslar%20Yerinden%20Oynarken%20-%20Dijital%20Pazarlamanin%20Kurallari%20Fatos%20Karahasan;https://www.google.com/search?q=Taslar%20Yerinden%20Oynarken%20-%20Dijital%20Pazarlamanin%20Kurallari%20Fatos%20Karahasan&tbm=isch;1327; ;
2326;Tasin Altindaki El;Nassim Nicholas Taleb;Tasin Altindaki El. Nassim Nicholas Taleb;n/a;;;2018;344;category?;read?;-;📋;reread?;C-6;house-2;https://www.google.com/search?q=Tasin%20Altindaki%20El%20Nassim%20Nicholas%20Taleb;https://www.google.com/search?q=Tasin%20Altindaki%20El%20Nassim%20Nicholas%20Taleb&tbm=isch;1326; ;
2325;Tasarim Yonetimi;Brigitte Borja De Mozota;Tasarim Yonetimi. Brigitte Borja De Mozota;yes;;;2005;405;category?;read?;-;📋;reread?;B-6;homelibrary;https://www.google.com/search?q=Tasarim%20Yonetimi%20Brigitte%20Borja%20De%20Mozota;https://www.google.com/search?q=Tasarim%20Yonetimi%20Brigitte%20Borja%20De%20Mozota&tbm=isch;1325; ;
2324;Tasarim Dunyayi Nasil Degistirir?;Scott Berkun;Tasarim Dunyayi Nasil Degistirir?. Scott Berkun;yes;;;2022;208;category?;read?;-;📋;reread?;B-6;homelibrary;https://www.google.com/search?q=Tasarim%20Dunyayi%20Nasil%20Degistirir?%20Scott%20Berkun;https://www.google.com/search?q=Tasarim%20Dunyayi%20Nasil%20Degistirir?%20Scott%20Berkun&tbm=isch;1324; ;
2323;Tasarim;John Heskett;Tasarim. John Heskett;no;;;2013;202;category?;read?;-;tbr?;reread?;G-6;homelibrary;https://www.google.com/search?q=Tasarim%20John%20Heskett;https://www.google.com/search?q=Tasarim%20John%20Heskett&tbm=isch;1323; ;
2322;Tas Kagit Makas;William Poundstone;Tas Kagit Makas. William Poundstone;yes;;;2016;328;category?;read?;-;📋;reread?;D-2;homelibrary;https://www.google.com/search?q=Tas%20Kagit%20Makas%20William%20Poundstone;https://www.google.com/search?q=Tas%20Kagit%20Makas%20William%20Poundstone&tbm=isch;1322; ;
2321;Tartismalar;The School of Life;Tartismalar. The School of Life;yes;;;2022;128;category?;✅;-;tbr?;📖;D-4;homelibrary;https://www.google.com/search?q=Tartismalar%20The%20School%20of%20Life;https://www.google.com/search?q=Tartismalar%20The%20School%20of%20Life&tbm=isch;1321; ;
2320;Tarihin Sonu ve Son Insan;Francis Fukuyama;Tarihin Sonu ve Son Insan. Francis Fukuyama;yes;;;2016;528;category?;read?;-;📋;reread?;H-2;homelibrary;https://www.google.com/search?q=Tarihin%20Sonu%20ve%20Son%20Insan%20Francis%20Fukuyama;https://www.google.com/search?q=Tarihin%20Sonu%20ve%20Son%20Insan%20Francis%20Fukuyama&tbm=isch;1320; ;
2319;Tarihin Sonu mu?;Francis Fukuyama;Tarihin Sonu mu?. Francis Fukuyama;n/a;;;2003;352;category?;read?;-;📋;reread?;G-1;house-2;https://www.google.com/search?q=Tarihin%20Sonu%20mu?%20Francis%20Fukuyama;https://www.google.com/search?q=Tarihin%20Sonu%20mu?%20Francis%20Fukuyama&tbm=isch;1319; ;
2318;Tanrilar Okulu;Stefano D'Anna;Tanrilar Okulu. Stefano D'Anna;no;;;2009;416;category?;✅;-;tbr?;reread?;G-7;homelibrary;https://www.google.com/search?q=Tanrilar%20Okulu%20Stefano%20D%27Anna;https://www.google.com/search?q=Tanrilar%20Okulu%20Stefano%20D%27Anna&tbm=isch;1318; ;
2317;Tanri, Insan, Hayvan, Makine;Meghan O’Gieblyn;Tanri, Insan, Hayvan, Makine. Meghan O’Gieblyn;yes;;;2023;288;Philosophy & Meaning;✅;-;tbr?;reread?;C-8;homelibrary;https://www.google.com/search?q=Tanri,%20Insan,%20Hayvan,%20Makine%20Meghan%20O%E2%80%99Gieblyn;https://www.google.com/search?q=Tanri,%20Insan,%20Hayvan,%20Makine%20Meghan%20O%E2%80%99Gieblyn&tbm=isch;1317; ;
2316;Tamamen Duygusal;Dan Ariely, Jeff Kreisler;Tamamen Duygusal. Dan Ariely, Jeff Kreisler;yes;;;2020;318;category?;read?;-;📋;reread?;D-7;homelibrary;https://www.google.com/search?q=Tamamen%20Duygusal%20Dan%20Ariely,%20Jeff%20Kreisler;https://www.google.com/search?q=Tamamen%20Duygusal%20Dan%20Ariely,%20Jeff%20Kreisler&tbm=isch;1316; ;
2315;Tam Benim Tipim;Simon Garfield;Tam Benim Tipim. Simon Garfield;no;;;2012;353;category?;read?;-;📋;reread?;E-5;homelibrary;https://www.google.com/search?q=Tam%20Benim%20Tipim%20Simon%20Garfield;https://www.google.com/search?q=Tam%20Benim%20Tipim%20Simon%20Garfield&tbm=isch;1315; ;
2314;Taksi Yolculugunda Tanri'yi Buldum.;Paul Arden;Taksi Yolculugunda Tanri'yi Buldum.. Paul Arden;yes;;;2016;128;Philosophy & Meaning;✅;-;tbr?;📖;E-4;homelibrary;https://www.google.com/search?q=Taksi%20Yolculugunda%20Tanri%27yi%20Buldum.%20Paul%20Arden;https://www.google.com/search?q=Taksi%20Yolculugunda%20Tanri%27yi%20Buldum.%20Paul%20Arden&tbm=isch;1314; ;
2313;Takintilarla Basa Cikma - Obsesif Kompulsif Bozuklugunuzu Kontrol Altina Almanin Yollari;Christine Purdon, David A. Clark;Takintilarla Basa Cikma - Obsesif Kompulsif Bozuklugunuzu Kontrol Altina Almanin Yollari. Christine Purdon, David A. Clark;yes;;;2014;192;category?;read?;-;📋;reread?;A-7;homelibrary;https://www.google.com/search?q=Takintilarla%20Basa%20Cikma%20-%20Obsesif%20Kompulsif%20Bozuklugunuzu%20Kontrol%20Altina%20Almanin%20Yollari%20Christine%20Purdon,%20David%20A.%20Clark;https://www.google.com/search?q=Takintilarla%20Basa%20Cikma%20-%20Obsesif%20Kompulsif%20Bozuklugunuzu%20Kontrol%20Altina%20Almanin%20Yollari%20Christine%20Purdon,%20David%20A.%20Clark&tbm=isch;1313; ;
2312;The Bed of Procrustes - Philosophical and Practical Aphorisms;Nassim Nicholas Taleb;The Bed of Procrustes - Philosophical and Practical Aphorisms. Nassim Nicholas Taleb;yes;;;2010;112;category?;read?;-;📋;reread?;F-7;homelibrary;https://www.google.com/search?q=The%20Bed%20of%20Procrustes%20-%20Philosophical%20and%20Practical%20Aphorisms%20Nassim%20Nicholas%20Taleb;https://www.google.com/search?q=The%20Bed%20of%20Procrustes%20-%20Philosophical%20and%20Practical%20Aphorisms%20Nassim%20Nicholas%20Taleb&tbm=isch;1312; ;
2311;Tabagindaki Yuz - Gida Hakkindaki Gercekler;Jeffrey Moussaieff Masson;Tabagindaki Yuz - Gida Hakkindaki Gercekler. Jeffrey Moussaieff Masson;yes;;;2015;288;category?;✅;-;tbr?;📖;F-4;homelibrary;https://www.google.com/search?q=Tabagindaki%20Yuz%20-%20Gida%20Hakkindaki%20Gercekler%20Jeffrey%20Moussaieff%20Masson;https://www.google.com/search?q=Tabagindaki%20Yuz%20-%20Gida%20Hakkindaki%20Gercekler%20Jeffrey%20Moussaieff%20Masson&tbm=isch;1311; ;
2310;Switch Degistir!;Chip Heath, Dan Heath;Switch Degistir!. Chip Heath, Dan Heath;released;;yes;2013;302;category?;read?;-;tbr?;reread?;A-1;homelibrary;https://www.google.com/search?q=Switch%20Degistir!%20Chip%20Heath,%20Dan%20Heath;https://www.google.com/search?q=Switch%20Degistir!%20Chip%20Heath,%20Dan%20Heath&tbm=isch;1310; ;
2309;Sutlu mu? Kopuklu mu? Hayatinizi Degistirecek 120 Karar;Hilly Janes;Sutlu mu? Kopuklu mu? Hayatinizi Degistirecek 120 Karar. Hilly Janes;released;;yes;2013;200;category?;✅;-;tbr?;reread?;D-3;homelibrary;https://www.google.com/search?q=Sutlu%20mu?%20Kopuklu%20mu?%20Hayatinizi%20Degistirecek%20120%20Karar%20Hilly%20Janes;https://www.google.com/search?q=Sutlu%20mu?%20Kopuklu%20mu?%20Hayatinizi%20Degistirecek%20120%20Karar%20Hilly%20Janes&tbm=isch;1309; ;
2308;Suru - Kitle Davranisi Nasil Yonetilir? Nasil Degistirilir?;Mark Earls;Suru - Kitle Davranisi Nasil Yonetilir? Nasil Degistirilir?. Mark Earls;yes;;;2009;364;category?;read?;-;📋;reread?;C-7;homelibrary;https://www.google.com/search?q=Suru%20-%20Kitle%20Davranisi%20Nasil%20Yonetilir?%20Nasil%20Degistirilir?%20Mark%20Earls;https://www.google.com/search?q=Suru%20-%20Kitle%20Davranisi%20Nasil%20Yonetilir?%20Nasil%20Degistirilir?%20Mark%20Earls&tbm=isch;1308; ;
2307;Surdurulebilir Tuketim Gonullu Sadelik ve Maddi Degerler;Ahu Ergen;Surdurulebilir Tuketim Gonullu Sadelik ve Maddi Degerler. Ahu Ergen;no;;;2016;129;category?;read?;-;tbr?;reread?;H-4;homelibrary;https://www.google.com/search?q=Surdurulebilir%20Tuketim%20Gonullu%20Sadelik%20ve%20Maddi%20Degerler%20Ahu%20Ergen;https://www.google.com/search?q=Surdurulebilir%20Tuketim%20Gonullu%20Sadelik%20ve%20Maddi%20Degerler%20Ahu%20Ergen&tbm=isch;1307; ;
2306;Surdurulebilir Moda;Solen Kipoz (Editör);Surdurulebilir Moda. Solen Kipoz (Editör);released;;yes;2015;192;Environment & Sustainable Living;✅;-;tbr?;reread?;G-8;homelibrary;https://www.google.com/search?q=Surdurulebilir%20Moda%20Solen%20Kipoz%20(Edit%C3%B6r);https://www.google.com/search?q=Surdurulebilir%20Moda%20Solen%20Kipoz%20(Edit%C3%B6r)&tbm=isch;1306; ;
2305;Supertahmin;Dan Gardner, Philip E. Tetlock;Supertahmin. Dan Gardner, Philip E. Tetlock;yes;;;2018;344;category?;read?;-;📋;reread?;D-8;homelibrary;https://www.google.com/search?q=Supertahmin%20Dan%20Gardner,%20Philip%20E.%20Tetlock;https://www.google.com/search?q=Supertahmin%20Dan%20Gardner,%20Philip%20E.%20Tetlock&tbm=isch;1305; ;
2304;Super Zeka - Yapay Zeka Uygulamalari, Tehlikeler Ve Stratejiler;Nick Bostrom;Super Zeka - Yapay Zeka Uygulamalari, Tehlikeler Ve Stratejiler. Nick Bostrom;yes;;;2019;392;category?;read?;-;📋;reread?;C-4;homelibrary;https://www.google.com/search?q=Super%20Zeka%20-%20Yapay%20Zeka%20Uygulamalari,%20Tehlikeler%20Ve%20Stratejiler%20Nick%20Bostrom;https://www.google.com/search?q=Super%20Zeka%20-%20Yapay%20Zeka%20Uygulamalari,%20Tehlikeler%20Ve%20Stratejiler%20Nick%20Bostrom&tbm=isch;1304; ;
2303;The World Until Yesterday - What Can We Learn from Traditional Societies?;Jared Diamond;The World Until Yesterday - What Can We Learn from Traditional Societies?. Jared Diamond;yes;;;2013;512;category?;read?;-;tbr?;reread?;F-7;homelibrary;https://www.google.com/search?q=The%20World%20Until%20Yesterday%20-%20What%20Can%20We%20Learn%20from%20Traditional%20Societies?%20Jared%20Diamond;https://www.google.com/search?q=The%20World%20Until%20Yesterday%20-%20What%20Can%20We%20Learn%20from%20Traditional%20Societies?%20Jared%20Diamond&tbm=isch;1303; ;
2302;Super Sirket;Rosabeth Moss Kanter;Super Sirket. Rosabeth Moss Kanter;released;;yes;2011;344;category?;read?;-;tbr?;reread?;D-2;homelibrary;https://www.google.com/search?q=Super%20Sirket%20Rosabeth%20Moss%20Kanter;https://www.google.com/search?q=Super%20Sirket%20Rosabeth%20Moss%20Kanter&tbm=isch;1302; ;
2301;Super Kent;J. G. Ballard;Super Kent. J. G. Ballard;yes;;;2004;375;category?;read?;-;tbr?;reread?;F-5;homelibrary;https://www.google.com/search?q=Super%20Kent%20J.%20G.%20Ballard;https://www.google.com/search?q=Super%20Kent%20J.%20G.%20Ballard&tbm=isch;1301; ;
2300;Super Insan;Andy Walker, Kay Walker;Super Insan. Andy Walker, Kay Walker;yes;;;2019;420;category?;read?;-;📋;reread?;C-5;homelibrary;https://www.google.com/search?q=Super%20Insan%20Andy%20Walker,%20Kay%20Walker;https://www.google.com/search?q=Super%20Insan%20Andy%20Walker,%20Kay%20Walker&tbm=isch;1300; ;
2299;Sukunet Sanati;Pico Iyer;Sukunet Sanati. Pico Iyer;yes;;;2016;94;category?;read?;-;📋;reread?;C-4;homelibrary;https://www.google.com/search?q=Sukunet%20Sanati%20Pico%20Iyer;https://www.google.com/search?q=Sukunet%20Sanati%20Pico%20Iyer&tbm=isch;1299; ;
2298;Suc II - Bir Ceza Avukatindan Gercek Hikayeler;Ferdinand von Schirach;Suc II - Bir Ceza Avukatindan Gercek Hikayeler. Ferdinand von Schirach;released;;yes;2012;152;category?;read?;-;📋;reread?;G-1;homelibrary;https://www.google.com/search?q=Suc%20II%20-%20Bir%20Ceza%20Avukatindan%20Gercek%20Hikayeler%20Ferdinand%20von%20Schirach;https://www.google.com/search?q=Suc%20II%20-%20Bir%20Ceza%20Avukatindan%20Gercek%20Hikayeler%20Ferdinand%20von%20Schirach&tbm=isch;1298; ;
2297;Suc - Bir Ceza Avukatindan Gercek Hikayeler;Ferdinand von Schirach;Suc - Bir Ceza Avukatindan Gercek Hikayeler. Ferdinand von Schirach;released;;yes;2012;200;category?;read?;-;📋;reread?;G-1;homelibrary;https://www.google.com/search?q=Suc%20-%20Bir%20Ceza%20Avukatindan%20Gercek%20Hikayeler%20Ferdinand%20von%20Schirach;https://www.google.com/search?q=Suc%20-%20Bir%20Ceza%20Avukatindan%20Gercek%20Hikayeler%20Ferdinand%20von%20Schirach&tbm=isch;1297; ;
2296;Subliminal - Bilincdisiniz Davranislarinizi Nasil Yonetir?;Leonard Mlodinow;Subliminal - Bilincdisiniz Davranislarinizi Nasil Yonetir?. Leonard Mlodinow;yes;;;2013;328;category?;read?;-;📋;reread?;D-6;homelibrary;https://www.google.com/search?q=Subliminal%20-%20Bilincdisiniz%20Davranislarinizi%20Nasil%20Yonetir?%20Leonard%20Mlodinow;https://www.google.com/search?q=Subliminal%20-%20Bilincdisiniz%20Davranislarinizi%20Nasil%20Yonetir?%20Leonard%20Mlodinow&tbm=isch;1296; ;
2295;Su Terazisi;Richard Wilkinson, Kate Pickett;Su Terazisi. Richard Wilkinson, Kate Pickett;yes;;;2010;350;category?;read?;-;tbr?;reread?;A-2;homelibrary;https://www.google.com/search?q=Su%20Terazisi%20Richard%20Wilkinson,%20Kate%20Pickett;https://www.google.com/search?q=Su%20Terazisi%20Richard%20Wilkinson,%20Kate%20Pickett&tbm=isch;1295; ;
2294;Su Hayatta Kac Arkadas Lazim? - Dunbar Sayisi ve Diger Evrimsel Acayiplikler;Robin Dunbar;Su Hayatta Kac Arkadas Lazim? - Dunbar Sayisi ve Diger Evrimsel Acayiplikler. Robin Dunbar;yes;;;2011;304;category?;read?;-;📋;reread?;C-3;homelibrary;https://www.google.com/search?q=Su%20Hayatta%20Kac%20Arkadas%20Lazim?%20-%20Dunbar%20Sayisi%20ve%20Diger%20Evrimsel%20Acayiplikler%20Robin%20Dunbar;https://www.google.com/search?q=Su%20Hayatta%20Kac%20Arkadas%20Lazim?%20-%20Dunbar%20Sayisi%20ve%20Diger%20Evrimsel%20Acayiplikler%20Robin%20Dunbar&tbm=isch;1294; ;
2293;Stres Yogasi;Neslihan Iskit;Stres Yogasi. Neslihan Iskit;released;;yes;2008;128;category?;read?;-;tbr?;reread?;G-7;homelibrary;https://www.google.com/search?q=Stres%20Yogasi%20Neslihan%20Iskit;https://www.google.com/search?q=Stres%20Yogasi%20Neslihan%20Iskit&tbm=isch;1293; ;
2292;Stratejik Karar Kitabi - Stratejik Dusunme Icin Elli Model;Mikael Krogerus, Roman Tschappeler;Stratejik Karar Kitabi - Stratejik Dusunme Icin Elli Model. Mikael Krogerus, Roman Tschappeler;no;;;2013;177;category?;read?;-;📋;reread?;D-9;homelibrary;https://www.google.com/search?q=Stratejik%20Karar%20Kitabi%20-%20Stratejik%20Dusunme%20Icin%20Elli%20Model%20Mikael%20Krogerus,%20Roman%20Tschappeler;https://www.google.com/search?q=Stratejik%20Karar%20Kitabi%20-%20Stratejik%20Dusunme%20Icin%20Elli%20Model%20Mikael%20Krogerus,%20Roman%20Tschappeler&tbm=isch;1292; ;
2291;Strateji Yasalari;Michael A. Cusumano, David B. Yoffie;Strateji Yasalari. Michael A. Cusumano, David B. Yoffie;released;;yes;2016;272;category?;read?;-;tbr?;reread?;C-1;homelibrary;https://www.google.com/search?q=Strateji%20Yasalari%20Michael%20A.%20Cusumano,%20David%20B.%20Yoffie;https://www.google.com/search?q=Strateji%20Yasalari%20Michael%20A.%20Cusumano,%20David%20B.%20Yoffie&tbm=isch;1291; ;
2290;Strateji Haritalari;David P. Norton, Robert S. Kaplan;Strateji Haritalari. David P. Norton, Robert S. Kaplan;no;;;2014;444;category?;read?;-;tbr?;reread?;H-1;homelibrary;https://www.google.com/search?q=Strateji%20Haritalari%20David%20P.%20Norton,%20Robert%20S.%20Kaplan;https://www.google.com/search?q=Strateji%20Haritalari%20David%20P.%20Norton,%20Robert%20S.%20Kaplan&tbm=isch;1290; ;
2289;Stoacinin Gunlugu;Ryan Holiday, Stephen Hanselman;Stoacinin Gunlugu. Ryan Holiday, Stephen Hanselman;released;;yes;2021;432;category?;read?;-;tbr?;reread?;B-7;homelibrary;https://www.google.com/search?q=Stoacinin%20Gunlugu%20Ryan%20Holiday,%20Stephen%20Hanselman;https://www.google.com/search?q=Stoacinin%20Gunlugu%20Ryan%20Holiday,%20Stephen%20Hanselman&tbm=isch;1289; ;
2288;Steve Jobs Olmak - Kendini Bilmez Bir Kustahin, Vizyoner Bir Lidere Donusumu;Brent Schlender, Rick Tetzeli;Steve Jobs Olmak - Kendini Bilmez Bir Kustahin, Vizyoner Bir Lidere Donusumu. Brent Schlender, Rick Tetzeli;no;;;2015;480;Biography & Life Stories;✅;-;tbr?;reread?;C-1;homelibrary;https://www.google.com/search?q=Steve%20Jobs%20Olmak%20-%20Kendini%20Bilmez%20Bir%20Kustahin,%20Vizyoner%20Bir%20Lidere%20Donusumu%20Brent%20Schlender,%20Rick%20Tetzeli;https://www.google.com/search?q=Steve%20Jobs%20Olmak%20-%20Kendini%20Bilmez%20Bir%20Kustahin,%20Vizyoner%20Bir%20Lidere%20Donusumu%20Brent%20Schlender,%20Rick%20Tetzeli&tbm=isch;1288; ;
2287;Steve Jobs - Apple - Dev Bir Markanin Yaraticisinin Inanilmaz Hikayesi;Jeffrey S. Young, William L. Simon;Steve Jobs - Apple - Dev Bir Markanin Yaraticisinin Inanilmaz Hikayesi. Jeffrey S. Young, William L. Simon;yes;;;2009;392;category?;read?;-;tbr?;reread?;E-1;homelibrary;https://www.google.com/search?q=Steve%20Jobs%20-%20Apple%20-%20Dev%20Bir%20Markanin%20Yaraticisinin%20Inanilmaz%20Hikayesi%20Jeffrey%20S.%20Young;https://www.google.com/search?q=Steve%20Jobs%20-%20Apple%20-%20Dev%20Bir%20Markanin%20Yaraticisinin%20Inanilmaz%20Hikayesi%20Jeffrey%20S.%20Young&tbm=isch;1287; ;
2286;Steve Jobs;Walter Isaacson;Steve Jobs. Walter Isaacson;no;;;2014;540;category?;✅;-;tbr?;reread?;C-1;homelibrary;https://www.google.com/search?q=Steve%20Jobs%20Walter%20Isaacson;https://www.google.com/search?q=Steve%20Jobs%20Walter%20Isaacson&tbm=isch;1286; ;
2285;Statu Endisesi;Alain De Botton;Statu Endisesi. Alain De Botton;yes;;;2017;336;category?;read?;-;📋;reread?;D-4;homelibrary;https://www.google.com/search?q=Statu%20Endisesi%20Alain%20De%20Botton;https://www.google.com/search?q=Statu%20Endisesi%20Alain%20De%20Botton&tbm=isch;1285; ;
2284;Start Where You Are - Kisisel Kesif Icin Bir Gunluk;Meera Lee Patel;Start Where You Are - Kisisel Kesif Icin Bir Gunluk. Meera Lee Patel;yes;;;2016;128;category?;✅;-;tbr?;📖;E-4;homelibrary;https://www.google.com/search?q=Start%20Where%20You%20Are%20-%20Kisisel%20Kesif%20Icin%20Bir%20Gunluk%20Meera%20Lee%20Patel;https://www.google.com/search?q=Start%20Where%20You%20Are%20-%20Kisisel%20Kesif%20Icin%20Bir%20Gunluk%20Meera%20Lee%20Patel&tbm=isch;1284; ;
2283;Starbucks Hayatimi Nasil Kurtardi;Michael Gates Gill;Starbucks Hayatimi Nasil Kurtardi. Michael Gates Gill;released;;yes;2007;266;Biography & Life Stories;✅;-;tbr?;reread?;F-3;homelibrary;https://www.google.com/search?q=Starbucks%20Hayatimi%20Nasil%20Kurtardi%20Michael%20Gates%20Gill;https://www.google.com/search?q=Starbucks%20Hayatimi%20Nasil%20Kurtardi%20Michael%20Gates%20Gill&tbm=isch;1283; ;
2282;Starbucks Deneyimi (Mucizesi);Joseph A. Michelli;Starbucks Deneyimi (Mucizesi). Joseph A. Michelli;released;;yes;2010;196;category?;read?;-;tbr?;reread?;F-3;homelibrary;https://www.google.com/search?q=Starbucks%20Deneyimi%20(Mucizesi)%20Joseph%20A.%20Michelli;https://www.google.com/search?q=Starbucks%20Deneyimi%20(Mucizesi)%20Joseph%20A.%20Michelli&tbm=isch;1282; ;
2281;Starbucks - Gonlunu Ise Vermek;Howard Schultz, Dori Jones Young;Starbucks - Gonlunu Ise Vermek. Howard Schultz, Dori Jones Young;no;;;2018;368;category?;read?;-;tbr?;reread?;C-1;homelibrary;https://www.google.com/search?q=Starbucks%20-%20Gonlunu%20Ise%20Vermek%20Howard%20Schultz,%20Dori%20Jones%20Young;https://www.google.com/search?q=Starbucks%20-%20Gonlunu%20Ise%20Vermek%20Howard%20Schultz,%20Dori%20Jones%20Young&tbm=isch;1281; ;
2280;Spirituel Zeka;Cindy Wigglesworth;Spirituel Zeka. Cindy Wigglesworth;yes;;;2013;256;category?;read?;-;tbr?;reread?;G-6;homelibrary;https://www.google.com/search?q=Spirituel%20Zeka%20Cindy%20Wigglesworth;https://www.google.com/search?q=Spirituel%20Zeka%20Cindy%20Wigglesworth&tbm=isch;1280; ;
2279;Spirituel Yasalar - Dunya'daki Cennetin Anahtari Elinizde...;Diana Cooper;Spirituel Yasalar - Dunya'daki Cennetin Anahtari Elinizde.... Diana Cooper;yes;;;2017;232;category?;✅;-;tbr?;reread?;G-7;homelibrary;https://www.google.com/search?q=Spirituel%20Yasalar%20-%20Dunya%27daki%20Cennetin%20Anahtari%20Elinizde...%20Diana%20Cooper;https://www.google.com/search?q=Spirituel%20Yasalar%20-%20Dunya%27daki%20Cennetin%20Anahtari%20Elinizde...%20Diana%20Cooper&tbm=isch;1279; ;
2278;Sozcuklerdir Butun Derdim - Hayat ve Kitaplar Uzerine Yazilar;Ursula K. Le Guin;Sozcuklerdir Butun Derdim - Hayat ve Kitaplar Uzerine Yazilar. Ursula K. Le Guin;yes;;;2022;416;category?;read?;-;📋;reread?;D-5;homelibrary;https://www.google.com/search?q=Sozcuklerdir%20Butun%20Derdim%20-%20Hayat%20ve%20Kitaplar%20Uzerine%20Yazilar%20Ursula%20K.%20Le%20Guin;https://www.google.com/search?q=Sozcuklerdir%20Butun%20Derdim%20-%20Hayat%20ve%20Kitaplar%20Uzerine%20Yazilar%20Ursula%20K.%20Le%20Guin&tbm=isch;1278; ;
2277;Sosyolojik Dusunmek;Zygmunt Bauman;Sosyolojik Dusunmek. Zygmunt Bauman;yes;;;2015;270;category?;read?;-;📋;reread?;F-5;homelibrary;https://www.google.com/search?q=Sosyolojik%20Dusunmek%20Zygmunt%20Bauman;https://www.google.com/search?q=Sosyolojik%20Dusunmek%20Zygmunt%20Bauman&tbm=isch;1277; ;
2276;Sosyolojide Temel Kavramlar;Anthony Giddens, Philip W. Sutton;Sosyolojide Temel Kavramlar. Anthony Giddens, Philip W. Sutton;no;;;2018;416;category?;read?;-;📋;reread?;H-4;homelibrary;https://www.google.com/search?q=Sosyolojide%20Temel%20Kavramlar%20Anthony%20Giddens,%20Philip%20W.%20Sutton;https://www.google.com/search?q=Sosyolojide%20Temel%20Kavramlar%20Anthony%20Giddens,%20Philip%20W.%20Sutton&tbm=isch;1276; ;
2275;The Sociology Book - Big Ideas Simply Explained;Kolektif;The Sociology Book - Big Ideas Simply Explained. Kolektif;no;;;2019;360;category?;read?;-;tbr?;reread?;E-10;homelibrary;https://www.google.com/search?q=The%20Sociology%20Book%20-%20Big%20Ideas%20Simply%20Explained%20Kolektif;https://www.google.com/search?q=The%20Sociology%20Book%20-%20Big%20Ideas%20Simply%20Explained%20Kolektif&tbm=isch;1275; ;
2274;Sosyoloji - Kisa Fakat Elestirel Bir Giris;Anthony Giddens;Sosyoloji - Kisa Fakat Elestirel Bir Giris. Anthony Giddens;yes;;;2016;168;category?;read?;-;📋;reread?;H-1;homelibrary;https://www.google.com/search?q=Sosyoloji%20-%20Kisa%20Fakat%20Elestirel%20Bir%20Giris%20Anthony%20Giddens;https://www.google.com/search?q=Sosyoloji%20-%20Kisa%20Fakat%20Elestirel%20Bir%20Giris%20Anthony%20Giddens&tbm=isch;1274; ;
2273;Sosyoloji - Baslangic Okumalari;Anthony Giddens;Sosyoloji - Baslangic Okumalari. Anthony Giddens;no;;;2019;584;category?;read?;-;📋;reread?;H-4;homelibrary;https://www.google.com/search?q=Sosyoloji%20-%20Baslangic%20Okumalari%20Anthony%20Giddens;https://www.google.com/search?q=Sosyoloji%20-%20Baslangic%20Okumalari%20Anthony%20Giddens&tbm=isch;1273; ;
2272;Sosyalizm 101 - Bolsevikler Ve Karl Marx’tan Demokratik Sosyalistlere Kadar Sosyalizm Hakkinda Bilmeniz Gereken Her Sey;Kathleen Sears;Sosyalizm 101 - Bolsevikler Ve Karl Marx’tan Demokratik Sosyalistlere Kadar Sosyalizm Hakkinda Bilmeniz Gereken Her Sey. Kathleen Sears;released;;yes;2022;240;category?;read?;-;tbr?;reread?;F-2;homelibrary;https://www.google.com/search?q=Sosyalizm%20101%20-%20Bolsevikler%20Ve%20Karl%20Marx%E2%80%99tan%20Demokratik%20Sosyalistlere%20Kadar%20Sosyalizm%20Hakkinda%20Bilmeniz%20Gereken%20Her%20Sey%20Kathleen%20Sears;https://www.google.com/search?q=Sosyalizm%20101%20-%20Bolsevikler%20Ve%20Karl%20Marx%E2%80%99tan%20Demokratik%20Sosyalistlere%20Kadar%20Sosyalizm%20Hakkinda%20Bilmeniz%20Gereken%20Her%20Sey%20Kathleen%20Sears&tbm=isch;1272; ;
2271;Sosyal Zeka;Daniel Goleman;Sosyal Zeka. Daniel Goleman;yes;;;2019;487;category?;read?;-;tbr?;reread?;B-1;homelibrary;https://www.google.com/search?q=Sosyal%20Zeka%20Daniel%20Goleman;https://www.google.com/search?q=Sosyal%20Zeka%20Daniel%20Goleman&tbm=isch;1271; ;
2270;Sosyal Sebekelerin Sakli Gucu;Rob Cross, Andrew Parker;Sosyal Sebekelerin Sakli Gucu. Rob Cross, Andrew Parker;released;;yes;2004;244;category?;read?;-;tbr?;reread?;E-1;homelibrary;https://www.google.com/search?q=Sosyal%20Sebekelerin%20Sakli%20Gucu%20Rob%20Cross,%20Andrew%20Parker;https://www.google.com/search?q=Sosyal%20Sebekelerin%20Sakli%20Gucu%20Rob%20Cross,%20Andrew%20Parker&tbm=isch;1270; ;
2269;Sosyal Psikolojide Tutumlar ve Tutum Degisimi;Nuray Sakalli;Sosyal Psikolojide Tutumlar ve Tutum Degisimi. Nuray Sakalli;released;;yes;2017;344;category?;read?;-;tbr?;reread?;G-2;homelibrary;https://www.google.com/search?q=Sosyal%20Psikolojide%20Tutumlar%20ve%20Tutum%20Degisimi%20Nuray%20Sakalli;https://www.google.com/search?q=Sosyal%20Psikolojide%20Tutumlar%20ve%20Tutum%20Degisimi%20Nuray%20Sakalli&tbm=isch;1269; ;
2268;Sosyal Hayvan;Elliot Aronson, Joshua Aronson;Sosyal Hayvan. Elliot Aronson, Joshua Aronson;yes;;;2022;496;category?;read?;-;📋;reread?;B-9;homelibrary;https://www.google.com/search?q=Sosyal%20Hayvan%20Elliot%20Aronson,%20Joshua%20Aronson;https://www.google.com/search?q=Sosyal%20Hayvan%20Elliot%20Aronson,%20Joshua%20Aronson&tbm=isch;1268; ;
2267;Sosyal Etkiler - Kim Kimi Nasil Etkiler?;Nuray Sakalli;Sosyal Etkiler - Kim Kimi Nasil Etkiler?. Nuray Sakalli;released;;yes;2016;255;category?;read?;-;tbr?;reread?;H-4;homelibrary;https://www.google.com/search?q=Sosyal%20Etkiler%20-%20Kim%20Kimi%20Nasil%20Etkiler?%20Nuray%20Sakalli;https://www.google.com/search?q=Sosyal%20Etkiler%20-%20Kim%20Kimi%20Nasil%20Etkiler?%20Nuray%20Sakalli&tbm=isch;1267; ;
2266;Sosyal Aglarin Sasirtici Gucu ve Hayatimizi Bicimlendiren Etkisi;James Fowler, Nicholas Christakis;Sosyal Aglarin Sasirtici Gucu ve Hayatimizi Bicimlendiren Etkisi. James Fowler, Nicholas Christakis;yes;;;2012;392;category?;✅;-;tbr?;📖;C-7;homelibrary;https://www.google.com/search?q=Sosyal%20Aglarin%20Sasirtici%20Gucu%20ve%20Hayatimizi%20Bicimlendiren%20Etkisi%20James%20Fowler,%20Nicholas%20Christakis;https://www.google.com/search?q=Sosyal%20Aglarin%20Sasirtici%20Gucu%20ve%20Hayatimizi%20Bicimlendiren%20Etkisi%20James%20Fowler,%20Nicholas%20Christakis&tbm=isch;1266; ;
2265;Sorunlarla Bas Etmek Icin Boyama Kitabi ve Gunluk;Pooky Knightsmith;Sorunlarla Bas Etmek Icin Boyama Kitabi ve Gunluk. Pooky Knightsmith;no;;;2018;208;category?;read?;-;📋;reread?;E-5;homelibrary;https://www.google.com/search?q=Sorunlarla%20Bas%20Etmek%20Icin%20Boyama%20Kitabi%20ve%20Gunluk%20Pooky%20Knightsmith;https://www.google.com/search?q=Sorunlarla%20Bas%20Etmek%20Icin%20Boyama%20Kitabi%20ve%20Gunluk%20Pooky%20Knightsmith&tbm=isch;1265; ;
2264;Sorumluluk Devrimi;Jeffrey Hollender;Sorumluluk Devrimi. Jeffrey Hollender;yes;;;2012;248;category?;read?;-;📋;reread?;B-2;homelibrary;https://www.google.com/search?q=Sorumluluk%20Devrimi%20Jeffrey%20Hollender;https://www.google.com/search?q=Sorumluluk%20Devrimi%20Jeffrey%20Hollender&tbm=isch;1264; ;
2263;Soru Kitabi - Nasil Bir Insansiniz?;Mikael Krogerus, Roman Tschappeler;Soru Kitabi - Nasil Bir Insansiniz?. Mikael Krogerus, Roman Tschappeler;no;;;2013;176;category?;read?;-;tbr?;reread?;F-1;homelibrary;https://www.google.com/search?q=Soru%20Kitabi%20-%20Nasil%20Bir%20Insansiniz?%20Mikael%20Krogerus,%20Roman%20Tschappeler;https://www.google.com/search?q=Soru%20Kitabi%20-%20Nasil%20Bir%20Insansiniz?%20Mikael%20Krogerus,%20Roman%20Tschappeler&tbm=isch;1263; ;
2262;Sonsuz Olanak;Joseph Pine, Kim C. Korn;Sonsuz Olanak. Joseph Pine, Kim C. Korn;yes;;;2012;342;category?;read?;-;📋;reread?;A-2;homelibrary;https://www.google.com/search?q=Sonsuz%20Olanak%20Joseph%20Pine,%20Kim%20C.%20Korn;https://www.google.com/search?q=Sonsuz%20Olanak%20Joseph%20Pine,%20Kim%20C.%20Korn&tbm=isch;1262; ;
2261;Sonsuz Dikkat Daginikligi - Gundelik Yasamda Sosyal Medyaya Odaklanmak;Dominic Pettman;Sonsuz Dikkat Daginikligi - Gundelik Yasamda Sosyal Medyaya Odaklanmak. Dominic Pettman;n/a;;;2017;126;Technology & the Digital World;✅;-;tbr?;📖;C-8;house-2;https://www.google.com/search?q=Sonsuz%20Dikkat%20Daginikligi%20-%20Gundelik%20Yasamda%20Sosyal%20Medyaya%20Odaklanmak%20Dominic%20Pettman;https://www.google.com/search?q=Sonsuz%20Dikkat%20Daginikligi%20-%20Gundelik%20Yasamda%20Sosyal%20Medyaya%20Odaklanmak%20Dominic%20Pettman&tbm=isch;1261; ;
2260;Son Icadimiz - Yapay Zeka ve Insanlik Caginin Sonu;James Barrat;Son Icadimiz - Yapay Zeka ve Insanlik Caginin Sonu. James Barrat;yes;;;2020;336;category?;✅;-;tbr?;📖;C-5;homelibrary;https://www.google.com/search?q=Son%20Icadimiz%20-%20Yapay%20Zeka%20ve%20Insanlik%20Caginin%20Sonu%20James%20Barrat;https://www.google.com/search?q=Son%20Icadimiz%20-%20Yapay%20Zeka%20ve%20Insanlik%20Caginin%20Sonu%20James%20Barrat&tbm=isch;1260; ;
2259;Son Dersler;Karen Horney;Son Dersler. Karen Horney;yes;;;2020;120;category?;read?;-;📋;reread?;A-5;homelibrary;https://www.google.com/search?q=Son%20Dersler%20Karen%20Horney;https://www.google.com/search?q=Son%20Dersler%20Karen%20Horney&tbm=isch;1259; ;
2258;Son 2000 Yilin En Buyuk Buluslari;John Brockman;Son 2000 Yilin En Buyuk Buluslari. John Brockman;yes;;;2008;176;category?;read?;-;tbr?;reread?;C-4;homelibrary;https://www.google.com/search?q=Son%202000%20Yilin%20En%20Buyuk%20Buluslari%20John%20Brockman;https://www.google.com/search?q=Son%202000%20Yilin%20En%20Buyuk%20Buluslari%20John%20Brockman&tbm=isch;1258; ;
2257;Sokrates'le Bir Aksam Yemegi;Steve Jobs;Sokrates'le Bir Aksam Yemegi. Steve Jobs;released;;yes;2016;178;category?;read?;-;tbr?;reread?;E-2;homelibrary;https://www.google.com/search?q=Sokrates%27le%20Bir%20Aksam%20Yemegi%20Steve%20Jobs;https://www.google.com/search?q=Sokrates%27le%20Bir%20Aksam%20Yemegi%20Steve%20Jobs&tbm=isch;1257; ;
2256;Sok Doktrini - Felaket Kapitalizminin Yukselisi;Naomi Klein;Sok Doktrini - Felaket Kapitalizminin Yukselisi. Naomi Klein;yes;;;2010;674;History & Political Thought;✅;-;tbr?;reread?;G-5;homelibrary;https://www.google.com/search?q=Sok%20Doktrini%20-%20Felaket%20Kapitalizminin%20Yukselisi%20Naomi%20Klein;https://www.google.com/search?q=Sok%20Doktrini%20-%20Felaket%20Kapitalizminin%20Yukselisi%20Naomi%20Klein&tbm=isch;1256; ;
2255;Sok - Gelecek Korkusu;Alvin Toffler;Sok - Gelecek Korkusu. Alvin Toffler;yes;;;2011;508;category?;read?;-;📋;reread?;E-3;homelibrary;https://www.google.com/search?q=Sok%20-%20Gelecek%20Korkusu%20Alvin%20Toffler;https://www.google.com/search?q=Sok%20-%20Gelecek%20Korkusu%20Alvin%20Toffler&tbm=isch;1255; ;
2254;Soguk Yakinliklar - Duygusal Kapitalizmin Sekillenmesi;Eva Illouz;Soguk Yakinliklar - Duygusal Kapitalizmin Sekillenmesi. Eva Illouz;n/a;;;2021;168;category?;read?;-;📋;reread?;A-5;house-2;https://www.google.com/search?q=Soguk%20Yakinliklar%20-%20Duygusal%20Kapitalizmin%20Sekillenmesi%20Eva%20Illouz;https://www.google.com/search?q=Soguk%20Yakinliklar%20-%20Duygusal%20Kapitalizmin%20Sekillenmesi%20Eva%20Illouz&tbm=isch;1254; ;
2253;Sofie'nin Dunyasi Felsefe Tarihi Uzerine Bir Roman;Jostein Gaarder;Sofie'nin Dunyasi Felsefe Tarihi Uzerine Bir Roman. Jostein Gaarder;no;;;2017;591;category?;read?;-;📋;reread?;H-8;homelibrary;https://www.google.com/search?q=Sofie%27nin%20Dunyasi%20Felsefe%20Tarihi%20Uzerine%20Bir%20Roman%20Jostein%20Gaarder;https://www.google.com/search?q=Sofie%27nin%20Dunyasi%20Felsefe%20Tarihi%20Uzerine%20Bir%20Roman%20Jostein%20Gaarder&tbm=isch;1253; ;
2252;Snowden Dosyasi;Luke Harding;Snowden Dosyasi. Luke Harding;no;;;2014;320;category?;read?;-;tbr?;reread?;C-1;homelibrary;https://www.google.com/search?q=Snowden%20Dosyasi%20Luke%20Harding;https://www.google.com/search?q=Snowden%20Dosyasi%20Luke%20Harding&tbm=isch;1252; ;
2251;Small Data - Devasa Trendleri Aciga Cikaran Kucuk Ipuclari;Martin Lindstrom;Small Data - Devasa Trendleri Aciga Cikaran Kucuk Ipuclari. Martin Lindstrom;no;;;2016;272;category?;✅;-;tbr?;📖;A-2;homelibrary;https://www.google.com/search?q=Small%20Data%20-%20Devasa%20Trendleri%20Aciga%20Cikaran%20Kucuk%20Ipuclari%20Martin%20Lindstrom;https://www.google.com/search?q=Small%20Data%20-%20Devasa%20Trendleri%20Aciga%20Cikaran%20Kucuk%20Ipuclari%20Martin%20Lindstrom&tbm=isch;1251; ;
2250;Slow Food Devrimi;Carlo Petrini, Gigi Padovani;Slow Food Devrimi. Carlo Petrini, Gigi Padovani;yes;;;2012;160;category?;read?;-;tbr?;reread?;F-6;homelibrary;https://www.google.com/search?q=Slow%20Food%20Devrimi%20Carlo%20Petrini,%20Gigi%20Padovani;https://www.google.com/search?q=Slow%20Food%20Devrimi%20Carlo%20Petrini,%20Gigi%20Padovani&tbm=isch;1250; ;
2249;Sizma Sanati;William L. Simon, Kevin D. Mitnick;Sizma Sanati. William L. Simon, Kevin D. Mitnick;yes;;;2013;300;category?;read?;-;📋;reread?;E-9;homelibrary;https://www.google.com/search?q=Sizma%20Sanati%20William%20L.%20Simon,%20Kevin%20D.%20Mitnick;https://www.google.com/search?q=Sizma%20Sanati%20William%20L.%20Simon,%20Kevin%20D.%20Mitnick&tbm=isch;1249; ;
2248;Sizi Mutluluk Denizinde Yuzdurecek Eglenceli Seyler;Mr. Wonderful;Sizi Mutluluk Denizinde Yuzdurecek Eglenceli Seyler. Mr. Wonderful;no;;;2016;148;category?;read?;-;📋;reread?;E-5;homelibrary;https://www.google.com/search?q=Sizi%20Mutluluk%20Denizinde%20Yuzdurecek%20Eglenceli%20Seyler%20Mr.%20Wonderful;https://www.google.com/search?q=Sizi%20Mutluluk%20Denizinde%20Yuzdurecek%20Eglenceli%20Seyler%20Mr.%20Wonderful&tbm=isch;1248; ;
2247;Siyaset Nedir? - Temel Kavramlar ve Guncel Tartismalar;Iain Mackenzie;Siyaset Nedir? - Temel Kavramlar ve Guncel Tartismalar. Iain Mackenzie;yes;;;2021;224;category?;read?;-;📋;reread?;G-5;homelibrary;https://www.google.com/search?q=Siyaset%20Nedir?%20-%20Temel%20Kavramlar%20ve%20Guncel%20Tartismalar%20Iain%20Mackenzie;https://www.google.com/search?q=Siyaset%20Nedir?%20-%20Temel%20Kavramlar%20ve%20Guncel%20Tartismalar%20Iain%20Mackenzie&tbm=isch;1247; ;
2246;Siyaset Felsefesine Giris - Birey, Toplum, Devlet ve Uluslararasi Iliskiler Baglaminda Siyasi Ideolojiler;Alexander Moseley;Siyaset Felsefesine Giris - Birey, Toplum, Devlet ve Uluslararasi Iliskiler Baglaminda Siyasi Ideolojiler. Alexander Moseley;no;;;2020;288;category?;read?;-;📋;reread?;G-5;homelibrary;https://www.google.com/search?q=Siyaset%20Felsefesine%20Giris%20-%20Birey,%20Toplum,%20Devlet%20ve%20Uluslararasi%20Iliskiler%20Baglaminda%20Siyasi%20Ideolojiler%20Alexander%20Moseley;https://www.google.com/search?q=Siyaset%20Felsefesine%20Giris%20-%20Birey,%20Toplum,%20Devlet%20ve%20Uluslararasi%20Iliskiler%20Baglaminda%20Siyasi%20Ideolojiler%20Alexander%20Moseley&tbm=isch;1246; ;
2245;Siyah Kugu - Olasiliksiz Gorunenin Etkisi;Nassim Nicholas Taleb;Siyah Kugu - Olasiliksiz Gorunenin Etkisi. Nassim Nicholas Taleb;n/a;;;2011;511;category?;✅;-;tbr?;📖;C-6;house-2;https://www.google.com/search?q=Siyah%20Kugu%20-%20Olasiliksiz%20Gorunenin%20Etkisi%20Nassim%20Nicholas%20Taleb;https://www.google.com/search?q=Siyah%20Kugu%20-%20Olasiliksiz%20Gorunenin%20Etkisi%20Nassim%20Nicholas%20Taleb&tbm=isch;1245; ;
2244;Sisu’nun Pesinde;Katja Pantzar;Sisu’nun Pesinde. Katja Pantzar;no;;;2018;275;category?;✅;-;tbr?;reread?;E-5;homelibrary;https://www.google.com/search?q=Sisu%E2%80%99nun%20Pesinde%20Katja%20Pantzar;https://www.google.com/search?q=Sisu%E2%80%99nun%20Pesinde%20Katja%20Pantzar&tbm=isch;1244; ;
2243;Sistemlerle Dusunmek;Donella Meadows;Sistemlerle Dusunmek. Donella Meadows;yes;;;2021;220;category?;read?;-;📋;reread?;D-6;homelibrary;https://www.google.com/search?q=Sistemlerle%20Dusunmek%20Donella%20Meadows;https://www.google.com/search?q=Sistemlerle%20Dusunmek%20Donella%20Meadows&tbm=isch;1243; ;
2242;The Why of Work - How Great Leaders Build Abundant Organizations That Win;David Ulrich, Wendy Ulrich, Marshall Goldsmith;The Why of Work - How Great Leaders Build Abundant Organizations That Win. David Ulrich, Wendy Ulrich, Marshall Goldsmith;no;;;2010;304;category?;read?;-;tbr?;reread?;H-7;homelibrary;https://www.google.com/search?q=The%20Why%20of%20Work%20-%20How%20Great%20Leaders%20Build%20Abundant%20Organizations%20That%20Win%20David%20Ulrich,%20Wendy%20Ulrich,%20Marshall%20Goldsmith;https://www.google.com/search?q=The%20Why%20of%20Work%20-%20How%20Great%20Leaders%20Build%20Abundant%20Organizations%20That%20Win%20David%20Ulrich,%20Wendy%20Ulrich,%20Marshall%20Goldsmith&tbm=isch;1242; ;
2241;Sirketler Yildiz Calisanlarini Neden Kaybeder?;Canan Duman;Sirketler Yildiz Calisanlarini Neden Kaybeder?. Canan Duman;no;;;2018;234;category?;read?;-;tbr?;reread?;F-1;homelibrary;https://www.google.com/search?q=Sirketler%20Yildiz%20Calisanlarini%20Neden%20Kaybeder?%20Canan%20Duman;https://www.google.com/search?q=Sirketler%20Yildiz%20Calisanlarini%20Neden%20Kaybeder?%20Canan%20Duman&tbm=isch;1241; ;
2240;Strictly Bipolar;Darian Leader;Strictly Bipolar. Darian Leader;n/a;;;2013;112;category?;read?;-;📋;reread?;F-7;house-2;https://www.google.com/search?q=Strictly%20Bipolar%20Darian%20Leader;https://www.google.com/search?q=Strictly%20Bipolar%20Darian%20Leader&tbm=isch;1240; ;
2239;Sirket ve Populer Kultur - Tuketim Psikolojisi ve Imaj Yonetimi;Ata Ozdemirci;Sirket ve Populer Kultur - Tuketim Psikolojisi ve Imaj Yonetimi. Ata Ozdemirci;no;;;2014;313;category?;read?;-;tbr?;reread?;G-3;homelibrary;https://www.google.com/search?q=Sirket%20ve%20Populer%20Kultur%20-%20Tuketim%20Psikolojisi%20ve%20Imaj%20Yonetimi%20Ata%20Ozdemirci;https://www.google.com/search?q=Sirket%20ve%20Populer%20Kultur%20-%20Tuketim%20Psikolojisi%20ve%20Imaj%20Yonetimi%20Ata%20Ozdemirci&tbm=isch;1239; ;
2238;Sirket Ittifaklari;Yves L. Doz, Gary Hamel;Sirket Ittifaklari. Yves L. Doz, Gary Hamel;released;;yes;1999;272;category?;read?;-;tbr?;reread?;E-1;homelibrary;https://www.google.com/search?q=Sirket%20Ittifaklari%20Yves%20L.%20Doz,%20Gary%20Hamel;https://www.google.com/search?q=Sirket%20Ittifaklari%20Yves%20L.%20Doz,%20Gary%20Hamel&tbm=isch;1238; ;
2237;Sirket Dini;Jesper Kunde;Sirket Dini. Jesper Kunde;no;;;2002;277;category?;read?;-;tbr?;reread?;H-1;homelibrary;https://www.google.com/search?q=Sirket%20Dini%20Jesper%20Kunde;https://www.google.com/search?q=Sirket%20Dini%20Jesper%20Kunde&tbm=isch;1237; ;
2236;Sirket Boylami;Leif Edvinsson;Sirket Boylami. Leif Edvinsson;no;;;2002;216;category?;read?;-;tbr?;reread?;E-1;homelibrary;https://www.google.com/search?q=Sirket%20Boylami%20Leif%20Edvinsson;https://www.google.com/search?q=Sirket%20Boylami%20Leif%20Edvinsson&tbm=isch;1236; ;
2235;Sirket;Joel Bakan;Sirket. Joel Bakan;yes;;;2007;215;category?;read?;-;tbr?;reread?;F-5;homelibrary;https://www.google.com/search?q=Sirket%20Joel%20Bakan;https://www.google.com/search?q=Sirket%20Joel%20Bakan&tbm=isch;1235; ;
2234;Siradisi Terapi - Milton H. Erickson Psikiyatrik Teknikleri;Jay Haley;Siradisi Terapi - Milton H. Erickson Psikiyatrik Teknikleri. Jay Haley;yes;;;2016;368;category?;read?;-;tbr?;reread?;A-5;homelibrary;https://www.google.com/search?q=Siradisi%20Terapi%20-%20Milton%20H.%20Erickson%20Psikiyatrik%20Teknikleri%20Jay%20Haley;https://www.google.com/search?q=Siradisi%20Terapi%20-%20Milton%20H.%20Erickson%20Psikiyatrik%20Teknikleri%20Jay%20Haley&tbm=isch;1234; ;
2233;Sirada Ne Var? Yakin Gelecegin Trendleri;Ira Matathia, Marian Salzman;Sirada Ne Var? Yakin Gelecegin Trendleri. Ira Matathia, Marian Salzman;yes;;;2007;422;category?;read?;-;tbr?;reread?;B-7;homelibrary;https://www.google.com/search?q=Sirada%20Ne%20Var?%20Yakin%20Gelecegin%20Trendleri%20Ira%20Matathia,%20Marian%20Salzman;https://www.google.com/search?q=Sirada%20Ne%20Var?%20Yakin%20Gelecegin%20Trendleri%20Ira%20Matathia,%20Marian%20Salzman&tbm=isch;1233; ;
2232;Sinyal ve Parazit - Neden Bazi Tahminler Tutar, Bazilari Tutmaz;Nate Silver;Sinyal ve Parazit - Neden Bazi Tahminler Tutar, Bazilari Tutmaz. Nate Silver;n/a;;;2018;576;category?;read?;-;📋;reread?;E-7;house-2;https://www.google.com/search?q=Sinyal%20ve%20Parazit%20-%20Neden%20Bazi%20Tahminler%20Tutar,%20Bazilari%20Tutmaz%20Nate%20Silver;https://www.google.com/search?q=Sinyal%20ve%20Parazit%20-%20Neden%20Bazi%20Tahminler%20Tutar,%20Bazilari%20Tutmaz%20Nate%20Silver&tbm=isch;1232; ;
2231;Sinirsiz Zihin - Sinirlari Asarak Ogren, Yonet Ve Yasa;Jo Boaler;Sinirsiz Zihin - Sinirlari Asarak Ogren, Yonet Ve Yasa. Jo Boaler;yes;;;2022;208;category?;read?;-;tbr?;reread?;E-8;homelibrary;https://www.google.com/search?q=Sinirsiz%20Zihin%20-%20Sinirlari%20Asarak%20Ogren,%20Yonet%20Ve%20Yasa%20Jo%20Boaler;https://www.google.com/search?q=Sinirsiz%20Zihin%20-%20Sinirlari%20Asarak%20Ogren,%20Yonet%20Ve%20Yasa%20Jo%20Boaler&tbm=isch;1231; ;
2230;Sinirsiz Kaynak - Sinirli Bir Gezegende Fikirlerin Gucu;Ramez Naam;Sinirsiz Kaynak - Sinirli Bir Gezegende Fikirlerin Gucu. Ramez Naam;yes;;;2016;412;category?;read?;-;tbr?;reread?;C-7;homelibrary;https://www.google.com/search?q=Sinirsiz%20Kaynak%20-%20Sinirli%20Bir%20Gezegende%20Fikirlerin%20Gucu%20Ramez%20Naam;https://www.google.com/search?q=Sinirsiz%20Kaynak%20-%20Sinirli%20Bir%20Gezegende%20Fikirlerin%20Gucu%20Ramez%20Naam&tbm=isch;1230; ;
2229;Yavaslamak - Hiz Caginin Sonu - Dunya, Ekonomi ve Insanlik Icin Neden Boylesi Daha Iyi?;Danny Dorling;Yavaslamak - Hiz Caginin Sonu - Dunya, Ekonomi ve Insanlik Icin Neden Boylesi Daha Iyi?. Danny Dorling;n/a;;;2023;464;category?;read?;-;📋;reread?;G-7;house-2;https://www.google.com/search?q=Yavaslamak%20-%20Hiz%20Caginin%20Sonu%20-%20Dunya,%20Ekonomi%20ve%20Insanlik%20Icin%20Neden%20Boylesi%20Daha%20Iyi?%20Danny%20Dorling;https://www.google.com/search?q=Yavaslamak%20-%20Hiz%20Caginin%20Sonu%20-%20Dunya,%20Ekonomi%20ve%20Insanlik%20Icin%20Neden%20Boylesi%20Daha%20Iyi?%20Danny%20Dorling&tbm=isch;1229; ;
2228;Sindrella Kompleksi - Cagdas Kadinin Bagimsizlik Korkusu;Colette Dowling;Sindrella Kompleksi - Cagdas Kadinin Bagimsizlik Korkusu. Colette Dowling;yes;;;2020;264;category?;✅;-;tbr?;📖;B-8;homelibrary;https://www.google.com/search?q=Sindrella%20Kompleksi%20-%20Cagdas%20Kadinin%20Bagimsizlik%20Korkusu%20Colette%20Dowling;https://www.google.com/search?q=Sindrella%20Kompleksi%20-%20Cagdas%20Kadinin%20Bagimsizlik%20Korkusu%20Colette%20Dowling&tbm=isch;1228; ;
2227;Simdi'nin Gucu Gunlugu;Eckhart Tolle;Simdi'nin Gucu Gunlugu. Eckhart Tolle;yes;;;2021;144;category?;read?;-;tbr?;reread?;G-7;homelibrary;https://www.google.com/search?q=Simdi%27nin%20Gucu%20Gunlugu%20Eckhart%20Tolle;https://www.google.com/search?q=Simdi%27nin%20Gucu%20Gunlugu%20Eckhart%20Tolle&tbm=isch;1227; ;
2226;Simdi-Burada - Insanin Amaci ve Gelecegin Alani - Var Olus Insanin Amaci ve Gelecek;Peter M. Senge, Joseph Jaworsky, C. Otto Scharmer, Betty Sue Flowers;Simdi-Burada - Insanin Amaci ve Gelecegin Alani - Var Olus Insanin Amaci ve Gelecek. Peter M. Senge, Joseph Jaworsky, C. Otto Scharmer, Betty Sue Flowers;no;;;2007;304;category?;read?;-;tbr?;reread?;H-1;homelibrary;https://www.google.com/search?q=Simdi-Burada%20-%20Insanin%20Amaci%20ve%20Gelecegin%20Alani%20-%20Var%20Olus%20Insanin%20Amaci%20ve%20Gelecek%20Peter%20M.%20Senge,%20Joseph%20Jaworsky,%20C.%20Otto%20Scharmer,%20Betty%20Sue%20Flowers;https://www.google.com/search?q=Simdi-Burada%20-%20Insanin%20Amaci%20ve%20Gelecegin%20Alani%20-%20Var%20Olus%20Insanin%20Amaci%20ve%20Gelecek%20Peter%20M.%20Senge,%20Joseph%20Jaworsky,%20C.%20Otto%20Scharmer,%20Betty%20Sue%20Flowers&tbm=isch;1226; ;
2225;Simdi, Buradayim;Alexandra Frey, Autumn Totton;Simdi, Buradayim. Alexandra Frey, Autumn Totton;yes;;;2016;192;category?;read?;-;tbr?;reread?;E-4;homelibrary;https://www.google.com/search?q=Simdi,%20Buradayim%20Alexandra%20Frey,%20Autumn%20Totton;https://www.google.com/search?q=Simdi,%20Buradayim%20Alexandra%20Frey,%20Autumn%20Totton&tbm=isch;1225; ;
2224;Simdi'nin Gucu Uygulama Kitabi - Simdi'nin Gucu'nden Esas Ogretiler ve Uygulamalar;Eckhart Tolle;Simdi'nin Gucu Uygulama Kitabi - Simdi'nin Gucu'nden Esas Ogretiler ve Uygulamalar. Eckhart Tolle;yes;;;2003;127;category?;read?;-;tbr?;reread?;G-7;homelibrary;https://www.google.com/search?q=Simdi%27nin%20Gucu%20Uygulama%20Kitabi%20-%20Simdi%27nin%20Gucu%27nden%20Esas%20Ogretiler%20ve%20Uygulamalar%20Eckhart%20Tolle;https://www.google.com/search?q=Simdi%27nin%20Gucu%20Uygulama%20Kitabi%20-%20Simdi%27nin%20Gucu%27nden%20Esas%20Ogretiler%20ve%20Uygulamalar%20Eckhart%20Tolle&tbm=isch;1224; ;
2223;Simdi'nin Gucu - Gercegi Arayanlarin Mutlaka Okumalari Gereken Bir Kitap;Eckhart Tolle;Simdi'nin Gucu - Gercegi Arayanlarin Mutlaka Okumalari Gereken Bir Kitap. Eckhart Tolle;yes;;;2001;248;category?;✅;-;tbr?;📖;G-7;homelibrary;https://www.google.com/search?q=Simdi%27nin%20Gucu%20-%20Gercegi%20Arayanlarin%20Mutlaka%20Okumalari%20Gereken%20Bir%20Kitap%20Eckhart%20Tolle;https://www.google.com/search?q=Simdi%27nin%20Gucu%20-%20Gercegi%20Arayanlarin%20Mutlaka%20Okumalari%20Gereken%20Bir%20Kitap%20Eckhart%20Tolle&tbm=isch;1223; ;
2222;Simdi Sen Dusun;Tom Standage;Simdi Sen Dusun. Tom Standage;yes;;;2017;256;category?;read?;-;tbr?;reread?;B-3;homelibrary;https://www.google.com/search?q=Simdi%20Sen%20Dusun%20Tom%20Standage;https://www.google.com/search?q=Simdi%20Sen%20Dusun%20Tom%20Standage&tbm=isch;1222; ;
2221;Simdi Ne Yapiyoruz;Gary Hamel;Simdi Ne Yapiyoruz. Gary Hamel;released;;yes;2013;312;category?;read?;-;tbr?;reread?;E-2;homelibrary;https://www.google.com/search?q=Simdi%20Ne%20Yapiyoruz%20Gary%20Hamel;https://www.google.com/search?q=Simdi%20Ne%20Yapiyoruz%20Gary%20Hamel&tbm=isch;1221; ;
2220;Simdi Anladim! - Perakende ve Kisitlar Teorisi;Eliyahu M. Goldratt;Simdi Anladim! - Perakende ve Kisitlar Teorisi. Eliyahu M. Goldratt;released;;yes;2015;215;category?;read?;-;tbr?;reread?;G-2;homelibrary;https://www.google.com/search?q=Simdi%20Anladim!%20-%20Perakende%20ve%20Kisitlar%20Teorisi%20Eliyahu%20M.%20Goldratt;https://www.google.com/search?q=Simdi%20Anladim!%20-%20Perakende%20ve%20Kisitlar%20Teorisi%20Eliyahu%20M.%20Goldratt&tbm=isch;1220; ;
2219;Sikligiyla Goz Kamastiran Kadinin 100 Vazgecilmezi;Nina Garcia;Sikligiyla Goz Kamastiran Kadinin 100 Vazgecilmezi. Nina Garcia;no;;;2010;296;category?;read?;-;tbr?;reread?;E-10;homelibrary;https://www.google.com/search?q=Sikligiyla%20Goz%20Kamastiran%20Kadinin%20100%20Vazgecilmezi%20Nina%20Garcia;https://www.google.com/search?q=Sikligiyla%20Goz%20Kamastiran%20Kadinin%20100%20Vazgecilmezi%20Nina%20Garcia&tbm=isch;1219; ;
2218;Sigmund Freud;Ender Gurol;Sigmund Freud. Ender Gurol;no;;;2011;224;category?;read?;-;tbr?;reread?;B-2;homelibrary;https://www.google.com/search?q=Sigmund%20Freud%20Ender%20Gurol;https://www.google.com/search?q=Sigmund%20Freud%20Ender%20Gurol&tbm=isch;1218; ;
2217;Sifirdan Bire;Peter Thiel, Blake Masters;Sifirdan Bire. Peter Thiel, Blake Masters;released;;yes;2016;224;Business & Economics;✅;-;tbr?;reread?;E-2;homelibrary;https://www.google.com/search?q=Sifirdan%20Bire%20Peter%20Thiel,%20Blake%20Masters;https://www.google.com/search?q=Sifirdan%20Bire%20Peter%20Thiel,%20Blake%20Masters&tbm=isch;1217; ;
2216;Sifir Atik Icin 101 Yol;Kathryn Kellogg;Sifir Atik Icin 101 Yol. Kathryn Kellogg;released;;yes;2021;256;category?;✅;-;tbr?;reread?;F-6;homelibrary;https://www.google.com/search?q=Sifir%20Atik%20Icin%20101%20Yol%20Kathryn%20Kellogg;https://www.google.com/search?q=Sifir%20Atik%20Icin%20101%20Yol%20Kathryn%20Kellogg&tbm=isch;1216; ;
2215;Sifir Atik - Tuketim Kulturu ve Gida Israfi;David Evans;Sifir Atik - Tuketim Kulturu ve Gida Israfi. David Evans;yes;;;2020;128;category?;✅;-;tbr?;reread?;F-6;homelibrary;https://www.google.com/search?q=Sifir%20Atik%20-%20Tuketim%20Kulturu%20ve%20Gida%20Israfi%20David%20Evans;https://www.google.com/search?q=Sifir%20Atik%20-%20Tuketim%20Kulturu%20ve%20Gida%20Israfi%20David%20Evans&tbm=isch;1215; ;
2214;Sifa - Zihnin Iyilestirici Gucune Dair Bilimsel Bir Yolculuk;Jo Marchant;Sifa - Zihnin Iyilestirici Gucune Dair Bilimsel Bir Yolculuk. Jo Marchant;yes;;;2018;368;category?;read?;-;📋;reread?;G-8;homelibrary;https://www.google.com/search?q=Sifa%20-%20Zihnin%20Iyilestirici%20Gucune%20Dair%20Bilimsel%20Bir%20Yolculuk%20Jo%20Marchant;https://www.google.com/search?q=Sifa%20-%20Zihnin%20Iyilestirici%20Gucune%20Dair%20Bilimsel%20Bir%20Yolculuk%20Jo%20Marchant&tbm=isch;1214; ;
2213;Sicak, Duz ve Kalabalik;Thomas Friedman;Sicak, Duz ve Kalabalik. Thomas Friedman;yes;;;2009;432;category?;read?;-;📋;reread?;G-10;homelibrary;https://www.google.com/search?q=Sicak,%20Duz%20ve%20Kalabalik%20Thomas%20Friedman;https://www.google.com/search?q=Sicak,%20Duz%20ve%20Kalabalik%20Thomas%20Friedman&tbm=isch;1213; ;
2212;Siber Savas;Richard A. Clarke, Robert K. Knake;Siber Savas. Richard A. Clarke, Robert K. Knake;released;;yes;2011;154;category?;read?;-;📋;reread?;D-9;homelibrary;https://www.google.com/search?q=Siber%20Savas%20Richard%20A.%20Clarke,%20Robert%20K.%20Knake;https://www.google.com/search?q=Siber%20Savas%20Richard%20A.%20Clarke,%20Robert%20K.%20Knake&tbm=isch;1212; ;
2211;Siber Guvenlik ve Siber Savas;P. W. Singer, Allan Friedman;Siber Guvenlik ve Siber Savas. P. W. Singer, Allan Friedman;released;;yes;2018;400;Technology & the Digital World;✅;-;tbr?;reread?;D-9;homelibrary;https://www.google.com/search?q=Siber%20Guvenlik%20ve%20Siber%20Savas%20P.%20W.%20Singer,%20Allan%20Friedman;https://www.google.com/search?q=Siber%20Guvenlik%20ve%20Siber%20Savas%20P.%20W.%20Singer,%20Allan%20Friedman&tbm=isch;1211; ;
2210;Shinrin Yolu - Orman Banyosu - Doganin Iyilestirici Gucu;Francesc Miralles, Hector Garcia;Shinrin Yolu - Orman Banyosu - Doganin Iyilestirici Gucu. Francesc Miralles, Hector Garcia;no;;;2020;184;category?;read?;-;📋;reread?;E-5;homelibrary;https://www.google.com/search?q=Shinrin%20Yolu%20-%20Orman%20Banyosu%20-%20Doganin%20Iyilestirici%20Gucu%20Francesc%20Miralles,%20Hector%20Garcia;https://www.google.com/search?q=Shinrin%20Yolu%20-%20Orman%20Banyosu%20-%20Doganin%20Iyilestirici%20Gucu%20Francesc%20Miralles,%20Hector%20Garcia&tbm=isch;1210; ;
2209;Seytan Etkisi;Philip G. Zimbardo;Seytan Etkisi. Philip G. Zimbardo;yes;;;2020;816;category?;read?;-;📋;reread?;B-4;homelibrary;https://www.google.com/search?q=Seytan%20Etkisi%20Philip%20G.%20Zimbardo;https://www.google.com/search?q=Seytan%20Etkisi%20Philip%20G.%20Zimbardo&tbm=isch;1209; ;
2208;Seyahat Sanati;Alain De Botton;Seyahat Sanati. Alain De Botton;yes;;;2014;236;category?;read?;-;📋;reread?;D-4;homelibrary;https://www.google.com/search?q=Seyahat%20Sanati%20Alain%20De%20Botton;https://www.google.com/search?q=Seyahat%20Sanati%20Alain%20De%20Botton&tbm=isch;1208; ;
2207;Sevgiye Donus;Marianne Williamson;Sevgiye Donus. Marianne Williamson;yes;;;2018;280;category?;✅;-;tbr?;📖;G-7;homelibrary;https://www.google.com/search?q=Sevgiye%20Donus%20Marianne%20Williamson;https://www.google.com/search?q=Sevgiye%20Donus%20Marianne%20Williamson&tbm=isch;1207; ;
2206;Sevgisiz Anneler;Susan Forward;Sevgisiz Anneler. Susan Forward;yes;;;2021;311;category?;✅;-;tbr?;📖;B-5;homelibrary;https://www.google.com/search?q=Sevgisiz%20Anneler%20Susan%20Forward;https://www.google.com/search?q=Sevgisiz%20Anneler%20Susan%20Forward&tbm=isch;1206; ;
2205;Sevginin Kokleri;Svagito R. Liebermeister;Sevginin Kokleri. Svagito R. Liebermeister;yes;;;2021;366;category?;read?;-;📋;reread?;A-7;homelibrary;https://www.google.com/search?q=Sevginin%20Kokleri%20Svagito%20R.%20Liebermeister;https://www.google.com/search?q=Sevginin%20Kokleri%20Svagito%20R.%20Liebermeister&tbm=isch;1205; ;
2204;Sevgili Gorunmeyen Ekonomist;Tim Harford;Sevgili Gorunmeyen Ekonomist. Tim Harford;no;;;2012;282;category?;read?;-;📋;reread?;A-8;homelibrary;https://www.google.com/search?q=Sevgili%20Gorunmeyen%20Ekonomist%20Tim%20Harford;https://www.google.com/search?q=Sevgili%20Gorunmeyen%20Ekonomist%20Tim%20Harford&tbm=isch;1204; ;
2203;Sevgi ve Dostluk Kitabi;Oprah Winfrey;Sevgi ve Dostluk Kitabi. Oprah Winfrey;yes;;;2021;152;category?;read?;-;📋;reread?;G-9;homelibrary;https://www.google.com/search?q=Sevgi%20ve%20Dostluk%20Kitabi%20Oprah%20Winfrey;https://www.google.com/search?q=Sevgi%20ve%20Dostluk%20Kitabi%20Oprah%20Winfrey&tbm=isch;1203; ;
2202;Sevdiklerimiz, Tiksindiklerimiz, Yediklerimiz - Hayvanlar Hakkinda Tutarli Dusunmek Neden Bu Kadar Zordur?;Hal Herzog;Sevdiklerimiz, Tiksindiklerimiz, Yediklerimiz - Hayvanlar Hakkinda Tutarli Dusunmek Neden Bu Kadar Zordur?. Hal Herzog;yes;;;2019;392;category?;✅;-;tbr?;📖;F-4;homelibrary;https://www.google.com/search?q=Sevdiklerimiz,%20Tiksindiklerimiz,%20Yediklerimiz%20-%20Hayvanlar%20Hakkinda%20Tutarli%20Dusunmek%20Neden%20Bu%20Kadar%20Zordur?%20Hal%20Herzog;https://www.google.com/search?q=Sevdiklerimiz,%20Tiksindiklerimiz,%20Yediklerimiz%20-%20Hayvanlar%20Hakkinda%20Tutarli%20Dusunmek%20Neden%20Bu%20Kadar%20Zordur?%20Hal%20Herzog&tbm=isch;1202; ;
2201;Sevdiginiz Yasami Tasarlayin;Ayse Birsel;Sevdiginiz Yasami Tasarlayin. Ayse Birsel;yes;;;2016;256;category?;✅;-;tbr?;📖;D-9;homelibrary;https://www.google.com/search?q=Sevdiginiz%20Yasami%20Tasarlayin%20Ayse%20Birsel;https://www.google.com/search?q=Sevdiginiz%20Yasami%20Tasarlayin%20Ayse%20Birsel&tbm=isch;1201; ;
2200;Sessizlik Uzerine;David Le Breton;Sessizlik Uzerine. David Le Breton;yes;;;2021;302;category?;read?;-;📋;reread?;A-7;homelibrary;https://www.google.com/search?q=Sessizlik%20Uzerine%20David%20Le%20Breton;https://www.google.com/search?q=Sessizlik%20Uzerine%20David%20Le%20Breton&tbm=isch;1200; ;
2199;Sessizlik Oncesi Firtina;George Friedman;Sessizlik Oncesi Firtina. George Friedman;yes;;;2022;288;category?;read?;-;tbr?;reread?;C-9;homelibrary;https://www.google.com/search?q=Sessizlik%20Oncesi%20Firtina%20George%20Friedman;https://www.google.com/search?q=Sessizlik%20Oncesi%20Firtina%20George%20Friedman&tbm=isch;1199; ;
2198;Sessiz Bahar;Rachel Carson;Sessiz Bahar. Rachel Carson;yes;;;2004;368;category?;✅;-;tbr?;📖;F-4;homelibrary;https://www.google.com/search?q=Sessiz%20Bahar%20Rachel%20Carson;https://www.google.com/search?q=Sessiz%20Bahar%20Rachel%20Carson&tbm=isch;1198; ;
2197;Serbest Dusus - Amerika, Serbest Piyasalar ve Dunya Ekonomisinin Cokusu;Joseph E. Stiglitz;Serbest Dusus - Amerika, Serbest Piyasalar ve Dunya Ekonomisinin Cokusu. Joseph E. Stiglitz;yes;;;2012;576;category?;read?;-;tbr?;reread?;H-2;homelibrary;https://www.google.com/search?q=Serbest%20Dusus%20-%20Amerika,%20Serbest%20Piyasalar%20ve%20Dunya%20Ekonomisinin%20Cokusu%20Joseph%20E.%20Stiglitz;https://www.google.com/search?q=Serbest%20Dusus%20-%20Amerika,%20Serbest%20Piyasalar%20ve%20Dunya%20Ekonomisinin%20Cokusu%20Joseph%20E.%20Stiglitz&tbm=isch;1197; ;
2196;Sensiz Ben;Lisa Swerling, Ralph Lazar;Sensiz Ben. Lisa Swerling, Ralph Lazar;released;;yes;2018;96;category?;read?;-;tbr?;reread?;D-5;homelibrary;https://www.google.com/search?q=Sensiz%20Ben%20Lisa%20Swerling,%20Ralph%20Lazar;https://www.google.com/search?q=Sensiz%20Ben%20Lisa%20Swerling,%20Ralph%20Lazar&tbm=isch;1196; ;
2195;Senlikli Toplum;Ivan Illich;Senlikli Toplum. Ivan Illich;yes;;;2015;128;category?;read?;-;tbr?;reread?;E-7;homelibrary;https://www.google.com/search?q=Senlikli%20Toplum%20Ivan%20Illich;https://www.google.com/search?q=Senlikli%20Toplum%20Ivan%20Illich&tbm=isch;1195; ;
2194;Seninle Baslamadi Gunlugu;Mark Wolynn;Seninle Baslamadi Gunlugu. Mark Wolynn;yes;;;2022;192;category?;read?;-;tbr?;reread?;E-4;homelibrary;https://www.google.com/search?q=Seninle%20Baslamadi%20Gunlugu%20Mark%20Wolynn;https://www.google.com/search?q=Seninle%20Baslamadi%20Gunlugu%20Mark%20Wolynn&tbm=isch;1194; ;
2193;Seninle Baslamadi;Mark Wolynn;Seninle Baslamadi. Mark Wolynn;yes;;;2016;280;category?;✅;-;tbr?;📖;B-3;homelibrary;https://www.google.com/search?q=Seninle%20Baslamadi%20Mark%20Wolynn;https://www.google.com/search?q=Seninle%20Baslamadi%20Mark%20Wolynn&tbm=isch;1193; ;
2192;Senin Tehlikeli Fikrin Ne?;John Brockman;Senin Tehlikeli Fikrin Ne?. John Brockman;no;;;2009;320;category?;read?;-;tbr?;reread?;G-1;homelibrary;https://www.google.com/search?q=Senin%20Tehlikeli%20Fikrin%20Ne?%20John%20Brockman;https://www.google.com/search?q=Senin%20Tehlikeli%20Fikrin%20Ne?%20John%20Brockman&tbm=isch;1192; ;
2191;Senin Bedenin Senin Yogan;Bernie Ckark;Senin Bedenin Senin Yogan. Bernie Ckark;no;;;2022;273;category?;read?;-;tbr?;reread?;F-9;homelibrary;https://www.google.com/search?q=Senin%20Bedenin%20Senin%20Yogan%20Bernie%20Ckark;https://www.google.com/search?q=Senin%20Bedenin%20Senin%20Yogan%20Bernie%20Ckark&tbm=isch;1191; ;
2190;Sen Basla Gerisi Gelir;Ben Casnocha, Reid Hoffman;Sen Basla Gerisi Gelir. Ben Casnocha, Reid Hoffman;released;;yes;2014;222;category?;read?;-;tbr?;reread?;A-1;homelibrary;https://www.google.com/search?q=Sen%20Basla%20Gerisi%20Gelir%20Ben%20Casnocha,%20Reid%20Hoffman;https://www.google.com/search?q=Sen%20Basla%20Gerisi%20Gelir%20Ben%20Casnocha,%20Reid%20Hoffman&tbm=isch;1190; ;
2189;Sema Terapi - Ayirici Ozellikler;Jeffrey E. Young, Eshkol Rafaeli, David P. Bernstein;Sema Terapi - Ayirici Ozellikler. Jeffrey E. Young, Eshkol Rafaeli, David P. Bernstein;yes;;;2013;176;category?;read?;-;📋;reread?;A-7;homelibrary;https://www.google.com/search?q=Sema%20Terapi%20-%20Ayirici%20Ozellikler%20Jeffrey%20E.%20Young,%20Eshkol%20Rafaeli,%20David%20P.%20Bernstein;https://www.google.com/search?q=Sema%20Terapi%20-%20Ayirici%20Ozellikler%20Jeffrey%20E.%20Young,%20Eshkol%20Rafaeli,%20David%20P.%20Bernstein&tbm=isch;1189; ;
2188;Sema Terapi;Jeffrey E. Young, Janet S. Klosko, M. E. Weishaar;Sema Terapi. Jeffrey E. Young, Janet S. Klosko, M. E. Weishaar;yes;;;2017;616;category?;read?;-;📋;reread?;B-4;homelibrary;https://www.google.com/search?q=Sema%20Terapi%20Jeffrey%20E.%20Young,%20Janet%20S.%20Klosko,%20M.%20E.%20Weishaar;https://www.google.com/search?q=Sema%20Terapi%20Jeffrey%20E.%20Young,%20Janet%20S.%20Klosko,%20M.%20E.%20Weishaar&tbm=isch;1188; ;
2187;Seffaflik Toplumu;Byung-Chul Han;Seffaflik Toplumu. Byung-Chul Han;yes;;;2017;84;category?;read?;-;📋;reread?;E-7;homelibrary;https://www.google.com/search?q=Seffaflik%20Toplumu%20Byung-Chul%20Han;https://www.google.com/search?q=Seffaflik%20Toplumu%20Byung-Chul%20Han&tbm=isch;1187; ;
2186;Seffaflik;Daniel Goleman, Warren Bennis, James O'Toole;Seffaflik. Daniel Goleman, Warren Bennis, James O'Toole;yes;;;2010;144;category?;✅;-;tbr?;📖;B-1;homelibrary;https://www.google.com/search?q=Seffaflik%20Daniel%20Goleman,%20Warren%20Bennis,%20James%20O%27Toole;https://www.google.com/search?q=Seffaflik%20Daniel%20Goleman,%20Warren%20Bennis,%20James%20O%27Toole&tbm=isch;1186; ;
2185;Sectigimiz Gelecek;Christiana Figueres , Tom Rivett Carnac;Sectigimiz Gelecek. Christiana Figueres , Tom Rivett Carnac;yes;;;2021;182;category?;read?;-;📋;reread?;H-6;homelibrary;https://www.google.com/search?q=Sectigimiz%20Gelecek%20Christiana%20Figueres%20,%20Tom%20Rivett%20Carnac;https://www.google.com/search?q=Sectigimiz%20Gelecek%20Christiana%20Figueres%20,%20Tom%20Rivett%20Carnac&tbm=isch;1185; ;
2184;Sazan Avi - Manipulasyon ve Hile Ekonomisi;Robert J. Shiller, George A. Akerlof;Sazan Avi - Manipulasyon ve Hile Ekonomisi. Robert J. Shiller, George A. Akerlof;yes;;;2017;340;category?;read?;-;📋;reread?;A-10;homelibrary;https://www.google.com/search?q=Sazan%20Avi%20-%20Manipulasyon%20ve%20Hile%20Ekonomisi%20Robert%20J.%20Shiller,%20George%20A.%20Akerlof;https://www.google.com/search?q=Sazan%20Avi%20-%20Manipulasyon%20ve%20Hile%20Ekonomisi%20Robert%20J.%20Shiller,%20George%20A.%20Akerlof&tbm=isch;1184; ;
2183;Sayisal Zeka - Matematik ve Fende Basarili Olmanin Sirlari (Cebirden Kalmis Olsaniz Bile);Barbara Oakley;Sayisal Zeka - Matematik ve Fende Basarili Olmanin Sirlari (Cebirden Kalmis Olsaniz Bile). Barbara Oakley;yes;;;2020;360;category?;read?;-;📋;reread?;E-8;homelibrary;https://www.google.com/search?q=Sayisal%20Zeka%20-%20Matematik%20ve%20Fende%20Basarili%20Olmanin%20Sirlari%20(Cebirden%20Kalmis%20Olsaniz%20Bile)%20Barbara%20Oakley;https://www.google.com/search?q=Sayisal%20Zeka%20-%20Matematik%20ve%20Fende%20Basarili%20Olmanin%20Sirlari%20(Cebirden%20Kalmis%20Olsaniz%20Bile)%20Barbara%20Oakley&tbm=isch;1183; ;
2182;Savasin Gelecegi - 21. Yuzyilda Guc, Teknoloji ve Amerikan Dunya Egemenligi;George Friedman, Meredith Friedman;Savasin Gelecegi - 21. Yuzyilda Guc, Teknoloji ve Amerikan Dunya Egemenligi. George Friedman, Meredith Friedman;yes;;;2015;568;category?;read?;-;tbr?;reread?;F-2;homelibrary;https://www.google.com/search?q=Savasin%20Gelecegi%20-%2021.%20Yuzyilda%20Guc,%20Teknoloji%20ve%20Amerikan%20Dunya%20Egemenligi%20George%20Friedman,%20Meredith%20Friedman;https://www.google.com/search?q=Savasin%20Gelecegi%20-%2021.%20Yuzyilda%20Guc,%20Teknoloji%20ve%20Amerikan%20Dunya%20Egemenligi%20George%20Friedman,%20Meredith%20Friedman&tbm=isch;1182; ;
2181;Savasci Tanrica’nin Bilgeligi;Heatherash Amara;Savasci Tanrica’nin Bilgeligi. Heatherash Amara;yes;;;2020;204;category?;read?;-;tbr?;reread?;G-6;homelibrary;https://www.google.com/search?q=Savasci%20Tanrica%E2%80%99nin%20Bilgeligi%20Heatherash%20Amara;https://www.google.com/search?q=Savasci%20Tanrica%E2%80%99nin%20Bilgeligi%20Heatherash%20Amara&tbm=isch;1181; ;
2180;Savasci Tanrica'nin Yolu;Heatherash Amara;Savasci Tanrica'nin Yolu. Heatherash Amara;yes;;;2016;208;category?;✅;-;tbr?;reread?;G-6;homelibrary;https://www.google.com/search?q=Savasci%20Tanrica%27nin%20Yolu%20Heatherash%20Amara;https://www.google.com/search?q=Savasci%20Tanrica%27nin%20Yolu%20Heatherash%20Amara&tbm=isch;1180; ;
2179;Savas Bulmacasi;John A. Vasquez;Savas Bulmacasi. John A. Vasquez;released;;yes;2015;468;category?;read?;-;tbr?;reread?;G-2;homelibrary;https://www.google.com/search?q=Savas%20Bulmacasi%20John%20A.%20Vasquez;https://www.google.com/search?q=Savas%20Bulmacasi%20John%20A.%20Vasquez&tbm=isch;1179; ;
2178;Satisin Yeni Kurallari - Insanlari Harekete Gecirmenin Sirlari;Daniel H. Pink;Satisin Yeni Kurallari - Insanlari Harekete Gecirmenin Sirlari. Daniel H. Pink;released;;yes;2017;272;category?;read?;-;tbr?;reread?;B-1;homelibrary;https://www.google.com/search?q=Satisin%20Yeni%20Kurallari%20-%20Insanlari%20Harekete%20Gecirmenin%20Sirlari%20Daniel%20H.%20Pink;https://www.google.com/search?q=Satisin%20Yeni%20Kurallari%20-%20Insanlari%20Harekete%20Gecirmenin%20Sirlari%20Daniel%20H.%20Pink&tbm=isch;1178; ;
2177;Satin Alma Translari - Satis ve Pazarlamanin Yeni Psikolojisi;Joe Vitale;Satin Alma Translari - Satis ve Pazarlamanin Yeni Psikolojisi. Joe Vitale;released;;yes;2009;184;category?;read?;-;tbr?;reread?;A-2;homelibrary;https://www.google.com/search?q=Satin%20Alma%20Translari%20-%20Satis%20ve%20Pazarlamanin%20Yeni%20Psikolojisi%20Joe%20Vitale;https://www.google.com/search?q=Satin%20Alma%20Translari%20-%20Satis%20ve%20Pazarlamanin%20Yeni%20Psikolojisi%20Joe%20Vitale&tbm=isch;1177; ;
2176;Sasirt Kendini;Lisa Currie;Sasirt Kendini. Lisa Currie;yes;;;2018;160;category?;read?;-;tbr?;reread?;D-9;homelibrary;https://www.google.com/search?q=Sasirt%20Kendini%20Lisa%20Currie;https://www.google.com/search?q=Sasirt%20Kendini%20Lisa%20Currie&tbm=isch;1176; ;
2175;Saplantili Dusuncelerden Kurtulmak;Sally M. Winston, Martin N. Seif;Saplantili Dusuncelerden Kurtulmak. Sally M. Winston, Martin N. Seif;yes;;;2018;208;category?;read?;-;📋;reread?;A-5;homelibrary;https://www.google.com/search?q=Saplantili%20Dusuncelerden%20Kurtulmak%20Sally%20M.%20Winston,%20Martin%20N.%20Seif;https://www.google.com/search?q=Saplantili%20Dusuncelerden%20Kurtulmak%20Sally%20M.%20Winston,%20Martin%20N.%20Seif&tbm=isch;1175; ;
2174;Sans Hayatinizi Nasil Degistirir?;Richard Wiseman;Sans Hayatinizi Nasil Degistirir?. Richard Wiseman;no;;;2008;310;category?;read?;-;tbr?;reread?;C-3;homelibrary;https://www.google.com/search?q=Sans%20Hayatinizi%20Nasil%20Degistirir?%20Richard%20Wiseman;https://www.google.com/search?q=Sans%20Hayatinizi%20Nasil%20Degistirir?%20Richard%20Wiseman&tbm=isch;1174; ;
2173;Sans Faktoru;Richard Wiseman;Sans Faktoru. Richard Wiseman;no;;;2004;230;category?;read?;-;tbr?;reread?;C-3;homelibrary;https://www.google.com/search?q=Sans%20Faktoru%20Richard%20Wiseman;https://www.google.com/search?q=Sans%20Faktoru%20Richard%20Wiseman&tbm=isch;1173; ;
2172;Sanayilesmenin Gizli Tarihi;Ha-Joon Chang;Sanayilesmenin Gizli Tarihi. Ha-Joon Chang;no;;;2015;392;category?;read?;-;tbr?;reread?;F-3;homelibrary;https://www.google.com/search?q=Sanayilesmenin%20Gizli%20Tarihi%20Ha-Joon%20Chang;https://www.google.com/search?q=Sanayilesmenin%20Gizli%20Tarihi%20Ha-Joon%20Chang&tbm=isch;1172; ;
2171;Sanatcinin Yolu;Julia Cameron;Sanatcinin Yolu. Julia Cameron;yes;;;2009;316;category?;✅;-;tbr?;📖;E-8;homelibrary;https://www.google.com/search?q=Sanatcinin%20Yolu%20Julia%20Cameron;https://www.google.com/search?q=Sanatcinin%20Yolu%20Julia%20Cameron&tbm=isch;1171; ;
2170;Sanat Okulunda Ogrenilecek 101 Sey;Kit White;Sanat Okulunda Ogrenilecek 101 Sey. Kit White;no;;;2013;224;category?;✅;-;tbr?;reread?;E-4;homelibrary;https://www.google.com/search?q=Sanat%20Okulunda%20Ogrenilecek%20101%20Sey%20Kit%20White;https://www.google.com/search?q=Sanat%20Okulunda%20Ogrenilecek%20101%20Sey%20Kit%20White&tbm=isch;1170; ;
2169;Sanat 101;Eric Grzymkowski;Sanat 101. Eric Grzymkowski;no;;;2022;288;category?;read?;-;tbr?;reread?;D-3;homelibrary;https://www.google.com/search?q=Sanat%20101%20Eric%20Grzymkowski;https://www.google.com/search?q=Sanat%20101%20Eric%20Grzymkowski&tbm=isch;1169; ;
2168;Sanal Toplum - Metaverse ve Insan Deneyiminin Yeni Sinirlari;Herman Narula;Sanal Toplum - Metaverse ve Insan Deneyiminin Yeni Sinirlari. Herman Narula;yes;;;2023;232;category?;✅;-;tbr?;reread?;C-5;homelibrary;https://www.google.com/search?q=Sanal%20Toplum%20-%20Metaverse%20ve%20Insan%20Deneyiminin%20Yeni%20Sinirlari%20Herman%20Narula;https://www.google.com/search?q=Sanal%20Toplum%20-%20Metaverse%20ve%20Insan%20Deneyiminin%20Yeni%20Sinirlari%20Herman%20Narula&tbm=isch;1168; ;
2167;Salla Gitsin;Monica Sweeney;Salla Gitsin. Monica Sweeney;yes;;;2022;128;category?;read?;-;tbr?;reread?;E-4;homelibrary;https://www.google.com/search?q=Salla%20Gitsin%20Monica%20Sweeney;https://www.google.com/search?q=Salla%20Gitsin%20Monica%20Sweeney&tbm=isch;1167; ;
2166;Saklanacak Yer Yok - Edward Snowden Ulusal Guuenlik Dairesi ve ABD Gozetleme Devleti;Gleen Greenwald;Saklanacak Yer Yok - Edward Snowden Ulusal Guuenlik Dairesi ve ABD Gozetleme Devleti. Gleen Greenwald;no;;;2015;342;category?;read?;-;tbr?;reread?;H-4;homelibrary;https://www.google.com/search?q=Saklanacak%20Yer%20Yok%20-%20Edward%20Snowden%20Ulusal%20Guuenlik%20Dairesi%20ve%20ABD%20Gozetleme%20Devleti%20Gleen%20Greenwald;https://www.google.com/search?q=Saklanacak%20Yer%20Yok%20-%20Edward%20Snowden%20Ulusal%20Guuenlik%20Dairesi%20ve%20ABD%20Gozetleme%20Devleti%20Gleen%20Greenwald&tbm=isch;1166; ;
2165;Sakinlik;The School of Life;Sakinlik. The School of Life;yes;;;2023;190;category?;✅;-;tbr?;📖;D-4;homelibrary;https://www.google.com/search?q=Sakinlik%20The%20School%20of%20Life;https://www.google.com/search?q=Sakinlik%20The%20School%20of%20Life&tbm=isch;1165; ;
2164;Sakinler de Kazanir;Susan Cain;Sakinler de Kazanir. Susan Cain;yes;;;2012;415;category?;✅;-;tbr?;📖;C-6;homelibrary;https://www.google.com/search?q=Sakinler%20de%20Kazanir%20Susan%20Cain;https://www.google.com/search?q=Sakinler%20de%20Kazanir%20Susan%20Cain&tbm=isch;1164; ;
2163;Sakin Bu Kitabi Okuma;Andy Lee;Sakin Bu Kitabi Okuma. Andy Lee;no;;;2018;28;category?;read?;-;tbr?;reread?;F-9;homelibrary;https://www.google.com/search?q=Sakin%20Bu%20Kitabi%20Okuma%20Andy%20Lee;https://www.google.com/search?q=Sakin%20Bu%20Kitabi%20Okuma%20Andy%20Lee&tbm=isch;1163; ;
2162;Sahtekarlik Caginda Eglence;Michael Foley;Sahtekarlik Caginda Eglence. Michael Foley;n/a;;;2022;360;category?;read?;-;📋;reread?;A-6;house-2;https://www.google.com/search?q=Sahtekarlik%20Caginda%20Eglence%20Michael%20Foley;https://www.google.com/search?q=Sahtekarlik%20Caginda%20Eglence%20Michael%20Foley&tbm=isch;1162; ;
2161;Sahane Kitap;Neil Pasricha;Sahane Kitap. Neil Pasricha;no;;;2018;400;category?;read?;-;tbr?;reread?;E-8;homelibrary;https://www.google.com/search?q=Sahane%20Kitap%20Neil%20Pasricha;https://www.google.com/search?q=Sahane%20Kitap%20Neil%20Pasricha&tbm=isch;1161; ;
2160;Sagligin Gaspi;Ivan Illich;Sagligin Gaspi. Ivan Illich;yes;;;2014;288;category?;read?;-;tbr?;reread?;F-5;homelibrary;https://www.google.com/search?q=Sagligin%20Gaspi%20Ivan%20Illich;https://www.google.com/search?q=Sagligin%20Gaspi%20Ivan%20Illich&tbm=isch;1160; ;
2159;Sadeligin Yasalari;John Maeda;Sadeligin Yasalari. John Maeda;yes;;;2018;128;category?;✅;-;tbr?;reread?;D-8;homelibrary;https://www.google.com/search?q=Sadeligin%20Yasalari%20John%20Maeda;https://www.google.com/search?q=Sadeligin%20Yasalari%20John%20Maeda&tbm=isch;1159; ;
2158;Sadeles Rahatla - Japon Minimalizmi Danshari;Fumio Sasaki;Sadeles Rahatla - Japon Minimalizmi Danshari. Fumio Sasaki;yes;;;2019;200;category?;read?;-;📋;reread?;D-8;homelibrary;https://www.google.com/search?q=Sadeles%20Rahatla%20-%20Japon%20Minimalizmi%20Danshari%20Fumio%20Sasaki;https://www.google.com/search?q=Sadeles%20Rahatla%20-%20Japon%20Minimalizmi%20Danshari%20Fumio%20Sasaki&tbm=isch;1158; ;
2157;Sade/ce;Filiz Otay Demir;Sade/ce. Filiz Otay Demir;yes;;;2015;280;category?;read?;-;📋;reread?;D-8;homelibrary;https://www.google.com/search?q=Sade/ce%20Filiz%20Otay%20Demir;https://www.google.com/search?q=Sade/ce%20Filiz%20Otay%20Demir&tbm=isch;1157; ;
2156;Sade;Begum Basoglu, Ege Erim;Sade. Begum Basoglu, Ege Erim;yes;;;2018;168;category?;✅;-;tbr?;reread?;D-8;homelibrary;https://www.google.com/search?q=Sade%20Begum%20Basoglu,%20Ege%20Erim;https://www.google.com/search?q=Sade%20Begum%20Basoglu,%20Ege%20Erim&tbm=isch;1156; ;
2155;Sacmaliklar Cagi - Modern Hayat Neden Mutlu Olmayi Zorlastiriyor?;Michael Foley;Sacmaliklar Cagi - Modern Hayat Neden Mutlu Olmayi Zorlastiriyor?. Michael Foley;n/a;;;2016;250;Philosophy & Meaning;✅;-;tbr?;📖;A-6;house-2;https://www.google.com/search?q=Sacmaliklar%20Cagi%20-%20Modern%20Hayat%20Neden%20Mutlu%20Olmayi%20Zorlastiriyor?%20Michael%20Foley;https://www.google.com/search?q=Sacmaliklar%20Cagi%20-%20Modern%20Hayat%20Neden%20Mutlu%20Olmayi%20Zorlastiriyor?%20Michael%20Foley&tbm=isch;1155; ;
2154;Ruyalarin Yorumu;Sigmund Freud;Ruyalarin Yorumu. Sigmund Freud;yes;;;2021;648;category?;read?;-;📋;reread?;B-4;homelibrary;https://www.google.com/search?q=Ruyalarin%20Yorumu%20Sigmund%20Freud;https://www.google.com/search?q=Ruyalarin%20Yorumu%20Sigmund%20Freud&tbm=isch;1154; ;
2153;Rus Ruletinde Nasil Kazanirsiniz ve Diger Olumcul Mantik Sorulari;Thomas Byrne, Tom Cassidy;Rus Ruletinde Nasil Kazanirsiniz ve Diger Olumcul Mantik Sorulari. Thomas Byrne, Tom Cassidy;released;;yes;2010;196;category?;read?;-;tbr?;reread?;D-3;homelibrary;https://www.google.com/search?q=Rus%20Ruletinde%20Nasil%20Kazanirsiniz%20ve%20Diger%20Olumcul%20Mantik%20Sorulari%20Thomas%20Byrne,%20Tom%20Cassidy;https://www.google.com/search?q=Rus%20Ruletinde%20Nasil%20Kazanirsiniz%20ve%20Diger%20Olumcul%20Mantik%20Sorulari%20Thomas%20Byrne,%20Tom%20Cassidy&tbm=isch;1153; ;
2152;Ruhuna Pansuman;Suzi Amado;Ruhuna Pansuman. Suzi Amado;no;;;2018;96;category?;✅;-;tbr?;reread?;E-5;homelibrary;https://www.google.com/search?q=Ruhuna%20Pansuman%20Suzi%20Amado;https://www.google.com/search?q=Ruhuna%20Pansuman%20Suzi%20Amado&tbm=isch;1152; ;
2151;Ruhun Yeni Hastaliklari;Julia Kristeva;Ruhun Yeni Hastaliklari. Julia Kristeva;n/a;;;2017;253;category?;read?;-;📋;reread?;F-5;house-2;https://www.google.com/search?q=Ruhun%20Yeni%20Hastaliklari%20Julia%20Kristeva;https://www.google.com/search?q=Ruhun%20Yeni%20Hastaliklari%20Julia%20Kristeva&tbm=isch;1151; ;
2150;Ruhun Yasalari;Dan Millman;Ruhun Yasalari. Dan Millman;yes;;;2020;120;category?;✅;-;tbr?;reread?;H-8;homelibrary;https://www.google.com/search?q=Ruhun%20Yasalari%20Dan%20Millman;https://www.google.com/search?q=Ruhun%20Yasalari%20Dan%20Millman&tbm=isch;1150; ;
2149;Ruhun Arayisi - Kapitalizmin Otesi - Modern Dunyada Amac Arayisi;Charles Handy;Ruhun Arayisi - Kapitalizmin Otesi - Modern Dunyada Amac Arayisi. Charles Handy;no;;;1998;287;category?;read?;-;tbr?;reread?;G-3;homelibrary;https://www.google.com/search?q=Ruhun%20Arayisi%20-%20Kapitalizmin%20Otesi%20-%20Modern%20Dunyada%20Amac%20Arayisi%20Charles%20Handy;https://www.google.com/search?q=Ruhun%20Arayisi%20-%20Kapitalizmin%20Otesi%20-%20Modern%20Dunyada%20Amac%20Arayisi%20Charles%20Handy&tbm=isch;1149; ;
2148;Ruhsal Zekamizla Baglanti Kurmak SQ;Danah Zohar, Ian Marshall;Ruhsal Zekamizla Baglanti Kurmak SQ. Danah Zohar, Ian Marshall;yes;;;2004;396;category?;read?;-;tbr?;reread?;G-6;homelibrary;https://www.google.com/search?q=Ruhsal%20Zekamizla%20Baglanti%20Kurmak%20SQ%20Danah%20Zohar,%20Ian%20Marshall;https://www.google.com/search?q=Ruhsal%20Zekamizla%20Baglanti%20Kurmak%20SQ%20Danah%20Zohar,%20Ian%20Marshall&tbm=isch;1148; ;
2147;Ruhsal Psikoloji - On Iki Temel Yasam Dersi;Steve Rother;Ruhsal Psikoloji - On Iki Temel Yasam Dersi. Steve Rother;yes;;;2005;232;category?;✅;-;tbr?;📖;H-8;homelibrary;https://www.google.com/search?q=Ruhsal%20Psikoloji%20-%20On%20Iki%20Temel%20Yasam%20Dersi%20Steve%20Rother;https://www.google.com/search?q=Ruhsal%20Psikoloji%20-%20On%20Iki%20Temel%20Yasam%20Dersi%20Steve%20Rother&tbm=isch;1147; ;
2146;Romantik Hareket - Seks, Alisveris ve Roman;Alain De Botton;Romantik Hareket - Seks, Alisveris ve Roman. Alain De Botton;yes;;;2023;335;category?;read?;-;📋;reread?;D-4;homelibrary;https://www.google.com/search?q=Romantik%20Hareket%20-%20Seks,%20Alisveris%20ve%20Roman%20Alain%20De%20Botton;https://www.google.com/search?q=Romantik%20Hareket%20-%20Seks,%20Alisveris%20ve%20Roman%20Alain%20De%20Botton&tbm=isch;1146; ;
2145;Roma - Bilmek Istediginiz Her Sey;Klay Lamprell;Roma - Bilmek Istediginiz Her Sey. Klay Lamprell;no;;;2013;96;category?;read?;-;tbr?;reread?;E-10;homelibrary;https://www.google.com/search?q=Roma%20-%20Bilmek%20Istediginiz%20Her%20Sey%20Klay%20Lamprell;https://www.google.com/search?q=Roma%20-%20Bilmek%20Istediginiz%20Her%20Sey%20Klay%20Lamprell&tbm=isch;1145; ;
2144;Robotlarin Yukselisi - Yapay Zeka ve Issiz Bir Gelecek Tehlikesi;Martin Ford;Robotlarin Yukselisi - Yapay Zeka ve Issiz Bir Gelecek Tehlikesi. Martin Ford;yes;;;2018;336;category?;✅;-;tbr?;📖;C-5;homelibrary;https://www.google.com/search?q=Robotlarin%20Yukselisi%20-%20Yapay%20Zeka%20ve%20Issiz%20Bir%20Gelecek%20Tehlikesi%20Martin%20Ford;https://www.google.com/search?q=Robotlarin%20Yukselisi%20-%20Yapay%20Zeka%20ve%20Issiz%20Bir%20Gelecek%20Tehlikesi%20Martin%20Ford&tbm=isch;1144; ;
2143;Robotlarin Iktidari - Yapay Zeka Dunyaya Nasil Hukmedecek?;Martin Ford;Robotlarin Iktidari - Yapay Zeka Dunyaya Nasil Hukmedecek?. Martin Ford;yes;;;2022;336;category?;read?;-;📋;reread?;C-5;homelibrary;https://www.google.com/search?q=Robotlarin%20Iktidari%20-%20Yapay%20Zeka%20Dunyaya%20Nasil%20Hukmedecek?%20Martin%20Ford;https://www.google.com/search?q=Robotlarin%20Iktidari%20-%20Yapay%20Zeka%20Dunyaya%20Nasil%20Hukmedecek?%20Martin%20Ford&tbm=isch;1143; ;
2142;Robotlari Beklerken Neler Olacak? - Insan-Robot Is Birliginin Gelecegi;Julie Shah, Laura Major;Robotlari Beklerken Neler Olacak? - Insan-Robot Is Birliginin Gelecegi. Julie Shah, Laura Major;n/a;;;2022;288;category?;read?;-;📋;reread?;C-5;house-2;https://www.google.com/search?q=Robotlari%20Beklerken%20Neler%20Olacak?%20-%20Insan-Robot%20Is%20Birliginin%20Gelecegi%20Julie%20Shah,%20Laura%20Major;https://www.google.com/search?q=Robotlari%20Beklerken%20Neler%20Olacak?%20-%20Insan-Robot%20Is%20Birliginin%20Gelecegi%20Julie%20Shah,%20Laura%20Major&tbm=isch;1142; ;
2141;Rezonans Kanunu;Pierre Franckh;Rezonans Kanunu. Pierre Franckh;yes;;;2019;206;Philosophy & Meaning;✅;-;tbr?;reread?;G-9;homelibrary;https://www.google.com/search?q=Rezonans%20Kanunu%20Pierre%20Franckh;https://www.google.com/search?q=Rezonans%20Kanunu%20Pierre%20Franckh&tbm=isch;1141; ;
2140;Rezilyans;Rick Hanson;Rezilyans. Rick Hanson;no;;;2021;300;category?;read?;-;tbr?;reread?;F-3;homelibrary;https://www.google.com/search?q=Rezilyans%20Rick%20Hanson;https://www.google.com/search?q=Rezilyans%20Rick%20Hanson&tbm=isch;1140; ;
2139;Reset At - Video Oyun Sektorundeki Cokus ve Toparlanmalar;Jason Schreier;Reset At - Video Oyun Sektorundeki Cokus ve Toparlanmalar. Jason Schreier;yes;;;2022;304;category?;read?;-;📋;reread?;E-9;homelibrary;https://www.google.com/search?q=Reset%20At%20-%20Video%20Oyun%20Sektorundeki%20Cokus%20ve%20Toparlanmalar%20Jason%20Schreier;https://www.google.com/search?q=Reset%20At%20-%20Video%20Oyun%20Sektorundeki%20Cokus%20ve%20Toparlanmalar%20Jason%20Schreier&tbm=isch;1139; ;
2138;Reklamin Dili;Ugur Bati;Reklamin Dili. Ugur Bati;released;;yes;2016;341;category?;read?;-;tbr?;reread?;D-1;homelibrary;https://www.google.com/search?q=Reklamin%20Dili%20Ugur%20Bati;https://www.google.com/search?q=Reklamin%20Dili%20Ugur%20Bati&tbm=isch;1138; ;
2137;Reklamciligin Global Tarihi;Mark Tungate;Reklamciligin Global Tarihi. Mark Tungate;yes;;;2008;264;category?;read?;-;📋;reread?;A-3;homelibrary;https://www.google.com/search?q=Reklamciligin%20Global%20Tarihi%20Mark%20Tungate;https://www.google.com/search?q=Reklamciligin%20Global%20Tarihi%20Mark%20Tungate&tbm=isch;1137; ;
2136;Reklam Dunyasinin Krali David Ogilvy;Kenneth Roman;Reklam Dunyasinin Krali David Ogilvy. Kenneth Roman;released;;yes;2010;376;category?;read?;-;tbr?;reread?;A-2;homelibrary;https://www.google.com/search?q=Reklam%20Dunyasinin%20Krali%20David%20Ogilvy%20Kenneth%20Roman;https://www.google.com/search?q=Reklam%20Dunyasinin%20Krali%20David%20Ogilvy%20Kenneth%20Roman&tbm=isch;1136; ;
2135;Reklam - Zekayi Sihre Donusturmek;John Hegarty;Reklam - Zekayi Sihre Donusturmek. John Hegarty;no;;;2014;240;category?;read?;-;tbr?;reread?;A-3;homelibrary;https://www.google.com/search?q=Reklam%20-%20Zekayi%20Sihre%20Donusturmek%20John%20Hegarty;https://www.google.com/search?q=Reklam%20-%20Zekayi%20Sihre%20Donusturmek%20John%20Hegarty&tbm=isch;1135; ;
2134;Rekabette Ustunlugun Sirri - Insan;Jefferey Pfeffer;Rekabette Ustunlugun Sirri - Insan. Jefferey Pfeffer;no;;;1995;218;category?;read?;-;tbr?;reread?;E-2;homelibrary;https://www.google.com/search?q=Rekabette%20Ustunlugun%20Sirri%20-%20Insan%20Jefferey%20Pfeffer;https://www.google.com/search?q=Rekabette%20Ustunlugun%20Sirri%20-%20Insan%20Jefferey%20Pfeffer&tbm=isch;1134; ;
2133;Rekabet Ustu;Edward de Bono;Rekabet Ustu. Edward de Bono;released;;yes;1996;207;category?;read?;-;tbr?;reread?;A-1;homelibrary;https://www.google.com/search?q=Rekabet%20Ustu%20Edward%20de%20Bono;https://www.google.com/search?q=Rekabet%20Ustu%20Edward%20de%20Bono&tbm=isch;1133; ;
2132;Rekabet Stratejisi - Sektor ve Rakip Analizi Teknikleri;Michael E. Porter;Rekabet Stratejisi - Sektor ve Rakip Analizi Teknikleri. Michael E. Porter;no;;;2010;496;category?;read?;-;tbr?;reread?;D-2;homelibrary;https://www.google.com/search?q=Rekabet%20Stratejisi%20-%20Sektor%20ve%20Rakip%20Analizi%20Teknikleri%20Michael%20E.%20Porter;https://www.google.com/search?q=Rekabet%20Stratejisi%20-%20Sektor%20ve%20Rakip%20Analizi%20Teknikleri%20Michael%20E.%20Porter&tbm=isch;1132; ;
2131;Rekabet Avantajinin Sonu;Rita Gunther McGrath;Rekabet Avantajinin Sonu. Rita Gunther McGrath;no;;;2014;200;category?;read?;-;tbr?;reread?;E-1;homelibrary;https://www.google.com/search?q=Rekabet%20Avantajinin%20Sonu%20Rita%20Gunther%20McGrath;https://www.google.com/search?q=Rekabet%20Avantajinin%20Sonu%20Rita%20Gunther%20McGrath&tbm=isch;1131; ;
2130;Redstone Murekkep Testi;Kollektif;Redstone Murekkep Testi. Kollektif;no;;;2016;48;category?;read?;-;tbr?;reread?;B-9;homelibrary;https://www.google.com/search?q=Redstone%20Murekkep%20Testi%20Kollektif;https://www.google.com/search?q=Redstone%20Murekkep%20Testi%20Kollektif&tbm=isch;1130; ;
2129;Rakamlara Takilma;Margaret Heffernan;Rakamlara Takilma. Margaret Heffernan;yes;;;2016;124;Work & Career;✅;-;tbr?;📖;C-4;homelibrary;https://www.google.com/search?q=Rakamlara%20Takilma%20Margaret%20Heffernan;https://www.google.com/search?q=Rakamlara%20Takilma%20Margaret%20Heffernan&tbm=isch;1129; ;
2128;Radikal Mutluluk - Musterek Nese Anlari;Lynne Segal;Radikal Mutluluk - Musterek Nese Anlari. Lynne Segal;n/a;;;2020;302;category?;read?;-;📋;reread?;B-6;house-2;https://www.google.com/search?q=Radikal%20Mutluluk%20-%20Musterek%20Nese%20Anlari%20Lynne%20Segal;https://www.google.com/search?q=Radikal%20Mutluluk%20-%20Musterek%20Nese%20Anlari%20Lynne%20Segal&tbm=isch;1128; ;
2127;Quirkoloji - Gundelik Hayatin Tuhaf Bilimi;Richard Wiseman;Quirkoloji - Gundelik Hayatin Tuhaf Bilimi. Richard Wiseman;no;;;2012;320;category?;read?;-;tbr?;reread?;C-3;homelibrary;https://www.google.com/search?q=Quirkoloji%20-%20Gundelik%20Hayatin%20Tuhaf%20Bilimi%20Richard%20Wiseman;https://www.google.com/search?q=Quirkoloji%20-%20Gundelik%20Hayatin%20Tuhaf%20Bilimi%20Richard%20Wiseman&tbm=isch;1127; ;
2126;Purdikkat - Dikkatinizi Nasil Toplar ve Hayatinizin Kontrolunu Elinize Alirsiniz?;Nir Eyal;Purdikkat - Dikkatinizi Nasil Toplar ve Hayatinizin Kontrolunu Elinize Alirsiniz?. Nir Eyal;yes;;;2021;312;category?;read?;-;📋;reread?;C-7;homelibrary;https://www.google.com/search?q=Purdikkat%20-%20Dikkatinizi%20Nasil%20Toplar%20ve%20Hayatinizin%20Kontrolunu%20Elinize%20Alirsiniz?%20Nir%20Eyal;https://www.google.com/search?q=Purdikkat%20-%20Dikkatinizi%20Nasil%20Toplar%20ve%20Hayatinizin%20Kontrolunu%20Elinize%20Alirsiniz?%20Nir%20Eyal&tbm=isch;1126; ;
2125;Purdikkat;Cal Newport;Purdikkat. Cal Newport;yes;;;2017;224;Personal Growth & Productivity;✅;-;tbr?;📖;C-8;homelibrary;https://www.google.com/search?q=Purdikkat%20Cal%20Newport;https://www.google.com/search?q=Purdikkat%20Cal%20Newport&tbm=isch;1125; ;
2124;PSY-Q Ev Tipi Psikoloji Laboratuvari;Ben Ambridge;PSY-Q Ev Tipi Psikoloji Laboratuvari. Ben Ambridge;no;;;2016;344;Psychology & Mental Life;✅;-;tbr?;reread?;C-9;homelibrary;https://www.google.com/search?q=PSY-Q%20Ev%20Tipi%20Psikoloji%20Laboratuvari%20Ben%20Ambridge;https://www.google.com/search?q=PSY-Q%20Ev%20Tipi%20Psikoloji%20Laboratuvari%20Ben%20Ambridge&tbm=isch;1124; ;
2123;Redstone Psikotest - Kendinizi ve Arkadaslarinizi Analiz Edin;Kollektif;Redstone Psikotest - Kendinizi ve Arkadaslarinizi Analiz Edin. Kollektif;no;;;2017;48;category?;read?;-;tbr?;reread?;B-9;homelibrary;https://www.google.com/search?q=Redstone%20Psikotest%20-%20Kendinizi%20ve%20Arkadaslarinizi%20Analiz%20Edin%20Kollektif;https://www.google.com/search?q=Redstone%20Psikotest%20-%20Kendinizi%20ve%20Arkadaslarinizi%20Analiz%20Edin%20Kollektif&tbm=isch;1123; ;
2122;Psikopolitika - Neoliberalizm ve Yeni Iktidar Teknikleri;Byung-Chul Han;Psikopolitika - Neoliberalizm ve Yeni Iktidar Teknikleri. Byung-Chul Han;yes;;;2020;104;category?;read?;-;📋;reread?;H-3;homelibrary;https://www.google.com/search?q=Psikopolitika%20-%20Neoliberalizm%20ve%20Yeni%20Iktidar%20Teknikleri%20Byung-Chul%20Han;https://www.google.com/search?q=Psikopolitika%20-%20Neoliberalizm%20ve%20Yeni%20Iktidar%20Teknikleri%20Byung-Chul%20Han&tbm=isch;1122; ;
2121;Psikolojiye Giris;Kemal Sayar, Mehmet Dinc;Psikolojiye Giris. Kemal Sayar, Mehmet Dinc;yes;;;2023;176;category?;read?;-;tbr?;reread?;H-1;homelibrary;https://www.google.com/search?q=Psikolojiye%20Giris%20Kemal%20Sayar,%20Mehmet%20Dinc;https://www.google.com/search?q=Psikolojiye%20Giris%20Kemal%20Sayar,%20Mehmet%20Dinc&tbm=isch;1121; ;
2120;Psikolojide Insan Modelleri ve Yerel Insan Modellerimiz;Sibel Aysen Arkonac;Psikolojide Insan Modelleri ve Yerel Insan Modellerimiz. Sibel Aysen Arkonac;released;;yes;2008;106;category?;read?;-;tbr?;reread?;G-2;homelibrary;https://www.google.com/search?q=Psikolojide%20Insan%20Modelleri%20ve%20Yerel%20Insan%20Modellerimiz%20Sibel%20Aysen%20Arkonac;https://www.google.com/search?q=Psikolojide%20Insan%20Modelleri%20ve%20Yerel%20Insan%20Modellerimiz%20Sibel%20Aysen%20Arkonac&tbm=isch;1120; ;
2119;Psikoloji Kitabi - DK Buyuk Fikirler Serisi;Kolektif;Psikoloji Kitabi - DK Buyuk Fikirler Serisi. Kolektif;yes;;;2019;355;category?;read?;-;tbr?;reread?;E-10;homelibrary;https://www.google.com/search?q=Psikoloji%20Kitabi%20-%20DK%20Buyuk%20Fikirler%20Serisi%20Kolektif;https://www.google.com/search?q=Psikoloji%20Kitabi%20-%20DK%20Buyuk%20Fikirler%20Serisi%20Kolektif&tbm=isch;1119; ;
2118;Psikoloji 101 - Yasantimizi Bicimlendirmis 101 Fikir, Kavram ve Kuram;Adrian Furnham;Psikoloji 101 - Yasantimizi Bicimlendirmis 101 Fikir, Kavram ve Kuram. Adrian Furnham;released;;yes;2022;528;category?;read?;-;tbr?;reread?;D-3;homelibrary;https://www.google.com/search?q=Psikoloji%20101%20-%20Yasantimizi%20Bicimlendirmis%20101%20Fikir,%20Kavram%20ve%20Kuram%20Adrian%20Furnham;https://www.google.com/search?q=Psikoloji%20101%20-%20Yasantimizi%20Bicimlendirmis%20101%20Fikir,%20Kavram%20ve%20Kuram%20Adrian%20Furnham&tbm=isch;1118; ;
2117;Psikoloji Nasil Calisir?;Jo Hemmings;Psikoloji Nasil Calisir?. Jo Hemmings;no;;;2019;258;category?;read?;-;tbr?;reread?;E-10;homelibrary;https://www.google.com/search?q=Psikoloji%20Nasil%20Calisir?%20Jo%20Hemmings;https://www.google.com/search?q=Psikoloji%20Nasil%20Calisir?%20Jo%20Hemmings&tbm=isch;1117; ;
2116;Psikologlar Icin Cevrimici Arastirma Yontemleri;Neil Coulson;Psikologlar Icin Cevrimici Arastirma Yontemleri. Neil Coulson;no;;;2016;184;category?;read?;-;tbr?;reread?;C-4;homelibrary;https://www.google.com/search?q=Psikologlar%20Icin%20Cevrimici%20Arastirma%20Yontemleri%20Neil%20Coulson;https://www.google.com/search?q=Psikologlar%20Icin%20Cevrimici%20Arastirma%20Yontemleri%20Neil%20Coulson&tbm=isch;1116; ;
2115;Psikolog ve Filozof - Bir Yasam Rehberi;Julian Baggini, Antonia Macaro;Psikolog ve Filozof - Bir Yasam Rehberi. Julian Baggini, Antonia Macaro;yes;;;2014;240;category?;read?;-;📋;reread?;G-9;homelibrary;https://www.google.com/search?q=Psikolog%20ve%20Filozof%20-%20Bir%20Yasam%20Rehberi%20Julian%20Baggini,%20Antonia%20Macaro;https://www.google.com/search?q=Psikolog%20ve%20Filozof%20-%20Bir%20Yasam%20Rehberi%20Julian%20Baggini,%20Antonia%20Macaro&tbm=isch;1115; ;
2114;Psikodinamik Psikiyatri ve Normaldisi Davranislar;Engin Gectan;Psikodinamik Psikiyatri ve Normaldisi Davranislar. Engin Gectan;yes;;;2023;296;category?;read?;-;📋;reread?;C-10;homelibrary;https://www.google.com/search?q=Psikodinamik%20Psikiyatri%20ve%20Normaldisi%20Davranislar%20Engin%20Gectan;https://www.google.com/search?q=Psikodinamik%20Psikiyatri%20ve%20Normaldisi%20Davranislar%20Engin%20Gectan&tbm=isch;1114; ;
2113;Psiko-Lojik - Ruh Sagligi Neden Kotulesir ve Buna Nasil Anlam Verilir;Dean Burnett;Psiko-Lojik - Ruh Sagligi Neden Kotulesir ve Buna Nasil Anlam Verilir. Dean Burnett;yes;;;2022;320;category?;read?;-;📋;reread?;A-4;homelibrary;https://www.google.com/search?q=Psiko-Lojik%20-%20Ruh%20Sagligi%20Neden%20Kotulesir%20ve%20Buna%20Nasil%20Anlam%20Verilir%20Dean%20Burnett;https://www.google.com/search?q=Psiko-Lojik%20-%20Ruh%20Sagligi%20Neden%20Kotulesir%20ve%20Buna%20Nasil%20Anlam%20Verilir%20Dean%20Burnett&tbm=isch;1113; ;
2112;Psiko 101 - Zihin Biliminde Hizlandirilmis Kurs;Paul Kleinman;Psiko 101 - Zihin Biliminde Hizlandirilmis Kurs. Paul Kleinman;no;;;2017;330;category?;read?;-;tbr?;reread?;D-3;homelibrary;https://www.google.com/search?q=Psiko%20101%20-%20Zihin%20Biliminde%20Hizlandirilmis%20Kurs%20Paul%20Kleinman;https://www.google.com/search?q=Psiko%20101%20-%20Zihin%20Biliminde%20Hizlandirilmis%20Kurs%20Paul%20Kleinman&tbm=isch;1112; ;
2111;Employees First, Customers Second - Turning Conventional Management Upside Down;Vineet Nayar;Employees First, Customers Second - Turning Conventional Management Upside Down. Vineet Nayar;no;;;2010;198;category?;read?;-;tbr?;reread?;H-7;homelibrary;https://www.google.com/search?q=Employees%20First,%20Customers%20Second%20-%20Turning%20Conventional%20Management%20Upside%20Down%20Vineet%20Nayar;https://www.google.com/search?q=Employees%20First,%20Customers%20Second%20-%20Turning%20Conventional%20Management%20Upside%20Down%20Vineet%20Nayar&tbm=isch;1111; ;
2110;Psikanalizde Yeni Yollar;Karen Horney;Psikanalizde Yeni Yollar. Karen Horney;yes;;;2022;240;category?;read?;-;📋;reread?;A-6;homelibrary;https://www.google.com/search?q=Psikanalizde%20Yeni%20Yollar%20Karen%20Horney;https://www.google.com/search?q=Psikanalizde%20Yeni%20Yollar%20Karen%20Horney&tbm=isch;1110; ;
2109;Psikanaliz ve Sonrasi;Engin Gectan;Psikanaliz ve Sonrasi. Engin Gectan;yes;;;2020;336;category?;✅;-;tbr?;📖;C-10;homelibrary;https://www.google.com/search?q=Psikanaliz%20ve%20Sonrasi%20Engin%20Gectan;https://www.google.com/search?q=Psikanaliz%20ve%20Sonrasi%20Engin%20Gectan&tbm=isch;1109; ;
2108;Proust Yasaminizi Nasil Degistirebilir;Alain De Botton;Proust Yasaminizi Nasil Degistirebilir. Alain De Botton;yes;;;2020;200;category?;read?;-;tbr?;reread?;D-4;homelibrary;https://www.google.com/search?q=Proust%20Yasaminizi%20Nasil%20Degistirebilir%20Alain%20De%20Botton;https://www.google.com/search?q=Proust%20Yasaminizi%20Nasil%20Degistirebilir%20Alain%20De%20Botton&tbm=isch;1108; ;
2107;Proust Ve Murekkepbaligi - Okuyan Beynin Bilimi Ve Hikayesi;Maryanne Wolf;Proust Ve Murekkepbaligi - Okuyan Beynin Bilimi Ve Hikayesi. Maryanne Wolf;no;;;2017;267;category?;read?;-;tbr?;reread?;D-7;homelibrary;https://www.google.com/search?q=Proust%20Ve%20Murekkepbaligi%20-%20Okuyan%20Beynin%20Bilimi%20Ve%20Hikayesi%20Maryanne%20Wolf;https://www.google.com/search?q=Proust%20Ve%20Murekkepbaligi%20-%20Okuyan%20Beynin%20Bilimi%20Ve%20Hikayesi%20Maryanne%20Wolf&tbm=isch;1107; ;
2106;Prokrastineysin;Timothy A. Pychyl;Prokrastineysin. Timothy A. Pychyl;yes;;;2016;120;Personal Growth & Productivity;✅;-;tbr?;📖;D-8;homelibrary;https://www.google.com/search?q=Prokrastineysin%20Timothy%20A.%20Pychyl;https://www.google.com/search?q=Prokrastineysin%20Timothy%20A.%20Pychyl&tbm=isch;1106; ;
2105;Pratik Etik;Peter Singer;Pratik Etik. Peter Singer;yes;;;2021;472;category?;read?;-;📋;reread?;G-4;homelibrary;https://www.google.com/search?q=Pratik%20Etik%20Peter%20Singer;https://www.google.com/search?q=Pratik%20Etik%20Peter%20Singer&tbm=isch;1105; ;
2104;HR from the Outside In - Six Competencies for the Future of Human Resources;David Ulrich, Jon Younger, Wayne Brockbank, Mike Ulrich;HR from the Outside In - Six Competencies for the Future of Human Resources. David Ulrich, Jon Younger, Wayne Brockbank, Mike Ulrich;no;;;2012;272;category?;read?;-;tbr?;reread?;H-7;homelibrary;https://www.google.com/search?q=HR%20from%20the%20Outside%20In%20-%20Six%20Competencies%20for%20the%20Future%20of%20Human%20Resources%20David%20Ulrich,%20Jon%20Younger,%20Wayne%20Brockbank,%20Mike%20Ulrich;https://www.google.com/search?q=HR%20from%20the%20Outside%20In%20-%20Six%20Competencies%20for%20the%20Future%20of%20Human%20Resources%20David%20Ulrich,%20Jon%20Younger,%20Wayne%20Brockbank,%20Mike%20Ulrich&tbm=isch;1104; ;
2103;Postmodernizm ve Tuketim Kulturu;Mike Featherstone;Postmodernizm ve Tuketim Kulturu. Mike Featherstone;yes;;;2013;288;category?;read?;-;📋;reread?;F-5;homelibrary;https://www.google.com/search?q=Postmodernizm%20ve%20Tuketim%20Kulturu%20Mike%20Featherstone;https://www.google.com/search?q=Postmodernizm%20ve%20Tuketim%20Kulturu%20Mike%20Featherstone&tbm=isch;1103; ;
2102;Post Imaj Devri;John Grant;Post Imaj Devri. John Grant;released;;yes;2004;352;category?;read?;-;tbr?;reread?;B-2;homelibrary;https://www.google.com/search?q=Post%20Imaj%20Devri%20John%20Grant;https://www.google.com/search?q=Post%20Imaj%20Devri%20John%20Grant&tbm=isch;1102; ;
2101;Pomodoro Teknigi - Hayat Kurtaran Zaman Yonetimi Sistemi;Francesco Cirillo;Pomodoro Teknigi - Hayat Kurtaran Zaman Yonetimi Sistemi. Francesco Cirillo;released;;yes;2019;176;category?;read?;-;tbr?;reread?;C-2;homelibrary;https://www.google.com/search?q=Pomodoro%20Teknigi%20-%20Hayat%20Kurtaran%20Zaman%20Yonetimi%20Sistemi%20Francesco%20Cirillo;https://www.google.com/search?q=Pomodoro%20Teknigi%20-%20Hayat%20Kurtaran%20Zaman%20Yonetimi%20Sistemi%20Francesco%20Cirillo&tbm=isch;1101; ;
2100;Plasebo Sensin;Joe Dispenza;Plasebo Sensin. Joe Dispenza;yes;;;2018;384;category?;read?;-;📋;reread?;G-8;homelibrary;https://www.google.com/search?q=Plasebo%20Sensin%20Joe%20Dispenza;https://www.google.com/search?q=Plasebo%20Sensin%20Joe%20Dispenza&tbm=isch;1100; ;
2099;Pixar ve Otesine;Lawrence Levy;Pixar ve Otesine. Lawrence Levy;no;;;2018;368;category?;read?;-;tbr?;reread?;C-1;homelibrary;https://www.google.com/search?q=Pixar%20ve%20Otesine%20Lawrence%20Levy;https://www.google.com/search?q=Pixar%20ve%20Otesine%20Lawrence%20Levy&tbm=isch;1099; ;
2098;Pismanligin Gucu;Daniel H. Pink;Pismanligin Gucu. Daniel H. Pink;yes;;;2022;226;category?;read?;-;tbr?;reread?;A-3;homelibrary;https://www.google.com/search?q=Pismanligin%20Gucu%20Daniel%20H.%20Pink;https://www.google.com/search?q=Pismanligin%20Gucu%20Daniel%20H.%20Pink&tbm=isch;1098; ;
2097;Pis Isler - ABD’de Hayati Isler ve Esitsizligin Gizli Bedeli;Eyal Press;Pis Isler - ABD’de Hayati Isler ve Esitsizligin Gizli Bedeli. Eyal Press;yes;;;2023;328;category?;read?;-;📋;reread?;A-10;homelibrary;https://www.google.com/search?q=Pis%20Isler%20-%20ABD%E2%80%99de%20Hayati%20Isler%20ve%20Esitsizligin%20Gizli%20Bedeli%20Eyal%20Press;https://www.google.com/search?q=Pis%20Isler%20-%20ABD%E2%80%99de%20Hayati%20Isler%20ve%20Esitsizligin%20Gizli%20Bedeli%20Eyal%20Press&tbm=isch;1097; ;
2096;Piramidin Altindaki Servet - Yoksullugu Refaha Donusturmek;C. K. Prahalad;Piramidin Altindaki Servet - Yoksullugu Refaha Donusturmek. C. K. Prahalad;no;;;2008;488;category?;read?;-;📋;reread?;H-2;homelibrary;https://www.google.com/search?q=Piramidin%20Altindaki%20Servet%20-%20Yoksullugu%20Refaha%20Donusturmek%20C.%20K.%20Prahalad;https://www.google.com/search?q=Piramidin%20Altindaki%20Servet%20-%20Yoksullugu%20Refaha%20Donusturmek%20C.%20K.%20Prahalad&tbm=isch;1096; ;
2095;Piggle - Kucuk Bir Kiz Cocugunun Psikanalizle Tedavisinin Oykusu;Donald W. Winnicott;Piggle - Kucuk Bir Kiz Cocugunun Psikanalizle Tedavisinin Oykusu. Donald W. Winnicott;yes;;;2019;160;category?;✅;-;tbr?;📖;A-7;homelibrary;https://www.google.com/search?q=Piggle%20-%20Kucuk%20Bir%20Kiz%20Cocugunun%20Psikanalizle%20Tedavisinin%20Oykusu%20Donald%20W.%20Winnicott;https://www.google.com/search?q=Piggle%20-%20Kucuk%20Bir%20Kiz%20Cocugunun%20Psikanalizle%20Tedavisinin%20Oykusu%20Donald%20W.%20Winnicott&tbm=isch;1095; ;
2094;Peynirimi Kim Kapti?;Spencer Johnson;Peynirimi Kim Kapti?. Spencer Johnson;released;;yes;2011;84;category?;read?;-;tbr?;reread?;G-2;homelibrary;https://www.google.com/search?q=Peynirimi%20Kim%20Kapti?%20Spencer%20Johnson;https://www.google.com/search?q=Peynirimi%20Kim%20Kapti?%20Spencer%20Johnson&tbm=isch;1094; ;
2093;Peynir Tuzagi;Neal D. Barnard;Peynir Tuzagi. Neal D. Barnard;yes;;;2018;360;category?;✅;-;tbr?;📖;F-4;homelibrary;https://www.google.com/search?q=Peynir%20Tuzagi%20Neal%20D.%20Barnard;https://www.google.com/search?q=Peynir%20Tuzagi%20Neal%20D.%20Barnard&tbm=isch;1093; ;
2092;Permakultur Bahceleri;Toby Hemenway;Permakultur Bahceleri. Toby Hemenway;no;;;2017;288;category?;read?;-;tbr?;reread?;E-10;homelibrary;https://www.google.com/search?q=Permakultur%20Bahceleri%20Toby%20Hemenway;https://www.google.com/search?q=Permakultur%20Bahceleri%20Toby%20Hemenway&tbm=isch;1092; ;
2091;Performans Yonetimi;Richard Luecke;Performans Yonetimi. Richard Luecke;no;;;2015;175;category?;read?;-;tbr?;reread?;H-1;homelibrary;https://www.google.com/search?q=Performans%20Yonetimi%20Richard%20Luecke;https://www.google.com/search?q=Performans%20Yonetimi%20Richard%20Luecke&tbm=isch;1091; ;
2090;Penguen ve Leviathan;Yochai Benkler;Penguen ve Leviathan. Yochai Benkler;yes;;;2012;214;Society & Culture;✅;-;tbr?;📖;C-8;homelibrary;https://www.google.com/search?q=Penguen%20ve%20Leviathan%20Yochai%20Benkler;https://www.google.com/search?q=Penguen%20ve%20Leviathan%20Yochai%20Benkler&tbm=isch;1090; ;
2089;Pembe Fili Dusunme;Zeynep Selvili Carmikli;Pembe Fili Dusunme. Zeynep Selvili Carmikli;released;;yes;2018;208;category?;✅;-;tbr?;reread?;G-8;homelibrary;https://www.google.com/search?q=Pembe%20Fili%20Dusunme%20Zeynep%20Selvili%20Carmikli;https://www.google.com/search?q=Pembe%20Fili%20Dusunme%20Zeynep%20Selvili%20Carmikli&tbm=isch;1089; ;
2088;Pazarlama Metaforlari;Gerald Zaltman, Lindsay Zaltman;Pazarlama Metaforlari. Gerald Zaltman, Lindsay Zaltman;released;;yes;2017;240;category?;read?;-;tbr?;reread?;A-2;homelibrary;https://www.google.com/search?q=Pazarlama%20Metaforlari%20Gerald%20Zaltman,%20Lindsay%20Zaltman;https://www.google.com/search?q=Pazarlama%20Metaforlari%20Gerald%20Zaltman,%20Lindsay%20Zaltman&tbm=isch;1088; ;
2087;Pazarlama Gorunusumuzu Nasil Degistirdi;Mark Tungate;Pazarlama Gorunusumuzu Nasil Degistirdi. Mark Tungate;yes;;;2013;358;Consumer & Marketing;✅;-;tbr?;📖;A-3;homelibrary;https://www.google.com/search?q=Pazarlama%20Gorunusumuzu%20Nasil%20Degistirdi%20Mark%20Tungate;https://www.google.com/search?q=Pazarlama%20Gorunusumuzu%20Nasil%20Degistirdi%20Mark%20Tungate&tbm=isch;1087; ;
2086;Pazarlama 3.0;Philip Kotler, Hermawan Kartajaya, Iwan Setiawan;Pazarlama 3.0. Philip Kotler, Hermawan Kartajaya, Iwan Setiawan;released;;yes;2014;192;category?;read?;-;tbr?;reread?;H-1;homelibrary;https://www.google.com/search?q=Pazarlama%203.0%20Philip%20Kotler,%20Hermawan%20Kartajaya,%20Iwan%20Setiawan;https://www.google.com/search?q=Pazarlama%203.0%20Philip%20Kotler,%20Hermawan%20Kartajaya,%20Iwan%20Setiawan&tbm=isch;1086; ;
2085;#Girlboss;Sophia Amoruso;#Girlboss. Sophia Amoruso;no;;;2014;256;category?;✅;-;tbr?;reread?;F-1;homelibrary;https://www.google.com/search?q=#Girlboss%20Sophia%20Amoruso;https://www.google.com/search?q=#Girlboss%20Sophia%20Amoruso&tbm=isch;1085; ;
2084;Parisli Kadinin Farki - Tarzini Bul;Anne Berest, Audrey Diwan, Caroline de Maigret, Sophie Mas;Parisli Kadinin Farki - Tarzini Bul. Anne Berest, Audrey Diwan, Caroline de Maigret, Sophie Mas;no;;;2015;272;category?;read?;-;📋;reread?;E-5;homelibrary;https://www.google.com/search?q=Parisli%20Kadinin%20Farki%20-%20Tarzini%20Bul%20Anne%20Berest,%20Audrey%20Diwan,%20Caroline%20de%20Maigret,%20Sophie%20Mas;https://www.google.com/search?q=Parisli%20Kadinin%20Farki%20-%20Tarzini%20Bul%20Anne%20Berest,%20Audrey%20Diwan,%20Caroline%20de%20Maigret,%20Sophie%20Mas&tbm=isch;1084; ;
2083;Paris - Bilmek Istediginiz Her Sey;Klay Lamprell;Paris - Bilmek Istediginiz Her Sey. Klay Lamprell;no;;;2013;96;category?;read?;-;tbr?;reread?;E-10;homelibrary;https://www.google.com/search?q=Paris%20-%20Bilmek%20Istediginiz%20Her%20Sey%20Klay%20Lamprell;https://www.google.com/search?q=Paris%20-%20Bilmek%20Istediginiz%20Her%20Sey%20Klay%20Lamprell&tbm=isch;1083; ;
2082;Paravatan - Neden Dunyayi Hirsizlar ve Dolandiricilar Yonetiyor ve Onlardan Nasil Geri Aliriz;Oliver Bullough;Paravatan - Neden Dunyayi Hirsizlar ve Dolandiricilar Yonetiyor ve Onlardan Nasil Geri Aliriz. Oliver Bullough;yes;;;2020;392;category?;read?;-;📋;reread?;A-10;homelibrary;https://www.google.com/search?q=Paravatan%20-%20Neden%20Dunyayi%20Hirsizlar%20ve%20Dolandiricilar%20Yonetiyor%20ve%20Onlardan%20Nasil%20Geri%20Aliriz%20Oliver%20Bullough;https://www.google.com/search?q=Paravatan%20-%20Neden%20Dunyayi%20Hirsizlar%20ve%20Dolandiricilar%20Yonetiyor%20ve%20Onlardan%20Nasil%20Geri%20Aliriz%20Oliver%20Bullough&tbm=isch;1082; ;
2081;Paranormal;Richard Wiseman;Paranormal. Richard Wiseman;no;;;2016;320;category?;read?;-;tbr?;reread?;C-3;homelibrary;https://www.google.com/search?q=Paranormal%20Richard%20Wiseman;https://www.google.com/search?q=Paranormal%20Richard%20Wiseman&tbm=isch;1081; ;
2080;Paranin Satin Alamayacagi Seyler;Michael J. Sandel;Paranin Satin Alamayacagi Seyler. Michael J. Sandel;yes;;;2015;304;category?;read?;-;📋;reread?;C-9;homelibrary;https://www.google.com/search?q=Paranin%20Satin%20Alamayacagi%20Seyler%20Michael%20J.%20Sandel;https://www.google.com/search?q=Paranin%20Satin%20Alamayacagi%20Seyler%20Michael%20J.%20Sandel&tbm=isch;1080; ;
2079;Paranin Psikolojisi;Morgan Housel;Paranin Psikolojisi. Morgan Housel;yes;;;2022;312;Business & Economics;✅;-;tbr?;reread?;C-9;homelibrary;https://www.google.com/search?q=Paranin%20Psikolojisi%20Morgan%20Housel;https://www.google.com/search?q=Paranin%20Psikolojisi%20Morgan%20Housel&tbm=isch;1079; ;
2078;Paralama Defteri - Her Yerde;Keri Smith;Paralama Defteri - Her Yerde. Keri Smith;no;;;2017;144;category?;read?;-;📋;reread?;E-5;homelibrary;https://www.google.com/search?q=Paralama%20Defteri%20-%20Her%20Yerde%20Keri%20Smith;https://www.google.com/search?q=Paralama%20Defteri%20-%20Her%20Yerde%20Keri%20Smith&tbm=isch;1078; ;
2077;Paralama Defteri;Keri Smith;Paralama Defteri. Keri Smith;no;;;2015;224;category?;read?;-;📋;reread?;E-5;homelibrary;https://www.google.com/search?q=Paralama%20Defteri%20Keri%20Smith;https://www.google.com/search?q=Paralama%20Defteri%20Keri%20Smith&tbm=isch;1077; ;
2076;Paradokslar Kitabi;Michael Clark;Paradokslar Kitabi. Michael Clark;yes;;;2009;239;category?;read?;-;tbr?;reread?;C-9;homelibrary;https://www.google.com/search?q=Paradokslar%20Kitabi%20Michael%20Clark;https://www.google.com/search?q=Paradokslar%20Kitabi%20Michael%20Clark&tbm=isch;1076; ;
2075;Paradoks - Bilimin En Buyuk Dokuz Bilmecesi;Jim Al-Khalili;Paradoks - Bilimin En Buyuk Dokuz Bilmecesi. Jim Al-Khalili;yes;;;2016;208;category?;read?;-;tbr?;reread?;F-3;homelibrary;https://www.google.com/search?q=Paradoks%20-%20Bilimin%20En%20Buyuk%20Dokuz%20Bilmecesi%20Jim%20Al-Khalili;https://www.google.com/search?q=Paradoks%20-%20Bilimin%20En%20Buyuk%20Dokuz%20Bilmecesi%20Jim%20Al-Khalili&tbm=isch;1075; ;
2074;Para Hakkindaki Endiselerimizi Nasil Gideririz;John Armstrong;Para Hakkindaki Endiselerimizi Nasil Gideririz. John Armstrong;yes;;;2013;160;category?;✅;-;tbr?;📖;D-4;homelibrary;https://www.google.com/search?q=Para%20Hakkindaki%20Endiselerimizi%20Nasil%20Gideririz%20John%20Armstrong;https://www.google.com/search?q=Para%20Hakkindaki%20Endiselerimizi%20Nasil%20Gideririz%20John%20Armstrong&tbm=isch;1074; ;
2073;Panzehir - Pozitif Dusunmeye Katlanamayanlar Icin Mutluluk;Oliver Burkeman;Panzehir - Pozitif Dusunmeye Katlanamayanlar Icin Mutluluk. Oliver Burkeman;no;;;2014;246;category?;read?;-;📋;reread?;E-5;homelibrary;https://www.google.com/search?q=Panzehir%20-%20Pozitif%20Dusunmeye%20Katlanamayanlar%20Icin%20Mutluluk%20Oliver%20Burkeman;https://www.google.com/search?q=Panzehir%20-%20Pozitif%20Dusunmeye%20Katlanamayanlar%20Icin%20Mutluluk%20Oliver%20Burkeman&tbm=isch;1073; ;
2072;Panik Atakta - Ilacsiz, Yeni Anksiyete Terapisi;David Burns;Panik Atakta - Ilacsiz, Yeni Anksiyete Terapisi. David Burns;yes;;;2016;568;category?;read?;-;📋;reread?;A-7;homelibrary;https://www.google.com/search?q=Panik%20Atakta%20-%20Ilacsiz,%20Yeni%20Anksiyete%20Terapisi%20David%20Burns;https://www.google.com/search?q=Panik%20Atakta%20-%20Ilacsiz,%20Yeni%20Anksiyete%20Terapisi%20David%20Burns&tbm=isch;1072; ;
2071;Pandemonimum - Retro-Orgut Kuramina Dogru;Gibson Burrell;Pandemonimum - Retro-Orgut Kuramina Dogru. Gibson Burrell;no;;;2016;246;category?;read?;-;tbr?;reread?;D-9;homelibrary;https://www.google.com/search?q=Pandemonimum%20-%20Retro-Orgut%20Kuramina%20Dogru%20Gibson%20Burrell;https://www.google.com/search?q=Pandemonimum%20-%20Retro-Orgut%20Kuramina%20Dogru%20Gibson%20Burrell&tbm=isch;1071; ;
2070;P&G'nin 165 Yillik Seruveni;Davis Dyer, Frederick Dalzell, Rowena Olegario;P&G'nin 165 Yillik Seruveni. Davis Dyer, Frederick Dalzell, Rowena Olegario;released;;yes;2009;632;category?;read?;-;tbr?;reread?;D-1;homelibrary;https://www.google.com/search?q=P&G%27nin%20165%20Yillik%20Seruveni%20Davis%20Dyer,%20Frederick%20Dalzell,%20Rowena%20Olegario;https://www.google.com/search?q=P&G%27nin%20165%20Yillik%20Seruveni%20Davis%20Dyer,%20Frederick%20Dalzell,%20Rowena%20Olegario&tbm=isch;1070; ;
2069;Ozguvene Dair;The School of Life;Ozguvene Dair. The School of Life;yes;;;2023;96;category?;✅;-;tbr?;📖;D-4;homelibrary;https://www.google.com/search?q=Ozguvene%20Dair%20The%20School%20of%20Life;https://www.google.com/search?q=Ozguvene%20Dair%20The%20School%20of%20Life&tbm=isch;1069; ;
2068;Ozguven Boslugu;Russ Harris;Ozguven Boslugu. Russ Harris;yes;;;2017;340;category?;read?;-;📋;reread?;B-3;homelibrary;https://www.google.com/search?q=Ozguven%20Boslugu%20Russ%20Harris;https://www.google.com/search?q=Ozguven%20Boslugu%20Russ%20Harris&tbm=isch;1068; ;
2067;Ozgurlugun Felsefesi;Lars Svendsen;Ozgurlugun Felsefesi. Lars Svendsen;yes;;;2021;392;category?;read?;-;📋;reread?;B-6;homelibrary;https://www.google.com/search?q=Ozgurlugun%20Felsefesi%20Lars%20Svendsen;https://www.google.com/search?q=Ozgurlugun%20Felsefesi%20Lars%20Svendsen&tbm=isch;1067; ;
2066;Ozgur ve Bedava - Internet Caginda Bilgi;Cory Doctorow;Ozgur ve Bedava - Internet Caginda Bilgi. Cory Doctorow;no;;;2017;223;category?;read?;-;tbr?;reread?;D-7;homelibrary;https://www.google.com/search?q=Ozgur%20ve%20Bedava%20-%20Internet%20Caginda%20Bilgi%20Cory%20Doctorow;https://www.google.com/search?q=Ozgur%20ve%20Bedava%20-%20Internet%20Caginda%20Bilgi%20Cory%20Doctorow&tbm=isch;1066; ;
2065;Ozgur Ruh Gunlugu - Kendini Asma Alistirmalari;Michael A. Singer;Ozgur Ruh Gunlugu - Kendini Asma Alistirmalari. Michael A. Singer;yes;;;2022;240;category?;read?;-;tbr?;reread?;E-4;homelibrary;https://www.google.com/search?q=Ozgur%20Ruh%20Gunlugu%20-%20Kendini%20Asma%20Alistirmalari%20Michael%20A.%20Singer;https://www.google.com/search?q=Ozgur%20Ruh%20Gunlugu%20-%20Kendini%20Asma%20Alistirmalari%20Michael%20A.%20Singer&tbm=isch;1065; ;
2064;Ozgur Ruh;Michael A. Singer;Ozgur Ruh. Michael A. Singer;yes;;;2020;256;category?;read?;-;📋;reread?;H-8;homelibrary;https://www.google.com/search?q=Ozgur%20Ruh%20Michael%20A.%20Singer;https://www.google.com/search?q=Ozgur%20Ruh%20Michael%20A.%20Singer&tbm=isch;1064; ;
2063;Ozgur Egitim;Joel Spring;Ozgur Egitim. Joel Spring;yes;;;2017;160;category?;read?;-;📋;reread?;F-5;homelibrary;https://www.google.com/search?q=Ozgur%20Egitim%20Joel%20Spring;https://www.google.com/search?q=Ozgur%20Egitim%20Joel%20Spring&tbm=isch;1063; ;
2062;Ozculuk - Daha Azin Disiplinli Arayisi;Greg McKeown;Ozculuk - Daha Azin Disiplinli Arayisi. Greg McKeown;yes;;;2022;280;category?;read?;-;📋;reread?;C-4;homelibrary;https://www.google.com/search?q=Ozculuk%20-%20Daha%20Azin%20Disiplinli%20Arayisi%20Greg%20McKeown;https://www.google.com/search?q=Ozculuk%20-%20Daha%20Azin%20Disiplinli%20Arayisi%20Greg%20McKeown&tbm=isch;1062; ;
2061;Oz Sefkatli Farkindalik Uygulama Rehberi;Christopher K. Germer;Oz Sefkatli Farkindalik Uygulama Rehberi. Christopher K. Germer;yes;;;2020;288;category?;read?;-;tbr?;reread?;G-8;homelibrary;https://www.google.com/search?q=Oz%20Sefkatli%20Farkindalik%20Uygulama%20Rehberi%20Christopher%20K.%20Germer;https://www.google.com/search?q=Oz%20Sefkatli%20Farkindalik%20Uygulama%20Rehberi%20Christopher%20K.%20Germer&tbm=isch;1061; ;
2060;Oz Sefkatli Farkindalik;Christopher K. Germer;Oz Sefkatli Farkindalik. Christopher K. Germer;yes;;;2018;336;category?;read?;-;tbr?;reread?;G-8;homelibrary;https://www.google.com/search?q=Oz%20Sefkatli%20Farkindalik%20Christopher%20K.%20Germer;https://www.google.com/search?q=Oz%20Sefkatli%20Farkindalik%20Christopher%20K.%20Germer&tbm=isch;1060; ;
2059;Oz Sefkat - Kendine Nazik Olmanin Kanitlanmia Gucu;Kristin Neff;Oz Sefkat - Kendine Nazik Olmanin Kanitlanmia Gucu. Kristin Neff;yes;;;2021;336;category?;read?;-;tbr?;reread?;G-8;homelibrary;https://www.google.com/search?q=Oz%20Sefkat%20-%20Kendine%20Nazik%20Olmanin%20Kanitlanmia%20Gucu%20Kristin%20Neff;https://www.google.com/search?q=Oz%20Sefkat%20-%20Kendine%20Nazik%20Olmanin%20Kanitlanmia%20Gucu%20Kristin%20Neff&tbm=isch;1059; ;
2058;Oz - Egitimde ve Hayatta Tutku Yaratmak;Ken Robinson;Oz - Egitimde ve Hayatta Tutku Yaratmak. Ken Robinson;no;;;2018;272;category?;read?;-;📋;reread?;A-10;homelibrary;https://www.google.com/search?q=Oz%20-%20Egitimde%20ve%20Hayatta%20Tutku%20Yaratmak%20Ken%20Robinson;https://www.google.com/search?q=Oz%20-%20Egitimde%20ve%20Hayatta%20Tutku%20Yaratmak%20Ken%20Robinson&tbm=isch;1058; ;
2057;Outliers (Cizginin Disindakiler) - Bazi Insanlar Neden Daha Basarili Olur?;Malcolm Gladwell;Outliers (Cizginin Disindakiler) - Bazi Insanlar Neden Daha Basarili Olur?. Malcolm Gladwell;yes;;;2011;224;category?;✅;-;tbr?;📖;C-7;homelibrary;https://www.google.com/search?q=Outliers%20(Cizginin%20Disindakiler)%20-%20Bazi%20Insanlar%20Neden%20Daha%20Basarili%20Olur?%20Malcolm%20Gladwell;https://www.google.com/search?q=Outliers%20(Cizginin%20Disindakiler)%20-%20Bazi%20Insanlar%20Neden%20Daha%20Basarili%20Olur?%20Malcolm%20Gladwell&tbm=isch;1057; ;
2056;Otomatik Musteri;John Warillow;Otomatik Musteri. John Warillow;yes;;;2018;192;category?;read?;-;📋;reread?;D-8;homelibrary;https://www.google.com/search?q=Otomatik%20Musteri%20John%20Warillow;https://www.google.com/search?q=Otomatik%20Musteri%20John%20Warillow&tbm=isch;1056; ;
2055;Ortalamanin Sonu - Ayni Olmaya Deger Veren Bir Dunyada Basarili Olmanin Yolu;Todd Rose;Ortalamanin Sonu - Ayni Olmaya Deger Veren Bir Dunyada Basarili Olmanin Yolu. Todd Rose;yes;;;2017;252;category?;read?;-;📋;reread?;D-8;homelibrary;https://www.google.com/search?q=Ortalamanin%20Sonu%20-%20Ayni%20Olmaya%20Deger%20Veren%20Bir%20Dunyada%20Basarili%20Olmanin%20Yolu%20Todd%20Rose;https://www.google.com/search?q=Ortalamanin%20Sonu%20-%20Ayni%20Olmaya%20Deger%20Veren%20Bir%20Dunyada%20Basarili%20Olmanin%20Yolu%20Todd%20Rose&tbm=isch;1055; ;
2054;Orijinaller - Geleneklere Uymayanlar Dunyayi Nasil Ileri Tasiyor?;Adam Grant;Orijinaller - Geleneklere Uymayanlar Dunyayi Nasil Ileri Tasiyor?. Adam Grant;yes;;;2017;268;category?;✅;-;tbr?;📖;A-4;homelibrary;https://www.google.com/search?q=Orijinaller%20-%20Geleneklere%20Uymayanlar%20Dunyayi%20Nasil%20Ileri%20Tasiyor?%20Adam%20Grant;https://www.google.com/search?q=Orijinaller%20-%20Geleneklere%20Uymayanlar%20Dunyayi%20Nasil%20Ileri%20Tasiyor?%20Adam%20Grant&tbm=isch;1054; ;
2053;Orgutun Insan Iliskileri Yonu;Douglas McGreggor;Orgutun Insan Iliskileri Yonu. Douglas McGreggor;no;;;1970;180;category?;read?;-;tbr?;reread?;F-1;homelibrary;https://www.google.com/search?q=Orgutun%20Insan%20Iliskileri%20Yonu%20Douglas%20McGreggor;https://www.google.com/search?q=Orgutun%20Insan%20Iliskileri%20Yonu%20Douglas%20McGreggor&tbm=isch;1053; ;
2052;Sosyoloji Nedir?;Joseph Fichter;Sosyoloji Nedir?. Joseph Fichter;no;;;2019;256;category?;read?;-;tbr?;reread?;H-4;homelibrary;https://www.google.com/search?q=Sosyoloji%20Nedir?%20Joseph%20Fichter;https://www.google.com/search?q=Sosyoloji%20Nedir?%20Joseph%20Fichter&tbm=isch;1052; ;
2051;Orgutsel Psikoloji;Edgar H. Schein;Orgutsel Psikoloji. Edgar H. Schein;no;;;1976;137;category?;read?;-;tbr?;reread?;F-1;homelibrary;https://www.google.com/search?q=Orgutsel%20Psikoloji%20Edgar%20H.%20Schein;https://www.google.com/search?q=Orgutsel%20Psikoloji%20Edgar%20H.%20Schein&tbm=isch;1051; ;
2050;Orgutsel Davranis - Organizational Behavior;Stephan Robbins, Timothy A. Judge;Orgutsel Davranis - Organizational Behavior. Stephan Robbins, Timothy A. Judge;no;;;2015;688;category?;read?;-;tbr?;reread?;H-9;homelibrary;https://www.google.com/search?q=Orgutsel%20Davranis%20-%20Organizational%20Behavior%20Stephan%20Robbins,%20Timothy%20A.%20Judge;https://www.google.com/search?q=Orgutsel%20Davranis%20-%20Organizational%20Behavior%20Stephan%20Robbins,%20Timothy%20A.%20Judge&tbm=isch;1050; ;
2049;Orgutsel Davranis;Steven L. McShane, Mary Ann Von Glinow;Orgutsel Davranis. Steven L. McShane, Mary Ann Von Glinow;no;;;2016;320;category?;read?;-;tbr?;reread?;H-9;homelibrary;https://www.google.com/search?q=Orgutsel%20Davranis%20Steven%20L.%20McShane,%20Mary%20Ann%20Von%20Glinow;https://www.google.com/search?q=Orgutsel%20Davranis%20Steven%20L.%20McShane,%20Mary%20Ann%20Von%20Glinow&tbm=isch;1049; ;
2048;Orgutler ve Yapilari - The Structuring of Organizations;Henry Mintzberg;Orgutler ve Yapilari - The Structuring of Organizations. Henry Mintzberg;no;;;2014;518;category?;read?;-;tbr?;reread?;E-1;homelibrary;https://www.google.com/search?q=Orgutler%20ve%20Yapilari%20-%20The%20Structuring%20of%20Organizations%20Henry%20Mintzberg;https://www.google.com/search?q=Orgutler%20ve%20Yapilari%20-%20The%20Structuring%20of%20Organizations%20Henry%20Mintzberg&tbm=isch;1048; ;
2047;The HR Value Proposition;David Ulrich, Wayne Brockbank;The HR Value Proposition. David Ulrich, Wayne Brockbank;no;;;2005;316;category?;read?;-;tbr?;reread?;H-7;homelibrary;https://www.google.com/search?q=The%20HR%20Value%20Proposition%20David%20Ulrich,%20Wayne%20Brockbank;https://www.google.com/search?q=The%20HR%20Value%20Proposition%20David%20Ulrich,%20Wayne%20Brockbank&tbm=isch;1047; ;
2046;Orgut Kuramlari ve Tasarimini Anlamak;Richard L. Daft;Orgut Kuramlari ve Tasarimini Anlamak. Richard L. Daft;no;;;2015;632;category?;read?;-;tbr?;reread?;H-9;homelibrary;https://www.google.com/search?q=Orgut%20Kuramlari%20ve%20Tasarimini%20Anlamak%20Richard%20L.%20Daft;https://www.google.com/search?q=Orgut%20Kuramlari%20ve%20Tasarimini%20Anlamak%20Richard%20L.%20Daft&tbm=isch;1046; ;
2045;Psikoloji - Zihin Surecleri Bilimi;Sibel Aysen Arkonac;Psikoloji - Zihin Surecleri Bilimi. Sibel Aysen Arkonac;no;;;2001;448;category?;read?;-;tbr?;reread?;D-3;homelibrary;https://www.google.com/search?q=Psikoloji%20-%20Zihin%20Surecleri%20Bilimi%20Sibel%20Aysen%20Arkonac;https://www.google.com/search?q=Psikoloji%20-%20Zihin%20Surecleri%20Bilimi%20Sibel%20Aysen%20Arkonac&tbm=isch;1045; ;
2044;Organizasyonlarin Gelismesi;Pierre Morin;Organizasyonlarin Gelismesi. Pierre Morin;no;;;1972;80;category?;read?;-;tbr?;reread?;H-3;homelibrary;https://www.google.com/search?q=Organizasyonlarin%20Gelismesi%20Pierre%20Morin;https://www.google.com/search?q=Organizasyonlarin%20Gelismesi%20Pierre%20Morin&tbm=isch;1044; ;
2043;Organizasyonlari Yeniden Yapilandirmak (Yetenek, Tercih ve Liderlik);Terrence E. Deal, Lee G. Bolman;Organizasyonlari Yeniden Yapilandirmak (Yetenek, Tercih ve Liderlik). Terrence E. Deal, Lee G. Bolman;no;;;2013;507;category?;read?;-;tbr?;reread?;F-9;homelibrary;https://www.google.com/search?q=Organizasyonlari%20Yeniden%20Yapilandirmak%20(Yetenek,%20Tercih%20ve%20Liderlik)%20Terrence%20E.%20Deal,%20Lee%20G.%20Bolman;https://www.google.com/search?q=Organizasyonlari%20Yeniden%20Yapilandirmak%20(Yetenek,%20Tercih%20ve%20Liderlik)%20Terrence%20E.%20Deal,%20Lee%20G.%20Bolman&tbm=isch;1043; ;
2042;Organizasyonlar - Teori ve Davranis;Herbert G. Hicks, C. Ray Gullett;Organizasyonlar - Teori ve Davranis. Herbert G. Hicks, C. Ray Gullett;no;;;1981;340;category?;read?;-;tbr?;reread?;G-3;homelibrary;https://www.google.com/search?q=Organizasyonlar%20-%20Teori%20ve%20Davranis%20Herbert%20G.%20Hicks,%20C.%20Ray%20Gullett;https://www.google.com/search?q=Organizasyonlar%20-%20Teori%20ve%20Davranis%20Herbert%20G.%20Hicks,%20C.%20Ray%20Gullett&tbm=isch;1042; ;
2041;Organizasyon Kulturu;Naomi Stanford;Organizasyon Kulturu. Naomi Stanford;yes;;;2014;304;category?;read?;-;tbr?;reread?;C-2;homelibrary;https://www.google.com/search?q=Organizasyon%20Kulturu%20Naomi%20Stanford;https://www.google.com/search?q=Organizasyon%20Kulturu%20Naomi%20Stanford&tbm=isch;1041; ;
2040;Op ve Anlat;Alain De Botton;Op ve Anlat. Alain De Botton;yes;;;2016;256;category?;read?;-;📋;reread?;D-4;homelibrary;https://www.google.com/search?q=Op%20ve%20Anlat%20Alain%20De%20Botton;https://www.google.com/search?q=Op%20ve%20Anlat%20Alain%20De%20Botton&tbm=isch;1040; ;
2039;Onward;Howard Schultz, Joanne Gordon;Onward. Howard Schultz, Joanne Gordon;no;;;2011;412;category?;✅;-;tbr?;reread?;F-1;homelibrary;https://www.google.com/search?q=Onward%20Howard%20Schultz,%20Joanne%20Gordon;https://www.google.com/search?q=Onward%20Howard%20Schultz,%20Joanne%20Gordon&tbm=isch;1039; ;
2038;Onlar Goctu Buradan - Turkiye'nin Yeni Goc Nesli;Evrim Kuran;Onlar Goctu Buradan - Turkiye'nin Yeni Goc Nesli. Evrim Kuran;yes;;;2021;96;category?;read?;-;📋;reread?;A-3;homelibrary;https://www.google.com/search?q=Onlar%20Goctu%20Buradan%20-%20Turkiye%27nin%20Yeni%20Goc%20Nesli%20Evrim%20Kuran;https://www.google.com/search?q=Onlar%20Goctu%20Buradan%20-%20Turkiye%27nin%20Yeni%20Goc%20Nesli%20Evrim%20Kuran&tbm=isch;1038; ;
2037;Ongorulemeyen Bir Dunyada Yasamak;Frederic Lenoir;Ongorulemeyen Bir Dunyada Yasamak. Frederic Lenoir;yes;;;2023;72;category?;✅;-;tbr?;📖;C-5;homelibrary;https://www.google.com/search?q=Ongorulemeyen%20Bir%20Dunyada%20Yasamak%20Frederic%20Lenoir;https://www.google.com/search?q=Ongorulemeyen%20Bir%20Dunyada%20Yasamak%20Frederic%20Lenoir&tbm=isch;1037; ;
2036;Olani Sevmek - Yasaminizi Degistirebilecek 4 Soru;Byron Katie;Olani Sevmek - Yasaminizi Degistirebilecek 4 Soru. Byron Katie;yes;;;2013;406;category?;read?;-;📋;reread?;G-6;homelibrary;https://www.google.com/search?q=Olani%20Sevmek%20-%20Yasaminizi%20Degistirebilecek%204%20Soru%20Byron%20Katie;https://www.google.com/search?q=Olani%20Sevmek%20-%20Yasaminizi%20Degistirebilecek%204%20Soru%20Byron%20Katie&tbm=isch;1036; ;
2035;Olaganustu Tavsiyeler (Yetenekli Kisiler Icin);George Lois;Olaganustu Tavsiyeler (Yetenekli Kisiler Icin). George Lois;yes;;;2012;176;category?;✅;-;tbr?;📖;E-4;homelibrary;https://www.google.com/search?q=Olaganustu%20Tavsiyeler%20(Yetenekli%20Kisiler%20Icin)%20George%20Lois;https://www.google.com/search?q=Olaganustu%20Tavsiyeler%20(Yetenekli%20Kisiler%20Icin)%20George%20Lois&tbm=isch;1035; ;
2034;Okuzun A'si;Barry Sanders;Okuzun A'si. Barry Sanders;yes;;;2013;240;category?;read?;-;tbr?;reread?;F-5;homelibrary;https://www.google.com/search?q=Okuzun%20A%27si%20Barry%20Sanders;https://www.google.com/search?q=Okuzun%20A%27si%20Barry%20Sanders&tbm=isch;1034; ;
2033;Okumanin Riski - Edebiyat Kendimizi ve Dunyamizi Anlamamiza Nasil Yardim Eder?;Robert P. Waxler;Okumanin Riski - Edebiyat Kendimizi ve Dunyamizi Anlamamiza Nasil Yardim Eder?. Robert P. Waxler;yes;;;2022;264;category?;read?;-;📋;reread?;D-5;homelibrary;https://www.google.com/search?q=Okumanin%20Riski%20-%20Edebiyat%20Kendimizi%20ve%20Dunyamizi%20Anlamamiza%20Nasil%20Yardim%20Eder?%20Robert%20P.%20Waxler;https://www.google.com/search?q=Okumanin%20Riski%20-%20Edebiyat%20Kendimizi%20ve%20Dunyamizi%20Anlamamiza%20Nasil%20Yardim%20Eder?%20Robert%20P.%20Waxler&tbm=isch;1033; ;
2032;Okumak Nefes Almaktir;Miha Kovac;Okumak Nefes Almaktir. Miha Kovac;yes;;;2022;128;category?;read?;-;📋;reread?;D-5;homelibrary;https://www.google.com/search?q=Okumak%20Nefes%20Almaktir%20Miha%20Kovac;https://www.google.com/search?q=Okumak%20Nefes%20Almaktir%20Miha%20Kovac&tbm=isch;1032; ;
2031;Okuma Illeti - Yalniz Basina Yapilan Ahlaksizlik;Mikita Brottman;Okuma Illeti - Yalniz Basina Yapilan Ahlaksizlik. Mikita Brottman;yes;;;2014;252;category?;read?;-;📋;reread?;D-5;homelibrary;https://www.google.com/search?q=Okuma%20Illeti%20-%20Yalniz%20Basina%20Yapilan%20Ahlaksizlik%20Mikita%20Brottman;https://www.google.com/search?q=Okuma%20Illeti%20-%20Yalniz%20Basina%20Yapilan%20Ahlaksizlik%20Mikita%20Brottman&tbm=isch;1031; ;
2030;Okulsuz Toplum;Ivan Illich;Okulsuz Toplum. Ivan Illich;yes;;;2018;141;category?;read?;-;📋;reread?;F-2;homelibrary;https://www.google.com/search?q=Okulsuz%20Toplum%20Ivan%20Illich;https://www.google.com/search?q=Okulsuz%20Toplum%20Ivan%20Illich&tbm=isch;1030; ;
2029;Okulda Basari;Feyzi Ulug;Okulda Basari. Feyzi Ulug;no;;;1993;222;category?;read?;-;tbr?;reread?;F-3;homelibrary;https://www.google.com/search?q=Okulda%20Basari%20Feyzi%20Ulug;https://www.google.com/search?q=Okulda%20Basari%20Feyzi%20Ulug&tbm=isch;1029; ;
2028;Oksijen Etkisi;Patrick McKeown;Oksijen Etkisi. Patrick McKeown;yes;;;2021;432;category?;read?;-;📋;reread?;G-6;homelibrary;https://www.google.com/search?q=Oksijen%20Etkisi%20Patrick%20McKeown;https://www.google.com/search?q=Oksijen%20Etkisi%20Patrick%20McKeown&tbm=isch;1028; ;
2027;Ogrenilmis Iyimserlik;Martin E. P. Seligman;Ogrenilmis Iyimserlik. Martin E. P. Seligman;yes;;;2021;490;category?;read?;-;📋;reread?;A-7;homelibrary;https://www.google.com/search?q=Ogrenilmis%20Iyimserlik%20Martin%20E.%20P.%20Seligman;https://www.google.com/search?q=Ogrenilmis%20Iyimserlik%20Martin%20E.%20P.%20Seligman&tbm=isch;1027; ;
2026;Ofkeden Cesarete;Alice Miller;Ofkeden Cesarete. Alice Miller;yes;;;2022;186;category?;read?;-;📋;reread?;A-5;homelibrary;https://www.google.com/search?q=Ofkeden%20Cesarete%20Alice%20Miller;https://www.google.com/search?q=Ofkeden%20Cesarete%20Alice%20Miller&tbm=isch;1026; ;
2025;Ofke Dansi;Harriet Lerner;Ofke Dansi. Harriet Lerner;yes;;;2019;199;category?;read?;-;📋;reread?;A-4;homelibrary;https://www.google.com/search?q=Ofke%20Dansi%20Harriet%20Lerner;https://www.google.com/search?q=Ofke%20Dansi%20Harriet%20Lerner&tbm=isch;1025; ;
2024;O'nun Sozleri - Yasaminizda Fark Yaratan Sozler;Oprah Winfrey;O'nun Sozleri - Yasaminizda Fark Yaratan Sozler. Oprah Winfrey;yes;;;2011;167;category?;read?;-;📋;reread?;G-9;homelibrary;https://www.google.com/search?q=O%27nun%20Sozleri%20-%20Yasaminizda%20Fark%20Yaratan%20Sozler%20Oprah%20Winfrey;https://www.google.com/search?q=O%27nun%20Sozleri%20-%20Yasaminizda%20Fark%20Yaratan%20Sozler%20Oprah%20Winfrey&tbm=isch;1024; ;
2023;O Kadar Basit ki!;Ken Segall;O Kadar Basit ki!. Ken Segall;released;;yes;2017;254;category?;✅;-;tbr?;reread?;C-2;homelibrary;https://www.google.com/search?q=O%20Kadar%20Basit%20ki!%20Ken%20Segall;https://www.google.com/search?q=O%20Kadar%20Basit%20ki!%20Ken%20Segall&tbm=isch;1023; ;
2022;Not Alma Teknikleri;Jean Simonet, Renee Simonet;Not Alma Teknikleri. Jean Simonet, Renee Simonet;yes;;;2002;152;category?;read?;-;📋;reread?;D-7;homelibrary;https://www.google.com/search?q=Not%20Alma%20Teknikleri%20Jean%20Simonet,%20Renee%20Simonet;https://www.google.com/search?q=Not%20Alma%20Teknikleri%20Jean%20Simonet,%20Renee%20Simonet&tbm=isch;1022; ;
2021;Normal Efsanesi;Gabor Mate, Daniel Mate;Normal Efsanesi. Gabor Mate, Daniel Mate;yes;;;2023;552;category?;read?;-;📋;reread?;E-8;homelibrary;https://www.google.com/search?q=Normal%20Efsanesi%20Gabor%20Mate,%20Daniel%20Mate;https://www.google.com/search?q=Normal%20Efsanesi%20Gabor%20Mate,%20Daniel%20Mate&tbm=isch;1021; ;
2020;Nobetci Filozof;Ian Olasov;Nobetci Filozof. Ian Olasov;yes;;;2021;200;category?;read?;-;📋;reread?;G-5;homelibrary;https://www.google.com/search?q=Nobetci%20Filozof%20Ian%20Olasov;https://www.google.com/search?q=Nobetci%20Filozof%20Ian%20Olasov&tbm=isch;1020; ;
2019;Niksen - Hollandalilarin Hicbir Sey Yapmama Sanati;Olga Mecking;Niksen - Hollandalilarin Hicbir Sey Yapmama Sanati. Olga Mecking;no;;;2021;215;category?;read?;-;📋;reread?;E-5;homelibrary;https://www.google.com/search?q=Niksen%20-%20Hollandalilarin%20Hicbir%20Sey%20Yapmama%20Sanati%20Olga%20Mecking;https://www.google.com/search?q=Niksen%20-%20Hollandalilarin%20Hicbir%20Sey%20Yapmama%20Sanati%20Olga%20Mecking&tbm=isch;1019; ;
2018;New York - Bilmek Istediginiz Her Sey;Klay Lamprell;New York - Bilmek Istediginiz Her Sey. Klay Lamprell;no;;;2013;96;category?;read?;-;tbr?;reread?;E-10;homelibrary;https://www.google.com/search?q=New%20York%20-%20Bilmek%20Istediginiz%20Her%20Sey%20Klay%20Lamprell;https://www.google.com/search?q=New%20York%20-%20Bilmek%20Istediginiz%20Her%20Sey%20Klay%20Lamprell&tbm=isch;1018; ;
2017;Nesnelerin Interneti ve Isbirligi Cagi;Jeremy Rifkin;Nesnelerin Interneti ve Isbirligi Cagi. Jeremy Rifkin;yes;;;2015;384;category?;✅;-;tbr?;📖;D-9;homelibrary;https://www.google.com/search?q=Nesnelerin%20Interneti%20ve%20Isbirligi%20Cagi%20Jeremy%20Rifkin;https://www.google.com/search?q=Nesnelerin%20Interneti%20ve%20Isbirligi%20Cagi%20Jeremy%20Rifkin&tbm=isch;1017; ;
2016;Nesnelerin Interneti;Samuel Greengard;Nesnelerin Interneti. Samuel Greengard;no;;;2017;216;category?;read?;-;tbr?;reread?;E-2;homelibrary;https://www.google.com/search?q=Nesnelerin%20Interneti%20Samuel%20Greengard;https://www.google.com/search?q=Nesnelerin%20Interneti%20Samuel%20Greengard&tbm=isch;1016; ;
2015;Nerede Bu Goril - Firsatlari Gorme ve Yakalama Kilavuzu;Richard Wiseman;Nerede Bu Goril - Firsatlari Gorme ve Yakalama Kilavuzu. Richard Wiseman;no;;;2007;105;category?;read?;-;tbr?;reread?;C-3;homelibrary;https://www.google.com/search?q=Nerede%20Bu%20Goril%20-%20Firsatlari%20Gorme%20ve%20Yakalama%20Kilavuzu%20Richard%20Wiseman;https://www.google.com/search?q=Nerede%20Bu%20Goril%20-%20Firsatlari%20Gorme%20ve%20Yakalama%20Kilavuzu%20Richard%20Wiseman&tbm=isch;1015; ;
2014;Neoliberalizmin Kisa Tarihi;David Harvey;Neoliberalizmin Kisa Tarihi. David Harvey;n/a;;;2015;256;category?;read?;-;📋;reread?;G-5;house-2;https://www.google.com/search?q=Neoliberalizmin%20Kisa%20Tarihi%20David%20Harvey;https://www.google.com/search?q=Neoliberalizmin%20Kisa%20Tarihi%20David%20Harvey&tbm=isch;1014; ;
2013;Mahremiyetin Donusumu;Anthony Giddens;Mahremiyetin Donusumu. Anthony Giddens;n/a;;;2014;188;category?;read?;-;📋;reread?;E-7;house-2;https://www.google.com/search?q=Mahremiyetin%20Donusumu%20Anthony%20Giddens;https://www.google.com/search?q=Mahremiyetin%20Donusumu%20Anthony%20Giddens&tbm=isch;1013; ;
2012;Nefesin Sifa Veren Gucu;Richard P. Brown, Patricia L. Gerbarg;Nefesin Sifa Veren Gucu. Richard P. Brown, Patricia L. Gerbarg;released;;yes;2022;208;category?;read?;-;📋;reread?;G-6;homelibrary;https://www.google.com/search?q=Nefesin%20Sifa%20Veren%20Gucu%20Richard%20P.%20Brown,%20Patricia%20L.%20Gerbarg;https://www.google.com/search?q=Nefesin%20Sifa%20Veren%20Gucu%20Richard%20P.%20Brown,%20Patricia%20L.%20Gerbarg&tbm=isch;1012; ;
2011;Nefes - Kayip Bir Sanatin Yeni Bilimi;James Nestor;Nefes - Kayip Bir Sanatin Yeni Bilimi. James Nestor;yes;;;2021;304;category?;✅;-;tbr?;📖;G-6;homelibrary;https://www.google.com/search?q=Nefes%20-%20Kayip%20Bir%20Sanatin%20Yeni%20Bilimi%20James%20Nestor;https://www.google.com/search?q=Nefes%20-%20Kayip%20Bir%20Sanatin%20Yeni%20Bilimi%20James%20Nestor&tbm=isch;1011; ;
2010;Nefes Terapi Bilincli Nefesle Gelen Sifa;Dan Brule;Nefes Terapi Bilincli Nefesle Gelen Sifa. Dan Brule;no;;;2022;208;category?;read?;-;📋;reread?;G-6;homelibrary;https://www.google.com/search?q=Nefes%20Terapi%20Bilincli%20Nefesle%20Gelen%20Sifa%20Dan%20Brule;https://www.google.com/search?q=Nefes%20Terapi%20Bilincli%20Nefesle%20Gelen%20Sifa%20Dan%20Brule&tbm=isch;1010; ;
2009;Nefes Egzersizleri;Anna Shumeiko, Nataliya Borisova;Nefes Egzersizleri. Anna Shumeiko, Nataliya Borisova;no;;;2022;132;category?;read?;-;📋;reread?;G-6;homelibrary;https://www.google.com/search?q=Nefes%20Egzersizleri%20Anna%20Shumeiko,%20Nataliya%20Borisova;https://www.google.com/search?q=Nefes%20Egzersizleri%20Anna%20Shumeiko,%20Nataliya%20Borisova&tbm=isch;1009; ;
2008;Neden Yanlis Kisiyle Evleneceksiniz;The School of Life;Neden Yanlis Kisiyle Evleneceksiniz. The School of Life;yes;;;2022;80;category?;✅;-;tbr?;📖;D-4;homelibrary;https://www.google.com/search?q=Neden%20Yanlis%20Kisiyle%20Evleneceksiniz%20The%20School%20of%20Life;https://www.google.com/search?q=Neden%20Yanlis%20Kisiyle%20Evleneceksiniz%20The%20School%20of%20Life&tbm=isch;1008; ;
2007;Neden Vegan? - Etik Beslenme;Peter Singer;Neden Vegan? - Etik Beslenme. Peter Singer;yes;;;2022;96;category?;✅;-;tbr?;📖;F-4;homelibrary;https://www.google.com/search?q=Neden%20Vegan?%20-%20Etik%20Beslenme%20Peter%20Singer;https://www.google.com/search?q=Neden%20Vegan?%20-%20Etik%20Beslenme%20Peter%20Singer&tbm=isch;1007; ;
2006;Neden Satin Aliriz?;Paco Underhill;Neden Satin Aliriz?. Paco Underhill;no;;;2012;357;category?;✅;-;tbr?;reread?;B-1;homelibrary;https://www.google.com/search?q=Neden%20Satin%20Aliriz?%20Paco%20Underhill;https://www.google.com/search?q=Neden%20Satin%20Aliriz?%20Paco%20Underhill&tbm=isch;1006; ;
2005;Neden Herkes Futbol ve Reklamdan Anlar?;Fatos Karahasan;Neden Herkes Futbol ve Reklamdan Anlar?. Fatos Karahasan;no;;;2007;118;category?;read?;-;tbr?;reread?;A-3;homelibrary;https://www.google.com/search?q=Neden%20Herkes%20Futbol%20ve%20Reklamdan%20Anlar?%20Fatos%20Karahasan;https://www.google.com/search?q=Neden%20Herkes%20Futbol%20ve%20Reklamdan%20Anlar?%20Fatos%20Karahasan&tbm=isch;1005; ;
2004;Neden Her Sey Hala Yok Olup Gitmedi?;Jean Baudrillard;Neden Her Sey Hala Yok Olup Gitmedi?. Jean Baudrillard;yes;;;2022;46;category?;read?;-;tbr?;reread?;H-3;homelibrary;https://www.google.com/search?q=Neden%20Her%20Sey%20Hala%20Yok%20Olup%20Gitmedi?%20Jean%20Baudrillard;https://www.google.com/search?q=Neden%20Her%20Sey%20Hala%20Yok%20Olup%20Gitmedi?%20Jean%20Baudrillard&tbm=isch;1004; ;
2003;Neden Gurur Paradan Daha Onemlidir;Jon R. Katzenbach;Neden Gurur Paradan Daha Onemlidir. Jon R. Katzenbach;yes;;;2009;208;category?;read?;-;📋;reread?;C-3;homelibrary;https://www.google.com/search?q=Neden%20Gurur%20Paradan%20Daha%20Onemlidir%20Jon%20R.%20Katzenbach;https://www.google.com/search?q=Neden%20Gurur%20Paradan%20Daha%20Onemlidir%20Jon%20R.%20Katzenbach&tbm=isch;1003; ;
2002;Neden Calisiriz;Barry Schwartz;Neden Calisiriz. Barry Schwartz;yes;;;2017;120;category?;read?;-;📋;reread?;C-4;homelibrary;https://www.google.com/search?q=Neden%20Calisiriz%20Barry%20Schwartz;https://www.google.com/search?q=Neden%20Calisiriz%20Barry%20Schwartz&tbm=isch;1002; ;
2001;Neden Bunu Bana Daha Once Kimse Soylemedi?;Julie Smith;Neden Bunu Bana Daha Once Kimse Soylemedi?. Julie Smith;yes;;;2022;328;Psychology & Mental Life;✅;-;tbr?;reread?;A-9;homelibrary;https://www.google.com/search?q=Neden%20Bunu%20Bana%20Daha%20Once%20Kimse%20Soylemedi?%20Julie%20Smith;https://www.google.com/search?q=Neden%20Bunu%20Bana%20Daha%20Once%20Kimse%20Soylemedi?%20Julie%20Smith&tbm=isch;1001; ;
2000;Neden Ozur Dilemiyorsun? - Buyuk Ihanetleri ve Gundelik Yaralari Iyilestirmek;Harriet Lerner;Neden Ozur Dilemiyorsun? - Buyuk Ihanetleri ve Gundelik Yaralari Iyilestirmek. Harriet Lerner;yes;;;2020;168;category?;read?;-;📋;reread?;A-4;homelibrary;https://www.google.com/search?q=Neden%20Ozur%20Dilemiyorsun?%20-%20Buyuk%20Ihanetleri%20ve%20Gundelik%20Yaralari%20Iyilestirmek%20Harriet%20Lerner;https://www.google.com/search?q=Neden%20Ozur%20Dilemiyorsun?%20-%20Buyuk%20Ihanetleri%20ve%20Gundelik%20Yaralari%20Iyilestirmek%20Harriet%20Lerner&tbm=isch;1000; ;
1999;Neandertal - Modern Bilim Onlarin Hikayesini Yeniden Yazdi;Michael A. Morse, Dimitra Papagianni;Neandertal - Modern Bilim Onlarin Hikayesini Yeniden Yazdi. Michael A. Morse, Dimitra Papagianni;yes;;;2017;240;category?;read?;-;tbr?;reread?;D-7;homelibrary;https://www.google.com/search?q=Neandertal%20-%20Modern%20Bilim%20Onlarin%20Hikayesini%20Yeniden%20Yazdi%20Michael%20A.%20Morse,%20Dimitra%20Papagianni;https://www.google.com/search?q=Neandertal%20-%20Modern%20Bilim%20Onlarin%20Hikayesini%20Yeniden%20Yazdi%20Michael%20A.%20Morse,%20Dimitra%20Papagianni&tbm=isch;999; ;
1998;Ne Zaman;Daniel H. Pink;Ne Zaman. Daniel H. Pink;yes;;;2019;256;category?;read?;-;tbr?;reread?;B-1;homelibrary;https://www.google.com/search?q=Ne%20Zaman%20Daniel%20H.%20Pink;https://www.google.com/search?q=Ne%20Zaman%20Daniel%20H.%20Pink&tbm=isch;998; ;
1997;Ne Oldu Sana? - Travma, Psikolojik Dayaniklilik ve Iyilesme Uzerine Sohbetler;Bruce D. Perry, Oprah Winfrey;Ne Oldu Sana? - Travma, Psikolojik Dayaniklilik ve Iyilesme Uzerine Sohbetler. Bruce D. Perry, Oprah Winfrey;yes;;;2023;336;category?;read?;-;📋;reread?;A-10;homelibrary;https://www.google.com/search?q=Ne%20Oldu%20Sana?%20-%20Travma,%20Psikolojik%20Dayaniklilik%20ve%20Iyilesme%20Uzerine%20Sohbetler%20Bruce%20D.%20Perry,%20Oprah%20Winfrey;https://www.google.com/search?q=Ne%20Oldu%20Sana?%20-%20Travma,%20Psikolojik%20Dayaniklilik%20ve%20Iyilesme%20Uzerine%20Sohbetler%20Bruce%20D.%20Perry,%20Oprah%20Winfrey&tbm=isch;997; ;
1996;Ne Okursan O Olursun - Iyi Okuma icin Uygulamali Bir Kilavuz;Robert Diyanni;Ne Okursan O Olursun - Iyi Okuma icin Uygulamali Bir Kilavuz. Robert Diyanni;yes;;;2023;264;category?;read?;-;📋;reread?;D-5;homelibrary;https://www.google.com/search?q=Ne%20Okursan%20O%20Olursun%20-%20Iyi%20Okuma%20icin%20Uygulamali%20Bir%20Kilavuz%20Robert%20Diyanni;https://www.google.com/search?q=Ne%20Okursan%20O%20Olursun%20-%20Iyi%20Okuma%20icin%20Uygulamali%20Bir%20Kilavuz%20Robert%20Diyanni&tbm=isch;996; ;
1995;Ne Kadari Yeterli? - Para Sevgisi ve Iyi Yasam Mucadelesi;Robert Skidelsky, Edward Skidelsky;Ne Kadari Yeterli? - Para Sevgisi ve Iyi Yasam Mucadelesi. Robert Skidelsky, Edward Skidelsky;no;;;2014;248;category?;read?;-;tbr?;reread?;H-4;homelibrary;https://www.google.com/search?q=Ne%20Kadari%20Yeterli?%20-%20Para%20Sevgisi%20ve%20Iyi%20Yasam%20Mucadelesi%20Robert%20Skidelsky,%20Edward%20Skidelsky;https://www.google.com/search?q=Ne%20Kadari%20Yeterli?%20-%20Para%20Sevgisi%20ve%20Iyi%20Yasam%20Mucadelesi%20Robert%20Skidelsky,%20Edward%20Skidelsky&tbm=isch;995; ;
1994;Ne Adam Ne Hayvan - Feminizm ve Hayvanlarin Savunulmasi;Carol J. Adams;Ne Adam Ne Hayvan - Feminizm ve Hayvanlarin Savunulmasi. Carol J. Adams;yes;;;2021;416;category?;read?;-;📋;reread?;G-4;homelibrary;https://www.google.com/search?q=Ne%20Adam%20Ne%20Hayvan%20-%20Feminizm%20ve%20Hayvanlarin%20Savunulmasi%20Carol%20J.%20Adams;https://www.google.com/search?q=Ne%20Adam%20Ne%20Hayvan%20-%20Feminizm%20ve%20Hayvanlarin%20Savunulmasi%20Carol%20J.%20Adams&tbm=isch;994; ;
1993;Nbr Gnclk;Ayse Onursal;Nbr Gnclk. Ayse Onursal;released;;yes;2006;109;category?;read?;-;tbr?;reread?;H-3;homelibrary;https://www.google.com/search?q=Nbr%20Gnclk%20Ayse%20Onursal;https://www.google.com/search?q=Nbr%20Gnclk%20Ayse%20Onursal&tbm=isch;993; ;
1992;Nasil Steve Jobs Olunur?;Leander Kahney;Nasil Steve Jobs Olunur?. Leander Kahney;released;;yes;2009;303;category?;read?;-;tbr?;reread?;F-1;homelibrary;https://www.google.com/search?q=Nasil%20Steve%20Jobs%20Olunur?%20Leander%20Kahney;https://www.google.com/search?q=Nasil%20Steve%20Jobs%20Olunur?%20Leander%20Kahney&tbm=isch;992; ;
1991;Nasil Sanatci Olunur;Jery Saltz;Nasil Sanatci Olunur. Jery Saltz;yes;;;2021;149;category?;read?;-;📋;reread?;B-3;homelibrary;https://www.google.com/search?q=Nasil%20Sanatci%20Olunur%20Jery%20%20Saltz;https://www.google.com/search?q=Nasil%20Sanatci%20Olunur%20Jery%20%20Saltz&tbm=isch;991; ;
1990;Nasil Ogreniriz;Benedict Carey;Nasil Ogreniriz. Benedict Carey;yes;;;2016;304;category?;read?;-;tbr?;reread?;G-9;homelibrary;https://www.google.com/search?q=Nasil%20Ogreniriz%20Benedict%20Carey;https://www.google.com/search?q=Nasil%20Ogreniriz%20Benedict%20Carey&tbm=isch;990; ;
1989;Nasil Mutlu Olunur?;Sonja Lyubomirsky;Nasil Mutlu Olunur?. Sonja Lyubomirsky;yes;;;2008;328;category?;read?;-;📋;reread?;E-6;homelibrary;https://www.google.com/search?q=Nasil%20Mutlu%20Olunur?%20Sonja%20Lyubomirsky;https://www.google.com/search?q=Nasil%20Mutlu%20Olunur?%20Sonja%20Lyubomirsky&tbm=isch;989; ;
1988;Nasil Mutlu Olunur (En Azindan Nasil Daha Az Uzgun Olunur);Lee Crutchley;Nasil Mutlu Olunur (En Azindan Nasil Daha Az Uzgun Olunur). Lee Crutchley;yes;;;2017;160;category?;read?;-;tbr?;reread?;E-4;homelibrary;https://www.google.com/search?q=Nasil%20Mutlu%20Olunur%20(En%20Azindan%20Nasil%20Daha%20Az%20Uzgun%20Olunur)%20Lee%20Crutchley;https://www.google.com/search?q=Nasil%20Mutlu%20Olunur%20(En%20Azindan%20Nasil%20Daha%20Az%20Uzgun%20Olunur)%20Lee%20Crutchley&tbm=isch;988; ;
1987;Nasil Dunya Kasifi Olunur;Keri Smith;Nasil Dunya Kasifi Olunur. Keri Smith;yes;;;2018;210;category?;read?;-;tbr?;reread?;D-9;homelibrary;https://www.google.com/search?q=Nasil%20Dunya%20Kasifi%20Olunur%20Keri%20Smith;https://www.google.com/search?q=Nasil%20Dunya%20Kasifi%20Olunur%20Keri%20Smith&tbm=isch;987; ;
1986;Nasil Bir Kir Cicegi Olunur?;Katie Daisy;Nasil Bir Kir Cicegi Olunur?. Katie Daisy;yes;;;2017;208;category?;read?;-;tbr?;reread?;E-4;homelibrary;https://www.google.com/search?q=Nasil%20Bir%20Kir%20Cicegi%20Olunur?%20Katie%20Daisy;https://www.google.com/search?q=Nasil%20Bir%20Kir%20Cicegi%20Olunur?%20Katie%20Daisy&tbm=isch;986; ;
1985;Narsisizm Kulturu - Beklentilerin Azaldigi Bir Cagda Amerikan Hayati;Christopher Lasch;Narsisizm Kulturu - Beklentilerin Azaldigi Bir Cagda Amerikan Hayati. Christopher Lasch;yes;;;2021;360;category?;read?;-;📋;reread?;A-5;homelibrary;https://www.google.com/search?q=Narsisizm%20Kulturu%20-%20Beklentilerin%20Azaldigi%20Bir%20Cagda%20Amerikan%20Hayati%20Christopher%20Lasch;https://www.google.com/search?q=Narsisizm%20Kulturu%20-%20Beklentilerin%20Azaldigi%20Bir%20Cagda%20Amerikan%20Hayati%20Christopher%20Lasch&tbm=isch;985; ;
1984;Narsisistik Bir Dunyada Hayatta Kalma Rehberi;Sandy Hotchkiss;Narsisistik Bir Dunyada Hayatta Kalma Rehberi. Sandy Hotchkiss;yes;;;2021;272;category?;✅;-;tbr?;📖;A-5;homelibrary;https://www.google.com/search?q=Narsisistik%20Bir%20Dunyada%20Hayatta%20Kalma%20Rehberi%20Sandy%20Hotchkiss;https://www.google.com/search?q=Narsisistik%20Bir%20Dunyada%20Hayatta%20Kalma%20Rehberi%20Sandy%20Hotchkiss&tbm=isch;984; ;
1983;Nano Teknoloji;Jack Uldrich, Deb Newberry;Nano Teknoloji. Jack Uldrich, Deb Newberry;yes;;;2008;239;category?;read?;-;tbr?;reread?;C-4;homelibrary;https://www.google.com/search?q=Nano%20Teknoloji%20Jack%20Uldrich,%20Deb%20Newberry;https://www.google.com/search?q=Nano%20Teknoloji%20Jack%20Uldrich,%20Deb%20Newberry&tbm=isch;983; ;
1982;Nagomi Yolu;Ken Mogi;Nagomi Yolu. Ken Mogi;no;;;2023;128;category?;read?;-;📋;reread?;E-5;homelibrary;https://www.google.com/search?q=Nagomi%20Yolu%20Ken%20Mogi;https://www.google.com/search?q=Nagomi%20Yolu%20Ken%20Mogi&tbm=isch;982; ;
1981;Mutsuzlugun Kokenleri - Kisisel Buhranlara Yeni Bir Yaklasim;David Smail;Mutsuzlugun Kokenleri - Kisisel Buhranlara Yeni Bir Yaklasim. David Smail;n/a;;;2023;236;category?;read?;-;📋;reread?;E-6;house-2;https://www.google.com/search?q=Mutsuzlugun%20Kokenleri%20-%20Kisisel%20Buhranlara%20Yeni%20Bir%20Yaklasim%20David%20Smail;https://www.google.com/search?q=Mutsuzlugun%20Kokenleri%20-%20Kisisel%20Buhranlara%20Yeni%20Bir%20Yaklasim%20David%20Smail&tbm=isch;981; ;
1980;Mutsuz Olmak - Bir Yureklendirme;Wilhelm Schmid;Mutsuz Olmak - Bir Yureklendirme. Wilhelm Schmid;yes;;;2015;92;category?;✅;-;tbr?;📖;H-3;homelibrary;https://www.google.com/search?q=Mutsuz%20Olmak%20-%20Bir%20Yureklendirme%20Wilhelm%20Schmid;https://www.google.com/search?q=Mutsuz%20Olmak%20-%20Bir%20Yureklendirme%20Wilhelm%20Schmid&tbm=isch;980; ;
1979;Mutluluk… - Mutlu Olunacak 500 Sey;Lisa Swerling, Ralph Lazar;Mutluluk… - Mutlu Olunacak 500 Sey. Lisa Swerling, Ralph Lazar;released;;yes;2018;272;category?;read?;-;tbr?;reread?;D-5;homelibrary;https://www.google.com/search?q=Mutluluk%E2%80%A6%20-%20Mutlu%20Olunacak%20500%20Sey%20Lisa%20Swerling,%20Ralph%20Lazar;https://www.google.com/search?q=Mutluluk%E2%80%A6%20-%20Mutlu%20Olunacak%20500%20Sey%20Lisa%20Swerling,%20Ralph%20Lazar&tbm=isch;979; ;
1978;Mutluluklar Kitabi;Oprah Winfrey;Mutluluklar Kitabi. Oprah Winfrey;yes;;;2021;184;category?;read?;-;📋;reread?;G-9;homelibrary;https://www.google.com/search?q=Mutluluklar%20Kitabi%20Oprah%20Winfrey;https://www.google.com/search?q=Mutluluklar%20Kitabi%20Oprah%20Winfrey&tbm=isch;978; ;
1977;Mutluluk Varsayimi - Modern Gercekligi Kadim Bilgelikte Bulmak;Jonathan Haidt;Mutluluk Varsayimi - Modern Gercekligi Kadim Bilgelikte Bulmak. Jonathan Haidt;n/a;;;2014;336;category?;read?;-;📋;reread?;E-6;house-2;https://www.google.com/search?q=Mutluluk%20Varsayimi%20-%20Modern%20Gercekligi%20Kadim%20Bilgelikte%20Bulmak%20Jonathan%20Haidt;https://www.google.com/search?q=Mutluluk%20Varsayimi%20-%20Modern%20Gercekligi%20Kadim%20Bilgelikte%20Bulmak%20Jonathan%20Haidt&tbm=isch;977; ;
1976;Mutluluk Vaadi;Sara Ahmed;Mutluluk Vaadi. Sara Ahmed;n/a;;;2016;325;category?;read?;-;📋;reread?;E-6;house-2;https://www.google.com/search?q=Mutluluk%20Vaadi%20Sara%20Ahmed;https://www.google.com/search?q=Mutluluk%20Vaadi%20Sara%20Ahmed&tbm=isch;976; ;
1975;Mutluluk Uzerine Cesitlemeler;Daniel Gilbert;Mutluluk Uzerine Cesitlemeler. Daniel Gilbert;n/a;;;2009;296;Philosophy & Meaning;✅;-;tbr?;📖;A-6;house-2;https://www.google.com/search?q=Mutluluk%20Uzerine%20Cesitlemeler%20Daniel%20Gilbert;https://www.google.com/search?q=Mutluluk%20Uzerine%20Cesitlemeler%20Daniel%20Gilbert&tbm=isch;975; ;
1974;Mutluluk Uygulamalari;Ruth A. Baer;Mutluluk Uygulamalari. Ruth A. Baer;yes;;;2015;384;category?;read?;-;📋;reread?;E-6;homelibrary;https://www.google.com/search?q=Mutluluk%20Uygulamalari%20Ruth%20A.%20Baer;https://www.google.com/search?q=Mutluluk%20Uygulamalari%20Ruth%20A.%20Baer&tbm=isch;974; ;
1973;Mutluluk Ustune Felsefi Bir Yolculuk;Frederic Lenoir;Mutluluk Ustune Felsefi Bir Yolculuk. Frederic Lenoir;no;;;2018;232;category?;read?;-;📋;reread?;E-5;homelibrary;https://www.google.com/search?q=Mutluluk%20Ustune%20Felsefi%20Bir%20Yolculuk%20Frederic%20Lenoir;https://www.google.com/search?q=Mutluluk%20Ustune%20Felsefi%20Bir%20Yolculuk%20Frederic%20Lenoir&tbm=isch;973; ;
1972;Mutluluk Tuzagi;Russ Harris;Mutluluk Tuzagi. Russ Harris;yes;;;2022;384;category?;read?;-;📋;reread?;E-7;homelibrary;https://www.google.com/search?q=Mutluluk%20Tuzagi%20Russ%20Harris;https://www.google.com/search?q=Mutluluk%20Tuzagi%20Russ%20Harris&tbm=isch;972; ;
1971;Mutluluk Paradoksu;Ziyad Marar;Mutluluk Paradoksu. Ziyad Marar;yes;;;2022;216;category?;read?;-;📋;reread?;E-6;homelibrary;https://www.google.com/search?q=Mutluluk%20Paradoksu%20Ziyad%20Marar;https://www.google.com/search?q=Mutluluk%20Paradoksu%20Ziyad%20Marar&tbm=isch;971; ;
1970;Mutluluk Endustrisi;William Davies;Mutluluk Endustrisi. William Davies;n/a;;;2018;194;category?;read?;-;📋;reread?;E-6;house-2;https://www.google.com/search?q=Mutluluk%20Endustrisi%20William%20Davies;https://www.google.com/search?q=Mutluluk%20Endustrisi%20William%20Davies&tbm=isch;970; ;
1969;Mutluluk Dagitmak;Tony Hsieh;Mutluluk Dagitmak. Tony Hsieh;no;;;2011;256;category?;✅;-;tbr?;reread?;D-2;homelibrary;https://www.google.com/search?q=Mutluluk%20Dagitmak%20Tony%20Hsieh;https://www.google.com/search?q=Mutluluk%20Dagitmak%20Tony%20Hsieh&tbm=isch;969; ;
1968;Mutluluk Ciddi Bir Sorundur - Insan Dogasi Onarim El Kitabi;Dennis Prager;Mutluluk Ciddi Bir Sorundur - Insan Dogasi Onarim El Kitabi. Dennis Prager;yes;;;2012;208;category?;read?;-;📋;reread?;E-6;homelibrary;https://www.google.com/search?q=Mutluluk%20Ciddi%20Bir%20Sorundur%20-%20Insan%20Dogasi%20Onarim%20El%20Kitabi%20Dennis%20Prager;https://www.google.com/search?q=Mutluluk%20Ciddi%20Bir%20Sorundur%20-%20Insan%20Dogasi%20Onarim%20El%20Kitabi%20Dennis%20Prager&tbm=isch;968; ;
1967;Mutluluk Bir Aliskanliktir;Maxwell Maltz;Mutluluk Bir Aliskanliktir. Maxwell Maltz;yes;;;2013;344;category?;read?;-;📋;reread?;E-6;homelibrary;https://www.google.com/search?q=Mutluluk%20Bir%20Aliskanliktir%20Maxwell%20Maltz;https://www.google.com/search?q=Mutluluk%20Bir%20Aliskanliktir%20Maxwell%20Maltz&tbm=isch;967; ;
1966;Mutluluk Avantaji - Pozitif Dusunme Yontemiyle Basariyla Yakalamak;Shawn Achor;Mutluluk Avantaji - Pozitif Dusunme Yontemiyle Basariyla Yakalamak. Shawn Achor;yes;;;2013;285;category?;read?;-;📋;reread?;E-6;homelibrary;https://www.google.com/search?q=Mutluluk%20Avantaji%20-%20Pozitif%20Dusunme%20Yontemiyle%20Basariyla%20Yakalamak%20Shawn%20Achor;https://www.google.com/search?q=Mutluluk%20Avantaji%20-%20Pozitif%20Dusunme%20Yontemiyle%20Basariyla%20Yakalamak%20Shawn%20Achor&tbm=isch;966; ;
1965;Mutluluk Arayisi - Doyuma Yonelik Farkindalik Adimlari;Mike Annesley;Mutluluk Arayisi - Doyuma Yonelik Farkindalik Adimlari. Mike Annesley;yes;;;2019;196;category?;read?;-;📋;reread?;E-6;homelibrary;https://www.google.com/search?q=Mutluluk%20Arayisi%20-%20Doyuma%20Yonelik%20Farkindalik%20Adimlari%20Mike%20Annesley;https://www.google.com/search?q=Mutluluk%20Arayisi%20-%20Doyuma%20Yonelik%20Farkindalik%20Adimlari%20Mike%20Annesley&tbm=isch;965; ;
1964;Mutlulugun Sakincalari;Elizabeth Farrelly;Mutlulugun Sakincalari. Elizabeth Farrelly;n/a;;;2018;252;category?;read?;-;📋;reread?;E-6;house-2;https://www.google.com/search?q=Mutlulugun%20Sakincalari%20Elizabeth%20Farrelly;https://www.google.com/search?q=Mutlulugun%20Sakincalari%20Elizabeth%20Farrelly&tbm=isch;964; ;
1963;Mutlulugun Mimarisi;Alain De Botton;Mutlulugun Mimarisi. Alain De Botton;yes;;;2020;312;category?;read?;-;📋;reread?;D-4;homelibrary;https://www.google.com/search?q=Mutlulugun%20Mimarisi%20Alain%20De%20Botton;https://www.google.com/search?q=Mutlulugun%20Mimarisi%20Alain%20De%20Botton&tbm=isch;963; ;
1962;Mutlulugun Iki Yolu;Bert Hellinger, Gunthard Weber;Mutlulugun Iki Yolu. Bert Hellinger, Gunthard Weber;yes;;;2022;432;category?;read?;-;📋;reread?;A-9;homelibrary;https://www.google.com/search?q=Mutlulugun%20Iki%20Yolu%20Bert%20Hellinger,%20Gunthard%20Weber;https://www.google.com/search?q=Mutlulugun%20Iki%20Yolu%20Bert%20Hellinger,%20Gunthard%20Weber&tbm=isch;962; ;
1961;Mutlulugun Formulu;Stefan Klein;Mutlulugun Formulu. Stefan Klein;yes;;;2004;312;category?;read?;-;📋;reread?;E-6;homelibrary;https://www.google.com/search?q=Mutlulugun%20Formulu%20Stefan%20Klein;https://www.google.com/search?q=Mutlulugun%20Formulu%20Stefan%20Klein&tbm=isch;961; ;
1960;Mutlulugun Formulu;Neil Pasricha;Mutlulugun Formulu. Neil Pasricha;no;;;2020;320;category?;read?;-;📋;reread?;E-5;homelibrary;https://www.google.com/search?q=Mutlulugun%20Formulu%20Neil%20Pasricha;https://www.google.com/search?q=Mutlulugun%20Formulu%20Neil%20Pasricha&tbm=isch;960; ;
1959;Mutlulugun Cografyasi;Eric Weiner;Mutlulugun Cografyasi. Eric Weiner;yes;;;2010;400;category?;✅;-;tbr?;📖;E-6;homelibrary;https://www.google.com/search?q=Mutlulugun%20Cografyasi%20Eric%20Weiner;https://www.google.com/search?q=Mutlulugun%20Cografyasi%20Eric%20Weiner&tbm=isch;959; ;
1958;Mutlulugun Algoritmasi;Mo Gawdat;Mutlulugun Algoritmasi. Mo Gawdat;yes;;;2019;384;category?;read?;-;📋;reread?;E-6;homelibrary;https://www.google.com/search?q=Mutlulugun%20Algoritmasi%20Mo%20Gawdat;https://www.google.com/search?q=Mutlulugun%20Algoritmasi%20Mo%20Gawdat&tbm=isch;958; ;
1957;Mutluluga Ovgu;Matthieu Ricard;Mutluluga Ovgu. Matthieu Ricard;yes;;;2021;344;category?;read?;-;📋;reread?;E-6;homelibrary;https://www.google.com/search?q=Mutluluga%20Ovgu%20Matthieu%20Ricard;https://www.google.com/search?q=Mutluluga%20Ovgu%20Matthieu%20Ricard&tbm=isch;957; ;
1956;Mutlu Yurttas Imalati - Mutluluk Endustrisi Hayatimizi Nasil Kontrol Ediyor?;Eva Illouz, Edgar Cabanas;Mutlu Yurttas Imalati - Mutluluk Endustrisi Hayatimizi Nasil Kontrol Ediyor?. Eva Illouz, Edgar Cabanas;n/a;;;2023;256;category?;read?;-;📋;reread?;A-5;house-2;https://www.google.com/search?q=Mutlu%20Yurttas%20Imalati%20-%20Mutluluk%20Endustrisi%20Hayatimizi%20Nasil%20Kontrol%20Ediyor?%20Eva%20Illouz,%20Edgar%20Cabanas;https://www.google.com/search?q=Mutlu%20Yurttas%20Imalati%20-%20Mutluluk%20Endustrisi%20Hayatimizi%20Nasil%20Kontrol%20Ediyor?%20Eva%20Illouz,%20Edgar%20Cabanas&tbm=isch;956; ;
1955;Mutlu Pazartesiler;Richard Reeves;Mutlu Pazartesiler. Richard Reeves;no;;;2003;216;category?;✅;-;tbr?;reread?;C-2;homelibrary;https://www.google.com/search?q=Mutlu%20Pazartesiler%20Richard%20Reeves;https://www.google.com/search?q=Mutlu%20Pazartesiler%20Richard%20Reeves&tbm=isch;955; ;
1954;Mutlu Olmaniz Icin Vazgecmeniz Gereken 15 Sey;Luminita D. Saviuc;Mutlu Olmaniz Icin Vazgecmeniz Gereken 15 Sey. Luminita D. Saviuc;yes;;;2018;200;category?;✅;-;tbr?;📖;E-6;homelibrary;https://www.google.com/search?q=Mutlu%20Olmaniz%20Icin%20Vazgecmeniz%20Gereken%2015%20Sey%20Luminita%20D.%20Saviuc;https://www.google.com/search?q=Mutlu%20Olmaniz%20Icin%20Vazgecmeniz%20Gereken%2015%20Sey%20Luminita%20D.%20Saviuc&tbm=isch;954; ;
1953;Mutlu Beyin - Mutluluk Nereden ve Nasil Gelir;Dean Burnett;Mutlu Beyin - Mutluluk Nereden ve Nasil Gelir. Dean Burnett;yes;;;2021;376;category?;read?;-;📋;reread?;A-4;homelibrary;https://www.google.com/search?q=Mutlu%20Beyin%20-%20Mutluluk%20Nereden%20ve%20Nasil%20Gelir%20Dean%20Burnett;https://www.google.com/search?q=Mutlu%20Beyin%20-%20Mutluluk%20Nereden%20ve%20Nasil%20Gelir%20Dean%20Burnett&tbm=isch;953; ;
1952;Mutlu Beyin - Mutluluk Hormonlarinizi Yonetin;Loretta Graziano Breuning;Mutlu Beyin - Mutluluk Hormonlarinizi Yonetin. Loretta Graziano Breuning;yes;;;2021;198;category?;read?;-;📋;reread?;E-6;homelibrary;https://www.google.com/search?q=Mutlu%20Beyin%20-%20Mutluluk%20Hormonlarinizi%20Yonetin%20Loretta%20Graziano%20Breuning;https://www.google.com/search?q=Mutlu%20Beyin%20-%20Mutluluk%20Hormonlarinizi%20Yonetin%20Loretta%20Graziano%20Breuning&tbm=isch;952; ;
1951;Mutfak Sirlari - Ascilik Dunyasindan Mahrem Maceralar;Anthony Bourdain;Mutfak Sirlari - Ascilik Dunyasindan Mahrem Maceralar. Anthony Bourdain;yes;;;2018;364;category?;✅;-;tbr?;reread?;A-1;homelibrary;https://www.google.com/search?q=Mutfak%20Sirlari%20-%20Ascilik%20Dunyasindan%20Mahrem%20Maceralar%20Anthony%20Bourdain;https://www.google.com/search?q=Mutfak%20Sirlari%20-%20Ascilik%20Dunyasindan%20Mahrem%20Maceralar%20Anthony%20Bourdain&tbm=isch;951; ;
1950;Mutfak Okulunda Ogrendigim 101 Sey;Louis Eguaras;Mutfak Okulunda Ogrendigim 101 Sey. Louis Eguaras;no;;;2011;101;Simple Living & Everyday Comforts;✅;-;tbr?;reread?;A-9;homelibrary;https://www.google.com/search?q=Mutfak%20Okulunda%20Ogrendigim%20101%20Sey%20Louis%20Eguaras;https://www.google.com/search?q=Mutfak%20Okulunda%20Ogrendigim%20101%20Sey%20Louis%20Eguaras&tbm=isch;950; ;
1949;Musterek Dusunceler - Farkinda Olmak, Degisebilmek ve Bitimli Bir Yasamda Var Olmak Uzerine;Begum Basoglu, Ege Erim;Musterek Dusunceler - Farkinda Olmak, Degisebilmek ve Bitimli Bir Yasamda Var Olmak Uzerine. Begum Basoglu, Ege Erim;yes;;;2021;336;category?;read?;-;📋;reread?;D-8;homelibrary;https://www.google.com/search?q=Musterek%20Dusunceler%20-%20Farkinda%20Olmak,%20Degisebilmek%20ve%20Bitimli%20Bir%20Yasamda%20Var%20Olmak%20Uzerine%20Begum%20Basoglu,%20Ege%20Erim;https://www.google.com/search?q=Musterek%20Dusunceler%20-%20Farkinda%20Olmak,%20Degisebilmek%20ve%20Bitimli%20Bir%20Yasamda%20Var%20Olmak%20Uzerine%20Begum%20Basoglu,%20Ege%20Erim&tbm=isch;949; ;
1948;Musmutlu Yumus Yumak;Sarah Andersen;Musmutlu Yumus Yumak. Sarah Andersen;no;;;2018;128;category?;read?;-;tbr?;reread?;E-10;homelibrary;https://www.google.com/search?q=Musmutlu%20Yumus%20Yumak%20Sarah%20Andersen;https://www.google.com/search?q=Musmutlu%20Yumus%20Yumak%20Sarah%20Andersen&tbm=isch;948; ;
1947;Mukemmeli Surus;David Kiley;Mukemmeli Surus. David Kiley;no;;;2007;291;category?;read?;-;tbr?;reread?;C-2;homelibrary;https://www.google.com/search?q=Mukemmeli%20Surus%20David%20Kiley;https://www.google.com/search?q=Mukemmeli%20Surus%20David%20Kiley&tbm=isch;947; ;
1946;Mukemmeli Secmek;Jim Collins, Morten T. Hansen;Mukemmeli Secmek. Jim Collins, Morten T. Hansen;released;;yes;2013;312;category?;read?;-;tbr?;reread?;D-2;homelibrary;https://www.google.com/search?q=Mukemmeli%20Secmek%20Jim%20Collins,%20Morten%20T.%20Hansen;https://www.google.com/search?q=Mukemmeli%20Secmek%20Jim%20Collins,%20Morten%20T.%20Hansen&tbm=isch;946; ;
1945;Mukemmel Olmamanin Hediyeleri - Olmaniz Gerektihini Ousundugunuz Kisiyi Birakin Oldugunuz Kisiyi Kucaklayin;Brene Brown;Mukemmel Olmamanin Hediyeleri - Olmaniz Gerektihini Ousundugunuz Kisiyi Birakin Oldugunuz Kisiyi Kucaklayin. Brene Brown;yes;;;2022;184;Personal Growth & Productivity;read?;-;📋;reread?;G-8;homelibrary;https://www.google.com/search?q=Mukemmel%20Olmamanin%20Hediyeleri%20-%20Olmaniz%20Gerektihini%20Ousundugunuz%20Kisiyi%20Birakin%20Oldugunuz%20Kisiyi%20Kucaklayin%20Brene%20Brown;https://www.google.com/search?q=Mukemmel%20Olmamanin%20Hediyeleri%20-%20Olmaniz%20Gerektihini%20Ousundugunuz%20Kisiyi%20Birakin%20Oldugunuz%20Kisiyi%20Kucaklayin%20Brene%20Brown&tbm=isch;945; ;
1944;Muhendislik Okulunda Ogrendigim 101 Sey;John Kuprenas, Matthew Frederick;Muhendislik Okulunda Ogrendigim 101 Sey. John Kuprenas, Matthew Frederick;no;;;2014;216;category?;✅;-;tbr?;reread?;A-9;homelibrary;https://www.google.com/search?q=Muhendislik%20Okulunda%20Ogrendigim%20101%20Sey%20John%20Kuprenas,%20Matthew%20Frederick;https://www.google.com/search?q=Muhendislik%20Okulunda%20Ogrendigim%20101%20Sey%20John%20Kuprenas,%20Matthew%20Frederick&tbm=isch;944; ;
1943;Mucize Dolu Bir Yil;Marianne Williamson;Mucize Dolu Bir Yil. Marianne Williamson;yes;;;2015;420;category?;read?;-;tbr?;reread?;B-7;homelibrary;https://www.google.com/search?q=Mucize%20Dolu%20Bir%20Yil%20Marianne%20Williamson;https://www.google.com/search?q=Mucize%20Dolu%20Bir%20Yil%20Marianne%20Williamson&tbm=isch;943; ;
1942;Mor Inek;Seth Godin;Mor Inek. Seth Godin;no;;;2016;208;category?;✅;-;tbr?;📖;C-2;homelibrary;https://www.google.com/search?q=Mor%20Inek%20Seth%20Godin;https://www.google.com/search?q=Mor%20Inek%20Seth%20Godin&tbm=isch;942; ;
1941;Modernligin Sosyolojisi - Ozgurluk ve Cezalandirma;Peter Wagner;Modernligin Sosyolojisi - Ozgurluk ve Cezalandirma. Peter Wagner;yes;;;2005;366;category?;read?;-;📋;reread?;F-5;homelibrary;https://www.google.com/search?q=Modernligin%20Sosyolojisi%20-%20Ozgurluk%20ve%20Cezalandirma%20Peter%20Wagner;https://www.google.com/search?q=Modernligin%20Sosyolojisi%20-%20Ozgurluk%20ve%20Cezalandirma%20Peter%20Wagner&tbm=isch;941; ;
1940;Modernligin Sonuclari;Anthony Giddens;Modernligin Sonuclari. Anthony Giddens;yes;;;2016;192;category?;read?;-;📋;reread?;F-5;homelibrary;https://www.google.com/search?q=Modernligin%20Sonuclari%20Anthony%20Giddens;https://www.google.com/search?q=Modernligin%20Sonuclari%20Anthony%20Giddens&tbm=isch;940; ;
1939;Modernligin Elestirisi;Alain Touraine;Modernligin Elestirisi. Alain Touraine;yes;;;2018;504;category?;read?;-;📋;reread?;H-3;homelibrary;https://www.google.com/search?q=Modernligin%20Elestirisi%20Alain%20Touraine;https://www.google.com/search?q=Modernligin%20Elestirisi%20Alain%20Touraine&tbm=isch;939; ;
1938;Modernlesmenin Paradokslari;Hans Van Der Loo, Williem Van Reijen;Modernlesmenin Paradokslari. Hans Van Der Loo, Williem Van Reijen;no;;;2003;340;category?;read?;-;tbr?;reread?;G-5;homelibrary;https://www.google.com/search?q=Modernlesmenin%20Paradokslari%20Hans%20Van%20Der%20Loo,%20Williem%20Van%20Reijen;https://www.google.com/search?q=Modernlesmenin%20Paradokslari%20Hans%20Van%20Der%20Loo,%20Williem%20Van%20Reijen&tbm=isch;938; ;
1937;Modernizm;Christopher Butler;Modernizm. Christopher Butler;no;;;2013;145;category?;read?;-;tbr?;reread?;G-6;homelibrary;https://www.google.com/search?q=Modernizm%20Christopher%20Butler;https://www.google.com/search?q=Modernizm%20Christopher%20Butler&tbm=isch;937; ;
1936;Modern Psikoloji Tarihi;Duane P. Schultz, Sydney Ellen Schultz;Modern Psikoloji Tarihi. Duane P. Schultz, Sydney Ellen Schultz;no;;;2020;768;category?;read?;-;tbr?;reread?;B-9;homelibrary;https://www.google.com/search?q=Modern%20Psikoloji%20Tarihi%20Duane%20P.%20Schultz,%20Sydney%20Ellen%20Schultz;https://www.google.com/search?q=Modern%20Psikoloji%20Tarihi%20Duane%20P.%20Schultz,%20Sydney%20Ellen%20Schultz&tbm=isch;936; ;
1935;Modern Beynin Evrimi - E-Beyin;Gary Small, Gigi Vorgan;Modern Beynin Evrimi - E-Beyin. Gary Small, Gigi Vorgan;no;;;2009;272;category?;read?;-;tbr?;reread?;F-3;homelibrary;https://www.google.com/search?q=Modern%20Beynin%20Evrimi%20-%20E-Beyin%20Gary%20Small,%20Gigi%20Vorgan;https://www.google.com/search?q=Modern%20Beynin%20Evrimi%20-%20E-Beyin%20Gary%20Small,%20Gigi%20Vorgan&tbm=isch;935; ;
1934;Modanin Iktidari;Arzu Suzmen;Modanin Iktidari. Arzu Suzmen;released;;yes;2015;128;Consumer & Marketing;✅;-;tbr?;reread?;G-8;homelibrary;https://www.google.com/search?q=Modanin%20Iktidari%20Arzu%20Suzmen;https://www.google.com/search?q=Modanin%20Iktidari%20Arzu%20Suzmen&tbm=isch;934; ;
1933;Modada Marka Olmak;Mark Tungate;Modada Marka Olmak. Mark Tungate;yes;;;2006;272;category?;✅;-;tbr?;📖;A-3;homelibrary;https://www.google.com/search?q=Modada%20Marka%20Olmak%20Mark%20Tungate;https://www.google.com/search?q=Modada%20Marka%20Olmak%20Mark%20Tungate&tbm=isch;933; ;
1932;Moda-loji - Moda Calismalarina Giris;Yuniya Kawamura;Moda-loji - Moda Calismalarina Giris. Yuniya Kawamura;yes;;;2016;192;category?;read?;-;tbr?;reread?;E-7;homelibrary;https://www.google.com/search?q=Moda-loji%20-%20Moda%20Calismalarina%20Giris%20Yuniya%20Kawamura;https://www.google.com/search?q=Moda-loji%20-%20Moda%20Calismalarina%20Giris%20Yuniya%20Kawamura&tbm=isch;932; ;
1931;Moda ve Gundemleri;Diana Crane;Moda ve Gundemleri. Diana Crane;yes;;;2003;361;category?;read?;-;📋;reread?;E-7;homelibrary;https://www.google.com/search?q=Moda%20ve%20Gundemleri%20Diana%20Crane;https://www.google.com/search?q=Moda%20ve%20Gundemleri%20Diana%20Crane&tbm=isch;931; ;
1930;Moda Sistemi;Roland Barthes;Moda Sistemi. Roland Barthes;released;;yes;2021;350;category?;read?;-;📋;reread?;G-8;homelibrary;https://www.google.com/search?q=Moda%20Sistemi%20Roland%20Barthes;https://www.google.com/search?q=Moda%20Sistemi%20Roland%20Barthes&tbm=isch;930; ;
1929;Moda Okulunda Ogrendigim 101 Sey;Matthew Frederick, Alfredo Cabrera;Moda Okulunda Ogrendigim 101 Sey. Matthew Frederick, Alfredo Cabrera;no;;;2011;101;category?;✅;-;tbr?;reread?;A-9;homelibrary;https://www.google.com/search?q=Moda%20Okulunda%20Ogrendigim%20101%20Sey%20Matthew%20Frederick,%20Alfredo%20Cabrera;https://www.google.com/search?q=Moda%20Okulunda%20Ogrendigim%20101%20Sey%20Matthew%20Frederick,%20Alfredo%20Cabrera&tbm=isch;929; ;
1928;Moda Moda Dedikleri;Melis Alphan;Moda Moda Dedikleri. Melis Alphan;released;;yes;2008;176;Consumer & Marketing;✅;-;tbr?;reread?;G-8;homelibrary;https://www.google.com/search?q=Moda%20Moda%20Dedikleri%20Melis%20Alphan;https://www.google.com/search?q=Moda%20Moda%20Dedikleri%20Melis%20Alphan&tbm=isch;928; ;
1927;Moda Kitabi;Maud Gabrielson, Alix de Moussac;Moda Kitabi. Maud Gabrielson, Alix de Moussac;no;;;2015;224;category?;read?;-;tbr?;reread?;G-8;homelibrary;https://www.google.com/search?q=Moda%20Kitabi%20Maud%20Gabrielson,%20Alix%20de%20Moussac;https://www.google.com/search?q=Moda%20Kitabi%20Maud%20Gabrielson,%20Alix%20de%20Moussac&tbm=isch;927; ;
1926;Moda Donek Bir Tanricadir;Aysun Kaba;Moda Donek Bir Tanricadir. Aysun Kaba;released;;yes;2015;144;category?;read?;-;tbr?;reread?;G-8;homelibrary;https://www.google.com/search?q=Moda%20Donek%20Bir%20Tanricadir%20Aysun%20Kaba;https://www.google.com/search?q=Moda%20Donek%20Bir%20Tanricadir%20Aysun%20Kaba&tbm=isch;926; ;
1925;Moda;D. Waquet, M. Laporte;Moda. D. Waquet, M. Laporte;no;;;2011;142;category?;read?;-;tbr?;reread?;G-6;homelibrary;https://www.google.com/search?q=Moda%20D.%20Waquet,%20M.%20Laporte;https://www.google.com/search?q=Moda%20D.%20Waquet,%20M.%20Laporte&tbm=isch;925; ;
1924;Mod Terapisi - Diger Yollardan Gitmek;Hannie van Genderen, Gitta Jacob, Laura Seebauer;Mod Terapisi - Diger Yollardan Gitmek. Hannie van Genderen, Gitta Jacob, Laura Seebauer;yes;;;2014;225;category?;read?;-;📋;reread?;A-7;homelibrary;https://www.google.com/search?q=Mod%20Terapisi%20-%20Diger%20Yollardan%20Gitmek%20Hannie%20van%20Genderen,%20Gitta%20Jacob,%20Laura%20Seebauer;https://www.google.com/search?q=Mod%20Terapisi%20-%20Diger%20Yollardan%20Gitmek%20Hannie%20van%20Genderen,%20Gitta%20Jacob,%20Laura%20Seebauer&tbm=isch;924; ;
1923;Miras - Gecmisten Gelecege Bilginin Yol Haritasi;Alan Jacobs;Miras - Gecmisten Gelecege Bilginin Yol Haritasi. Alan Jacobs;yes;;;2021;168;category?;read?;-;📋;reread?;D-5;homelibrary;https://www.google.com/search?q=Miras%20-%20Gecmisten%20Gelecege%20Bilginin%20Yol%20Haritasi%20Alan%20Jacobs;https://www.google.com/search?q=Miras%20-%20Gecmisten%20Gelecege%20Bilginin%20Yol%20Haritasi%20Alan%20Jacobs&tbm=isch;923; ;
1922;Minimalizm - Insanlari Sev Esyalari Kullan - Cunku Tersi Asla Ise Yaramaz;Joshua Fields Millburn , Ryan Nicodemus;Minimalizm - Insanlari Sev Esyalari Kullan - Cunku Tersi Asla Ise Yaramaz. Joshua Fields Millburn , Ryan Nicodemus;yes;;;2022;336;category?;read?;-;📋;reread?;D-8;homelibrary;https://www.google.com/search?q=Minimalizm%20-%20Insanlari%20Sev%20Esyalari%20Kullan%20-%20Cunku%20Tersi%20Asla%20Ise%20Yaramaz%20Joshua%20Fields%20Millburn%20,%20Ryan%20Nicodemus;https://www.google.com/search?q=Minimalizm%20-%20Insanlari%20Sev%20Esyalari%20Kullan%20-%20Cunku%20Tersi%20Asla%20Ise%20Yaramaz%20Joshua%20Fields%20Millburn%20,%20Ryan%20Nicodemus&tbm=isch;922; ;
1921;Minimalizm - Geriye Kalan Her Sey;Joshua Fields Millburn , Ryan Nicodemus;Minimalizm - Geriye Kalan Her Sey. Joshua Fields Millburn , Ryan Nicodemus;yes;;;2018;248;category?;read?;-;📋;reread?;D-8;homelibrary;https://www.google.com/search?q=Minimalizm%20-%20Geriye%20Kalan%20Her%20Sey%20Joshua%20Fields%20Millburn%20,%20Ryan%20Nicodemus;https://www.google.com/search?q=Minimalizm%20-%20Geriye%20Kalan%20Her%20Sey%20Joshua%20Fields%20Millburn%20,%20Ryan%20Nicodemus&tbm=isch;921; ;
1920;Minimalizm - Anlamli Bir Yasam;Joshua Fields Millburn , Ryan Nicodemus;Minimalizm - Anlamli Bir Yasam. Joshua Fields Millburn , Ryan Nicodemus;yes;;;2018;136;category?;read?;-;📋;reread?;D-8;homelibrary;https://www.google.com/search?q=Minimalizm%20-%20Anlamli%20Bir%20Yasam%20Joshua%20Fields%20Millburn%20,%20Ryan%20Nicodemus;https://www.google.com/search?q=Minimalizm%20-%20Anlamli%20Bir%20Yasam%20Joshua%20Fields%20Millburn%20,%20Ryan%20Nicodemus&tbm=isch;920; ;
1919;Minimalist Yasam;Aston Sanderson;Minimalist Yasam. Aston Sanderson;yes;;;2018;72;category?;✅;-;tbr?;reread?;D-8;homelibrary;https://www.google.com/search?q=Minimalist%20Yasam%20Aston%20Sanderson;https://www.google.com/search?q=Minimalist%20Yasam%20Aston%20Sanderson&tbm=isch;919; ;
1918;Mindware Etkili Dusunme Araclari;Richard Nisbett;Mindware Etkili Dusunme Araclari. Richard Nisbett;yes;;;2018;400;category?;read?;-;📋;reread?;D-9;homelibrary;https://www.google.com/search?q=Mindware%20Etkili%20Dusunme%20Araclari%20Richard%20Nisbett;https://www.google.com/search?q=Mindware%20Etkili%20Dusunme%20Araclari%20Richard%20Nisbett&tbm=isch;918; ;
1917;Mindfulness’in Iyilestirici Gucu;Jon Kabat-Zinn;Mindfulness’in Iyilestirici Gucu. Jon Kabat-Zinn;no;;;2021;592;category?;read?;-;tbr?;reread?;G-9;homelibrary;https://www.google.com/search?q=Mindfulness%E2%80%99in%20Iyilestirici%20Gucu%20Jon%20Kabat-Zinn;https://www.google.com/search?q=Mindfulness%E2%80%99in%20Iyilestirici%20Gucu%20Jon%20Kabat-Zinn&tbm=isch;917; ;
1916;Mindfulness - Zivanadan Cikmis Bir Dunyada Huzur Bulmak Icin 8 Haftalik Bir Rehber;Mark Williams, Danny Penman;Mindfulness - Zivanadan Cikmis Bir Dunyada Huzur Bulmak Icin 8 Haftalik Bir Rehber. Mark Williams, Danny Penman;yes;;;2020;29;category?;read?;-;tbr?;reread?;H-8;homelibrary;https://www.google.com/search?q=Mindfulness%20-%20Zivanadan%20Cikmis%20Bir%20Dunyada%20Huzur%20Bulmak%20Icin%208%20Haftalik%20Bir%20Rehber%20Mark%20Williams,%20Danny%20Penman;https://www.google.com/search?q=Mindfulness%20-%20Zivanadan%20Cikmis%20Bir%20Dunyada%20Huzur%20Bulmak%20Icin%208%20Haftalik%20Bir%20Rehber%20Mark%20Williams,%20Danny%20Penman&tbm=isch;916; ;
1915;Mimarlik Okulunda Ogrendigim 101 Sey;Matthew Frederick;Mimarlik Okulunda Ogrendigim 101 Sey. Matthew Frederick;no;;;2018;212;category?;✅;-;tbr?;reread?;A-9;homelibrary;https://www.google.com/search?q=Mimarlik%20Okulunda%20Ogrendigim%20101%20Sey%20Matthew%20Frederick;https://www.google.com/search?q=Mimarlik%20Okulunda%20Ogrendigim%20101%20Sey%20Matthew%20Frederick&tbm=isch;915; ;
1914;Mikroplarinizla Tanisin - Minicik Yaratiklarin Devasa Etkisi;Rob Knight;Mikroplarinizla Tanisin - Minicik Yaratiklarin Devasa Etkisi. Rob Knight;yes;;;2016;130;category?;read?;-;tbr?;reread?;C-4;homelibrary;https://www.google.com/search?q=Mikroplarinizla%20Tanisin%20-%20Minicik%20Yaratiklarin%20Devasa%20Etkisi%20Rob%20Knight;https://www.google.com/search?q=Mikroplarinizla%20Tanisin%20-%20Minicik%20Yaratiklarin%20Devasa%20Etkisi%20Rob%20Knight&tbm=isch;914; ;
1913;Mikrobiyota Icimizdeki Mikroplar - Yasama Buyuleyici Bir Bakis;Ed Yong;Mikrobiyota Icimizdeki Mikroplar - Yasama Buyuleyici Bir Bakis. Ed Yong;yes;;;2018;408;category?;read?;-;tbr?;reread?;B-7;homelibrary;https://www.google.com/search?q=Mikrobiyota%20Icimizdeki%20Mikroplar%20-%20Yasama%20Buyuleyici%20Bir%20Bakis%20Ed%20Yong;https://www.google.com/search?q=Mikrobiyota%20Icimizdeki%20Mikroplar%20-%20Yasama%20Buyuleyici%20Bir%20Bakis%20Ed%20Yong&tbm=isch;913; ;
1912;Artificial Happiness - The Dark Side of the New Happy Class;Ronald W. Dworkin;Artificial Happiness - The Dark Side of the New Happy Class. Ronald W. Dworkin;yes;;;2007;336;category?;read?;-;📋;reread?;F-7;homelibrary;https://www.google.com/search?q=Artificial%20Happiness%20-%20The%20Dark%20Side%20of%20the%20New%20Happy%20Class%20Ronald%20W.%20Dworkin;https://www.google.com/search?q=Artificial%20Happiness%20-%20The%20Dark%20Side%20of%20the%20New%20Happy%20Class%20Ronald%20W.%20Dworkin&tbm=isch;912; ;
1911;Metafor Terapi;Richard R. Koop;Metafor Terapi. Richard R. Koop;yes;;;2021;276;category?;read?;-;📋;reread?;A-5;homelibrary;https://www.google.com/search?q=Metafor%20Terapi%20Richard%20R.%20Koop;https://www.google.com/search?q=Metafor%20Terapi%20Richard%20R.%20Koop&tbm=isch;911; ;
1910;The Revenge of Geography - What the Map Tells Us About Coming Conflicts and the Battle Against Fate;Robert D. Kaplan;The Revenge of Geography - What the Map Tells Us About Coming Conflicts and the Battle Against Fate. Robert D. Kaplan;yes;;;2012;403;category?;read?;-;tbr?;reread?;F-7;homelibrary;https://www.google.com/search?q=The%20Revenge%20of%20Geography%20-%20What%20the%20Map%20Tells%20Us%20About%20Coming%20Conflicts%20and%20the%20Battle%20Against%20Fate%20Robert%20D.%20Kaplan;https://www.google.com/search?q=The%20Revenge%20of%20Geography%20-%20What%20the%20Map%20Tells%20Us%20About%20Coming%20Conflicts%20and%20the%20Battle%20Against%20Fate%20Robert%20D.%20Kaplan&tbm=isch;910; ;
1909;Meslegim Yazarlik;Haruki Murakami;Meslegim Yazarlik. Haruki Murakami;yes;;;2019;208;category?;read?;-;📋;reread?;D-5;homelibrary;https://www.google.com/search?q=Meslegim%20Yazarlik%20Haruki%20Murakami;https://www.google.com/search?q=Meslegim%20Yazarlik%20Haruki%20Murakami&tbm=isch;909; ;
1908;Mesele Ne Kadar Iyi Oldugun Degil, Ne Kadar Iyi Olmak Istedigin.;Paul Arden;Mesele Ne Kadar Iyi Oldugun Degil, Ne Kadar Iyi Olmak Istedigin.. Paul Arden;yes;;;2018;128;category?;✅;-;tbr?;📖;E-4;homelibrary;https://www.google.com/search?q=Mesele%20Ne%20Kadar%20Iyi%20Oldugun%20Degil,%20Ne%20Kadar%20Iyi%20Olmak%20Istedigin.%20Paul%20Arden;https://www.google.com/search?q=Mesele%20Ne%20Kadar%20Iyi%20Oldugun%20Degil,%20Ne%20Kadar%20Iyi%20Olmak%20Istedigin.%20Paul%20Arden&tbm=isch;908; ;
1907;Merhaba Tembellik;Corinne Maier;Merhaba Tembellik. Corinne Maier;yes;;;2006;116;category?;✅;-;tbr?;reread?;C-9;homelibrary;https://www.google.com/search?q=Merhaba%20Tembellik%20Corinne%20Maier;https://www.google.com/search?q=Merhaba%20Tembellik%20Corinne%20Maier&tbm=isch;907; ;
1906;Merhaba Dunya;Hannah Fry;Merhaba Dunya. Hannah Fry;yes;;;2019;256;category?;✅;-;tbr?;📖;C-5;homelibrary;https://www.google.com/search?q=Merhaba%20Dunya%20Hannah%20Fry;https://www.google.com/search?q=Merhaba%20Dunya%20Hannah%20Fry&tbm=isch;906; ;
1905;Meraklisina Psikoloji;Rolf Reber;Meraklisina Psikoloji. Rolf Reber;no;;;2022;248;category?;read?;-;tbr?;reread?;D-3;homelibrary;https://www.google.com/search?q=Meraklisina%20Psikoloji%20Rolf%20Reber;https://www.google.com/search?q=Meraklisina%20Psikoloji%20Rolf%20Reber&tbm=isch;905; ;
1904;Merakli Zihinler;John Brockman;Merakli Zihinler. John Brockman;no;;;2007;247;category?;read?;-;tbr?;reread?;G-1;homelibrary;https://www.google.com/search?q=Merakli%20Zihinler%20John%20Brockman;https://www.google.com/search?q=Merakli%20Zihinler%20John%20Brockman&tbm=isch;904; ;
1903;Merak;Ian Leslie;Merak. Ian Leslie;no;;;2015;280;category?;read?;-;tbr?;reread?;D-3;homelibrary;https://www.google.com/search?q=Merak%20Ian%20Leslie;https://www.google.com/search?q=Merak%20Ian%20Leslie&tbm=isch;903; ;
1902;Mekani Batirmak;Ben Mezrich;Mekani Batirmak. Ben Mezrich;yes;;;2005;312;category?;read?;-;📋;reread?;C-1;homelibrary;https://www.google.com/search?q=Mekani%20Batirmak%20Ben%20Mezrich;https://www.google.com/search?q=Mekani%20Batirmak%20Ben%20Mezrich&tbm=isch;902; ;
1901;Megatrends 2000;John Naisbitt, Patricia Aburdune;Megatrends 2000. John Naisbitt, Patricia Aburdune;no;;;2000;282;category?;read?;-;tbr?;reread?;F-3;homelibrary;https://www.google.com/search?q=Megatrends%202000%20John%20Naisbitt,%20Patricia%20Aburdune;https://www.google.com/search?q=Megatrends%202000%20John%20Naisbitt,%20Patricia%20Aburdune&tbm=isch;901; ;
1900;2050'de Teknoloji - MegaTech;Daniel Franklin;2050'de Teknoloji - MegaTech. Daniel Franklin;yes;;;2021;276;category?;read?;-;tbr?;reread?;C-5;homelibrary;https://www.google.com/search?q=2050%27de%20Teknoloji%20-%20MegaTech%20Daniel%20Franklin;https://www.google.com/search?q=2050%27de%20Teknoloji%20-%20MegaTech%20Daniel%20Franklin&tbm=isch;900; ;
1899;Medya Gercegi;Noam Chomsky;Medya Gercegi. Noam Chomsky;yes;;;2002;522;category?;read?;-;tbr?;reread?;G-5;homelibrary;https://www.google.com/search?q=Medya%20Gercegi%20Noam%20Chomsky;https://www.google.com/search?q=Medya%20Gercegi%20Noam%20Chomsky&tbm=isch;899; ;
1898;Medya Denetimi;Noam Chomsky;Medya Denetimi. Noam Chomsky;yes;;;2016;70;category?;read?;-;tbr?;reread?;G-5;homelibrary;https://www.google.com/search?q=Medya%20Denetimi%20Noam%20Chomsky;https://www.google.com/search?q=Medya%20Denetimi%20Noam%20Chomsky&tbm=isch;898; ;
1897;Medya Abideleri;Mark Tungate;Medya Abideleri. Mark Tungate;no;;;2005;298;category?;read?;-;📋;reread?;A-3;homelibrary;https://www.google.com/search?q=Medya%20Abideleri%20Mark%20Tungate;https://www.google.com/search?q=Medya%20Abideleri%20Mark%20Tungate&tbm=isch;897; ;
1896;Meditasyonun Temelleri;Bora Ercan;Meditasyonun Temelleri. Bora Ercan;yes;;;2022;200;category?;read?;-;tbr?;reread?;H-8;homelibrary;https://www.google.com/search?q=Meditasyonun%20Temelleri%20Bora%20Ercan;https://www.google.com/search?q=Meditasyonun%20Temelleri%20Bora%20Ercan&tbm=isch;896; ;
1895;Meditasyon;Christophe Andre;Meditasyon. Christophe Andre;yes;;;2016;304;category?;✅;-;tbr?;reread?;G-7;homelibrary;https://www.google.com/search?q=Meditasyon%20Christophe%20Andre;https://www.google.com/search?q=Meditasyon%20Christophe%20Andre&tbm=isch;895; ;
1894;Medeniyetler Catismasi;Samuel P. Huntington;Medeniyetler Catismasi. Samuel P. Huntington;n/a;;;2015;568;category?;read?;-;📋;reread?;C-8;house-2;https://www.google.com/search?q=Medeniyetler%20Catismasi%20Samuel%20P.%20Huntington;https://www.google.com/search?q=Medeniyetler%20Catismasi%20Samuel%20P.%20Huntington&tbm=isch;894; ;
1893;Mc World'e Karsi Cihad;Benjamin R. Barber;Mc World'e Karsi Cihad. Benjamin R. Barber;no;;;2003;416;category?;read?;-;tbr?;reread?;H-2;homelibrary;https://www.google.com/search?q=Mc%20World%27e%20Karsi%20Cihad%20Benjamin%20R.%20Barber;https://www.google.com/search?q=Mc%20World%27e%20Karsi%20Cihad%20Benjamin%20R.%20Barber&tbm=isch;893; ;
1892;Maymun Kadar Aklim Olsa;Ben Ambridge;Maymun Kadar Aklim Olsa. Ben Ambridge;no;;;2018;287;category?;read?;-;tbr?;reread?;C-9;homelibrary;https://www.google.com/search?q=Maymun%20Kadar%20Aklim%20Olsa%20Ben%20Ambridge;https://www.google.com/search?q=Maymun%20Kadar%20Aklim%20Olsa%20Ben%20Ambridge&tbm=isch;892; ;
1891;Mavi Okyanus Stratejisi;Renee Mauborgne, W. Chan Kim;Mavi Okyanus Stratejisi. Renee Mauborgne, W. Chan Kim;no;;;2005;240;category?;read?;-;tbr?;reread?;H-9;homelibrary;https://www.google.com/search?q=Mavi%20Okyanus%20Stratejisi%20Renee%20Mauborgne,%20W.%20Chan%20Kim;https://www.google.com/search?q=Mavi%20Okyanus%20Stratejisi%20Renee%20Mauborgne,%20W.%20Chan%20Kim&tbm=isch;891; ;
1890;Maverick;Ricardo Semler;Maverick. Ricardo Semler;no;;;1997;390;Work & Career;✅;-;tbr?;reread?;D-2;homelibrary;https://www.google.com/search?q=Maverick%20Ricardo%20Semler;https://www.google.com/search?q=Maverick%20Ricardo%20Semler&tbm=isch;890; ;
1889;Mastermind - Sherlock Holmes Gibi Dusunmek;Maria Konnikova;Mastermind - Sherlock Holmes Gibi Dusunmek. Maria Konnikova;no;;;2015;336;category?;read?;-;tbr?;reread?;F-3;homelibrary;https://www.google.com/search?q=Mastermind%20-%20Sherlock%20Holmes%20Gibi%20Dusunmek%20Maria%20Konnikova;https://www.google.com/search?q=Mastermind%20-%20Sherlock%20Holmes%20Gibi%20Dusunmek%20Maria%20Konnikova&tbm=isch;889; ;
1888;Master Algoritma - Yapay Ogrenme Hayatimizi Nasil Degistirecek?;Pedro Domingos;Master Algoritma - Yapay Ogrenme Hayatimizi Nasil Degistirecek?. Pedro Domingos;yes;;;2017;416;category?;read?;-;📋;reread?;C-4;homelibrary;https://www.google.com/search?q=Master%20Algoritma%20-%20Yapay%20Ogrenme%20Hayatimizi%20Nasil%20Degistirecek?%20Pedro%20Domingos;https://www.google.com/search?q=Master%20Algoritma%20-%20Yapay%20Ogrenme%20Hayatimizi%20Nasil%20Degistirecek?%20Pedro%20Domingos&tbm=isch;888; ;
1887;Masal Terapi;Judith Malika Liberman;Masal Terapi. Judith Malika Liberman;released;;yes;2015;288;category?;✅;-;tbr?;reread?;D-5;homelibrary;https://www.google.com/search?q=Masal%20Terapi%20Judith%20Malika%20Liberman;https://www.google.com/search?q=Masal%20Terapi%20Judith%20Malika%20Liberman&tbm=isch;887; ;
1886;Mars’ta Nasil Yasariz?;Stephen Petranek;Mars’ta Nasil Yasariz?. Stephen Petranek;yes;;;2016;128;category?;read?;-;tbr?;reread?;C-4;homelibrary;https://www.google.com/search?q=Mars%E2%80%99ta%20Nasil%20Yasariz?%20Stephen%20Petranek;https://www.google.com/search?q=Mars%E2%80%99ta%20Nasil%20Yasariz?%20Stephen%20Petranek&tbm=isch;886; ;
1885;Marshmallow Testi - Otokontrolde Ustalasmak;Walter Mischel;Marshmallow Testi - Otokontrolde Ustalasmak. Walter Mischel;yes;;;2016;344;category?;read?;-;📋;reread?;A-4;homelibrary;https://www.google.com/search?q=Marshmallow%20Testi%20-%20Otokontrolde%20Ustalasmak%20Walter%20Mischel;https://www.google.com/search?q=Marshmallow%20Testi%20-%20Otokontrolde%20Ustalasmak%20Walter%20Mischel&tbm=isch;885; ;
1884;Information Anxiety - What to Do when Information Doesn't Tell You what You Need to Know;Richard Saul Wurman;Information Anxiety - What to Do when Information Doesn't Tell You what You Need to Know. Richard Saul Wurman;yes;;;1990;358;category?;read?;-;📋;reread?;F-7;homelibrary;https://www.google.com/search?q=Information%20Anxiety%20-%20What%20to%20Do%20when%20Information%20Doesn%27t%20Tell%20You%20what%20You%20Need%20to%20Know%20Richard%20Saul%20Wurman;https://www.google.com/search?q=Information%20Anxiety%20-%20What%20to%20Do%20when%20Information%20Doesn%27t%20Tell%20You%20what%20You%20Need%20to%20Know%20Richard%20Saul%20Wurman&tbm=isch;884; ;
1883;Marka Yonetimi;Ugur Bati;Marka Yonetimi. Ugur Bati;released;;yes;2015;440;category?;read?;-;tbr?;reread?;D-1;homelibrary;https://www.google.com/search?q=Marka%20Yonetimi%20Ugur%20Bati;https://www.google.com/search?q=Marka%20Yonetimi%20Ugur%20Bati&tbm=isch;883; ;
1882;The Centerless Corporation - A New Model for Transforming Your Organization for Growth and Prosperity;Bruce A. Pasternack, Albert J. Viscio, Asch Frank;The Centerless Corporation - A New Model for Transforming Your Organization for Growth and Prosperity. Bruce A. Pasternack, Albert J. Viscio, Asch Frank;no;;;1999;320;category?;read?;-;tbr?;reread?;F-7;homelibrary;https://www.google.com/search?q=The%20Centerless%20Corporation%20-%20A%20New%20Model%20for%20Transforming%20Your%20Organization%20for%20Growth%20and%20Prosperity%20Bruce%20A.%20Pasternack,%20Albert%20J.%20Viscio,%20Asch%20Frank;https://www.google.com/search?q=The%20Centerless%20Corporation%20-%20A%20New%20Model%20for%20Transforming%20Your%20Organization%20for%20Growth%20and%20Prosperity%20Bruce%20A.%20Pasternack,%20Albert%20J.%20Viscio,%20Asch%20Frank&tbm=isch;882; ;
1881;Marka Bilmecesi;David Harvey, Duncan Bruce;Marka Bilmecesi. David Harvey, Duncan Bruce;yes;;;2010;219;category?;read?;-;📋;reread?;C-2;homelibrary;https://www.google.com/search?q=Marka%20Bilmecesi%20David%20Harvey,%20Duncan%20Bruce;https://www.google.com/search?q=Marka%20Bilmecesi%20David%20Harvey,%20Duncan%20Bruce&tbm=isch;881; ;
1880;Marka Akli;Duanne E. Knapp;Marka Akli. Duanne E. Knapp;released;;yes;2002;239;category?;read?;-;tbr?;reread?;G-2;homelibrary;https://www.google.com/search?q=Marka%20Akli%20Duanne%20E.%20Knapp;https://www.google.com/search?q=Marka%20Akli%20Duanne%20E.%20Knapp&tbm=isch;880; ;
1879;Mama’nin Son Sarilisi;Frans De Waal;Mama’nin Son Sarilisi. Frans De Waal;yes;;;2020;368;category?;read?;-;tbr?;reread?;G-4;homelibrary;https://www.google.com/search?q=Mama%E2%80%99nin%20Son%20Sarilisi%20Frans%20De%20Waal;https://www.google.com/search?q=Mama%E2%80%99nin%20Son%20Sarilisi%20Frans%20De%20Waal&tbm=isch;879; ;
1878;Makro Degisim;Ervin Laszlo;Makro Degisim. Ervin Laszlo;no;;;2003;232;category?;read?;-;tbr?;reread?;F-3;homelibrary;https://www.google.com/search?q=Makro%20Degisim%20Ervin%20Laszlo;https://www.google.com/search?q=Makro%20Degisim%20Ervin%20Laszlo&tbm=isch;878; ;
1877;Makinenin Kalbi - Yapay Duygusal Zeka Dunyasinda Gelecegimiz;Richard Yonck;Makinenin Kalbi - Yapay Duygusal Zeka Dunyasinda Gelecegimiz. Richard Yonck;yes;;;2019;356;category?;read?;-;tbr?;reread?;C-5;homelibrary;https://www.google.com/search?q=Makinenin%20Kalbi%20-%20Yapay%20Duygusal%20Zeka%20Dunyasinda%20Gelecegimiz%20Richard%20Yonck;https://www.google.com/search?q=Makinenin%20Kalbi%20-%20Yapay%20Duygusal%20Zeka%20Dunyasinda%20Gelecegimiz%20Richard%20Yonck&tbm=isch;877; ;
1876;Makinelerin Yaratici Gucu - Gelecekte Duygularimizi ve Dusuncelerimizi Yapay Zeka mi Belirleyecek?;Holger Volland;Makinelerin Yaratici Gucu - Gelecekte Duygularimizi ve Dusuncelerimizi Yapay Zeka mi Belirleyecek?. Holger Volland;n/a;;;2022;280;category?;read?;-;📋;reread?;C-5;house-2;https://www.google.com/search?q=Makinelerin%20Yaratici%20Gucu%20-%20Gelecekte%20Duygularimizi%20ve%20Dusuncelerimizi%20Yapay%20Zeka%20mi%20Belirleyecek?%20Holger%20Volland;https://www.google.com/search?q=Makinelerin%20Yaratici%20Gucu%20-%20Gelecekte%20Duygularimizi%20ve%20Dusuncelerimizi%20Yapay%20Zeka%20mi%20Belirleyecek?%20Holger%20Volland&tbm=isch;876; ;
1875;Makineler Her Seyi Yaptiginda Biz Ne Yapacagiz;Malcolm Frank, Paul Roehrig, Ben Pring;Makineler Her Seyi Yaptiginda Biz Ne Yapacagiz. Malcolm Frank, Paul Roehrig, Ben Pring;yes;;;2019;271;category?;✅;-;tbr?;reread?;C-5;homelibrary;https://www.google.com/search?q=Makineler%20Her%20Seyi%20Yaptiginda%20Biz%20Ne%20Yapacagiz%20Malcolm%20Frank,%20Paul%20Roehrig,%20Ben%20Pring;https://www.google.com/search?q=Makineler%20Her%20Seyi%20Yaptiginda%20Biz%20Ne%20Yapacagiz%20Malcolm%20Frank,%20Paul%20Roehrig,%20Ben%20Pring&tbm=isch;875; ;
1874;Makine Platform Kitle;Erik Brynjolfsson, Andrew Mcafee;Makine Platform Kitle. Erik Brynjolfsson, Andrew Mcafee;yes;;;2018;424;category?;✅;-;tbr?;📖;C-6;homelibrary;https://www.google.com/search?q=Makine%20Platform%20Kitle%20Erik%20Brynjolfsson,%20Andrew%20Mcafee;https://www.google.com/search?q=Makine%20Platform%20Kitle%20Erik%20Brynjolfsson,%20Andrew%20Mcafee&tbm=isch;874; ;
1873;Makine Olmak - Mutevazi Sorunumuz Olumluluk;Mark O'Connell;Makine Olmak - Mutevazi Sorunumuz Olumluluk. Mark O'Connell;yes;;;2018;272;category?;✅;-;tbr?;reread?;C-5;homelibrary;https://www.google.com/search?q=Makine%20Olmak%20-%20Mutevazi%20Sorunumuz%20Olumluluk%20Mark%20O%27Connell;https://www.google.com/search?q=Makine%20Olmak%20-%20Mutevazi%20Sorunumuz%20Olumluluk%20Mark%20O%27Connell&tbm=isch;873; ;
1872;Mahremiyet - Dijital Toplumda Ozel Hayat;Eirik Lokke;Mahremiyet - Dijital Toplumda Ozel Hayat. Eirik Lokke;yes;;;2018;217;category?;✅;-;tbr?;📖;C-8;homelibrary;https://www.google.com/search?q=Mahremiyet%20-%20Dijital%20Toplumda%20Ozel%20Hayat%20Eirik%20Lokke;https://www.google.com/search?q=Mahremiyet%20-%20Dijital%20Toplumda%20Ozel%20Hayat%20Eirik%20Lokke&tbm=isch;872; ;
1871;Maddi Kulturu Anlamak;Ian Woodward;Maddi Kulturu Anlamak. Ian Woodward;no;;;2016;272;category?;read?;-;tbr?;reread?;E-1;homelibrary;https://www.google.com/search?q=Maddi%20Kulturu%20Anlamak%20Ian%20Woodward;https://www.google.com/search?q=Maddi%20Kulturu%20Anlamak%20Ian%20Woodward&tbm=isch;871; ;
1870;Maddesiz - Bilgi, Deger ve Sermaye;Andre Gorz;Maddesiz - Bilgi, Deger ve Sermaye. Andre Gorz;n/a;;;2011;112;category?;read?;-;📋;reread?;F-5;house-2;https://www.google.com/search?q=Maddesiz%20-%20Bilgi,%20Deger%20ve%20Sermaye%20Andre%20Gorz;https://www.google.com/search?q=Maddesiz%20-%20Bilgi,%20Deger%20ve%20Sermaye%20Andre%20Gorz&tbm=isch;870; ;
1869;Lykke - Dunyanin En Mutlu Insanlarinin Sirlari;Meik Wiking;Lykke - Dunyanin En Mutlu Insanlarinin Sirlari. Meik Wiking;yes;;;2018;288;category?;✅;-;tbr?;reread?;E-4;homelibrary;https://www.google.com/search?q=Lykke%20-%20Dunyanin%20En%20Mutlu%20Insanlarinin%20Sirlari%20Meik%20Wiking;https://www.google.com/search?q=Lykke%20-%20Dunyanin%20En%20Mutlu%20Insanlarinin%20Sirlari%20Meik%20Wiking&tbm=isch;869; ;
1868;Lovemarks Markalarin Otesindeki Gelecek;Kevin Roberts;Lovemarks Markalarin Otesindeki Gelecek. Kevin Roberts;no;;;2006;234;category?;read?;-;tbr?;reread?;F-9;homelibrary;https://www.google.com/search?q=Lovemarks%20Markalarin%20Otesindeki%20Gelecek%20Kevin%20Roberts;https://www.google.com/search?q=Lovemarks%20Markalarin%20Otesindeki%20Gelecek%20Kevin%20Roberts&tbm=isch;868; ;
1867;Lovemarks Etkisi - Tuketici Devriminde Galip Gelmek;Kevin Roberts;Lovemarks Etkisi - Tuketici Devriminde Galip Gelmek. Kevin Roberts;no;;;2011;400;category?;read?;-;tbr?;reread?;F-9;homelibrary;https://www.google.com/search?q=Lovemarks%20Etkisi%20-%20Tuketici%20Devriminde%20Galip%20Gelmek%20Kevin%20Roberts;https://www.google.com/search?q=Lovemarks%20Etkisi%20-%20Tuketici%20Devriminde%20Galip%20Gelmek%20Kevin%20Roberts&tbm=isch;867; ;
1866;Londra - Bilmek Istediginiz Her Sey;Klay Lamprell;Londra - Bilmek Istediginiz Her Sey. Klay Lamprell;no;;;2013;96;category?;read?;-;tbr?;reread?;E-10;homelibrary;https://www.google.com/search?q=Londra%20-%20Bilmek%20Istediginiz%20Her%20Sey%20Klay%20Lamprell;https://www.google.com/search?q=Londra%20-%20Bilmek%20Istediginiz%20Her%20Sey%20Klay%20Lamprell&tbm=isch;866; ;
1865;Loft;Ece Ceyhan Baba;Loft. Ece Ceyhan Baba;no;;;2015;200;category?;read?;-;tbr?;reread?;C-9;homelibrary;https://www.google.com/search?q=Loft%20Ece%20Ceyhan%20Baba;https://www.google.com/search?q=Loft%20Ece%20Ceyhan%20Baba&tbm=isch;865; ;
1864;Light On Yoga - Yogaya Isik;B.K.S. Iyengar;Light On Yoga - Yogaya Isik. B.K.S. Iyengar;no;;;2023;488;category?;read?;-;📋;reread?;E-10;homelibrary;https://www.google.com/search?q=Light%20On%20Yoga%20-%20Yogaya%20Isik%20B.K.S.%20Iyengar;https://www.google.com/search?q=Light%20On%20Yoga%20-%20Yogaya%20Isik%20B.K.S.%20Iyengar&tbm=isch;864; ;
1863;Light On Pranayama - Nefese Isik;B.K.S. Iyengar;Light On Pranayama - Nefese Isik. B.K.S. Iyengar;yes;;;2022;432;category?;read?;-;📋;reread?;E-10;homelibrary;https://www.google.com/search?q=Light%20On%20Pranayama%20-%20Nefese%20Isik%20B.K.S.%20Iyengar;https://www.google.com/search?q=Light%20On%20Pranayama%20-%20Nefese%20Isik%20B.K.S.%20Iyengar&tbm=isch;863; ;
1862;Light On Life - Hayata Isik;B.K.S. Iyengar;Light On Life - Hayata Isik. B.K.S. Iyengar;yes;;;2022;344;category?;read?;-;📋;reread?;E-10;homelibrary;https://www.google.com/search?q=Light%20On%20Life%20-%20Hayata%20Isik%20B.K.S.%20Iyengar;https://www.google.com/search?q=Light%20On%20Life%20-%20Hayata%20Isik%20B.K.S.%20Iyengar&tbm=isch;862; ;
1861;Bilgi Yanilsamasi - Neden Tek Basimiza Dusunmeyiz;Steven Sloman, Philip Fernbach;Bilgi Yanilsamasi - Neden Tek Basimiza Dusunmeyiz. Steven Sloman, Philip Fernbach;yes;;;2021;336;category?;read?;-;📋;reread?;D-6;homelibrary;https://www.google.com/search?q=Bilgi%20Yanilsamasi%20-%20Neden%20Tek%20Basimiza%20Dusunmeyiz%20Steven%20Sloman,%20Philip%20Fernbach;https://www.google.com/search?q=Bilgi%20Yanilsamasi%20-%20Neden%20Tek%20Basimiza%20Dusunmeyiz%20Steven%20Sloman,%20Philip%20Fernbach&tbm=isch;861; ;
1860;Liderlik Kuram ve Uygulama;Peter G. Northouse;Liderlik Kuram ve Uygulama. Peter G. Northouse;yes;;;2014;465;category?;read?;-;tbr?;reread?;H-8;homelibrary;https://www.google.com/search?q=Liderlik%20Kuram%20ve%20Uygulama%20Peter%20G.%20Northouse;https://www.google.com/search?q=Liderlik%20Kuram%20ve%20Uygulama%20Peter%20G.%20Northouse&tbm=isch;860; ;
1859;Lean In Sinirlarini Zorla - Kadinlar, Is ve Liderlik Istegi;Sheryl Sandberg;Lean In Sinirlarini Zorla - Kadinlar, Is ve Liderlik Istegi. Sheryl Sandberg;released;;yes;2014;281;category?;read?;-;tbr?;reread?;A-1;homelibrary;https://www.google.com/search?q=Lean%20In%20Sinirlarini%20Zorla%20-%20Kadinlar,%20Is%20ve%20Liderlik%20Istegi%20Sheryl%20Sandberg;https://www.google.com/search?q=Lean%20In%20Sinirlarini%20Zorla%20-%20Kadinlar,%20Is%20ve%20Liderlik%20Istegi%20Sheryl%20Sandberg&tbm=isch;859; ;
1858;Leading Digital - Donusum Icin Teknolojiyi Kullanmak;George Westerman;Leading Digital - Donusum Icin Teknolojiyi Kullanmak. George Westerman;no;;;2018;340;Technology & the Digital World;✅;-;tbr?;📖;E-1;homelibrary;https://www.google.com/search?q=Leading%20Digital%20-%20Donusum%20Icin%20Teknolojiyi%20Kullanmak%20George%20Westerman;https://www.google.com/search?q=Leading%20Digital%20-%20Donusum%20Icin%20Teknolojiyi%20Kullanmak%20George%20Westerman&tbm=isch;858; ;
1857;Lagom - Isveclilerin Dengeli Yasama Sanati;Linnea Dunne;Lagom - Isveclilerin Dengeli Yasama Sanati. Linnea Dunne;yes;;;2018;160;category?;✅;-;tbr?;reread?;E-4;homelibrary;https://www.google.com/search?q=Lagom%20-%20Isveclilerin%20Dengeli%20Yasama%20Sanati%20Linnea%20Dunne;https://www.google.com/search?q=Lagom%20-%20Isveclilerin%20Dengeli%20Yasama%20Sanati%20Linnea%20Dunne&tbm=isch;857; ;
1856;Lagom - Isvevlilerin Dengeli ve Mutlu Yasama Sanati;Niki Brantmark;Lagom - Isvevlilerin Dengeli ve Mutlu Yasama Sanati. Niki Brantmark;yes;;;2018;288;category?;✅;-;tbr?;reread?;E-4;homelibrary;https://www.google.com/search?q=Lagom%20-%20Isvevlilerin%20Dengeli%20ve%20Mutlu%20Yasama%20Sanati%20Niki%20Brantmark;https://www.google.com/search?q=Lagom%20-%20Isvevlilerin%20Dengeli%20ve%20Mutlu%20Yasama%20Sanati%20Niki%20Brantmark&tbm=isch;856; ;
1855;Kutsal Ekonomi - Gecis Caginda Para, Armagan ve Toplum;Charles Einstein;Kutsal Ekonomi - Gecis Caginda Para, Armagan ve Toplum. Charles Einstein;no;;;2012;375;category?;read?;-;📋;reread?;A-8;homelibrary;https://www.google.com/search?q=Kutsal%20Ekonomi%20-%20Gecis%20Caginda%20Para,%20Armagan%20ve%20Toplum%20Charles%20Einstein;https://www.google.com/search?q=Kutsal%20Ekonomi%20-%20Gecis%20Caginda%20Para,%20Armagan%20ve%20Toplum%20Charles%20Einstein&tbm=isch;855; ;
1854;Kusursuz Dikkat - Dikkat Dagitan Bir Dunyada Nasil Daha Uretken Olunur?;Chris Bailey;Kusursuz Dikkat - Dikkat Dagitan Bir Dunyada Nasil Daha Uretken Olunur?. Chris Bailey;yes;;;2020;243;category?;read?;-;📋;reread?;C-7;homelibrary;https://www.google.com/search?q=Kusursuz%20Dikkat%20-%20Dikkat%20Dagitan%20Bir%20Dunyada%20Nasil%20Daha%20Uretken%20Olunur?%20Chris%20Bailey;https://www.google.com/search?q=Kusursuz%20Dikkat%20-%20Dikkat%20Dagitan%20Bir%20Dunyada%20Nasil%20Daha%20Uretken%20Olunur?%20Chris%20Bailey&tbm=isch;854; ;
1853;Kusku Cagi;John Kenneth Galbraith;Kusku Cagi. John Kenneth Galbraith;yes;;;1980;333;category?;read?;-;tbr?;reread?;H-4;homelibrary;https://www.google.com/search?q=Kusku%20Cagi%20John%20Kenneth%20Galbraith;https://www.google.com/search?q=Kusku%20Cagi%20John%20Kenneth%20Galbraith&tbm=isch;853; ;
1852;Kurumlar Nasil Dusunur?;Mary Douglas;Kurumlar Nasil Dusunur?. Mary Douglas;yes;;;2016;200;category?;read?;-;tbr?;reread?;D-6;homelibrary;https://www.google.com/search?q=Kurumlar%20Nasil%20Dusunur?%20Mary%20Douglas;https://www.google.com/search?q=Kurumlar%20Nasil%20Dusunur?%20Mary%20Douglas&tbm=isch;852; ;
1851;Kurum Kulturu - Kuruludunuzun Kurumsal Kulturunun Isiniz Uzerindeki Yikici ve Yapici Etkileri;Gareth Jones, Rob Goffee;Kurum Kulturu - Kuruludunuzun Kurumsal Kulturunun Isiniz Uzerindeki Yikici ve Yapici Etkileri. Gareth Jones, Rob Goffee;yes;;;2002;289;category?;read?;-;tbr?;reread?;E-3;homelibrary;https://www.google.com/search?q=Kurum%20Kulturu%20-%20Kuruludunuzun%20Kurumsal%20Kulturunun%20Isiniz%20Uzerindeki%20Yikici%20ve%20Yapici%20Etkileri%20Gareth%20Jones,%20Rob%20Goffee;https://www.google.com/search?q=Kurum%20Kulturu%20-%20Kuruludunuzun%20Kurumsal%20Kulturunun%20Isiniz%20Uzerindeki%20Yikici%20ve%20Yapici%20Etkileri%20Gareth%20Jones,%20Rob%20Goffee&tbm=isch;851; ;
1850;Kuresellesmenin Sonu - Kasvetli Yeni Dunya, Tarihin Nihai Savasi;Stephen D. King;Kuresellesmenin Sonu - Kasvetli Yeni Dunya, Tarihin Nihai Savasi. Stephen D. King;yes;;;2019;300;category?;read?;-;tbr?;reread?;G-3;homelibrary;https://www.google.com/search?q=Kuresellesmenin%20Sonu%20-%20Kasvetli%20Yeni%20Dunya,%20Tarihin%20Nihai%20Savasi%20Stephen%20D.%20King;https://www.google.com/search?q=Kuresellesmenin%20Sonu%20-%20Kasvetli%20Yeni%20Dunya,%20Tarihin%20Nihai%20Savasi%20Stephen%20D.%20King&tbm=isch;850; ;
1849;Kuresellesmenin Siradisi Oykusu;Nayan Chanda;Kuresellesmenin Siradisi Oykusu. Nayan Chanda;no;;;2009;452;category?;read?;-;tbr?;reread?;H-1;homelibrary;https://www.google.com/search?q=Kuresellesmenin%20Siradisi%20Oykusu%20Nayan%20Chanda;https://www.google.com/search?q=Kuresellesmenin%20Siradisi%20Oykusu%20Nayan%20Chanda&tbm=isch;849; ;
1848;Kuresellesmenin Gelecegi - Lexus ve Zeytin Agaci;Thomas Friedman;Kuresellesmenin Gelecegi - Lexus ve Zeytin Agaci. Thomas Friedman;yes;;;2000;471;category?;read?;-;📋;reread?;G-10;homelibrary;https://www.google.com/search?q=Kuresellesmenin%20Gelecegi%20-%20Lexus%20ve%20Zeytin%20Agaci%20Thomas%20Friedman;https://www.google.com/search?q=Kuresellesmenin%20Gelecegi%20-%20Lexus%20ve%20Zeytin%20Agaci%20Thomas%20Friedman&tbm=isch;848; ;
1847;Kuresellesmenin Cokusu - Dunyanin Yeniden Kesfi;John Ralston Saul;Kuresellesmenin Cokusu - Dunyanin Yeniden Kesfi. John Ralston Saul;yes;;;2018;416;category?;read?;-;📋;reread?;F-5;homelibrary;https://www.google.com/search?q=Kuresellesmenin%20Cokusu%20-%20Dunyanin%20Yeniden%20Kesfi%20John%20Ralston%20Saul;https://www.google.com/search?q=Kuresellesmenin%20Cokusu%20-%20Dunyanin%20Yeniden%20Kesfi%20John%20Ralston%20Saul&tbm=isch;847; ;
1846;Kuresellesme ve Kultur;John Tomlinson;Kuresellesme ve Kultur. John Tomlinson;yes;;;2013;320;category?;read?;-;tbr?;reread?;F-5;homelibrary;https://www.google.com/search?q=Kuresellesme%20ve%20Kultur%20John%20Tomlinson;https://www.google.com/search?q=Kuresellesme%20ve%20Kultur%20John%20Tomlinson&tbm=isch;846; ;
1845;Kuresellesme Sorgulaniyor;Grahame Thompson, Paul Hirst;Kuresellesme Sorgulaniyor. Grahame Thompson, Paul Hirst;no;;;2007;262;category?;read?;-;tbr?;reread?;G-3;homelibrary;https://www.google.com/search?q=Kuresellesme%20Sorgulaniyor%20Grahame%20Thompson,%20Paul%20Hirst;https://www.google.com/search?q=Kuresellesme%20Sorgulaniyor%20Grahame%20Thompson,%20Paul%20Hirst&tbm=isch;845; ;
1844;Kuresellesme Buyuk Hayal Kirikligi;Joseph E. Stiglitz;Kuresellesme Buyuk Hayal Kirikligi. Joseph E. Stiglitz;no;;;2003;315;category?;read?;-;tbr?;reread?;H-2;homelibrary;https://www.google.com/search?q=Kuresellesme%20Buyuk%20Hayal%20Kirikligi%20Joseph%20E.%20Stiglitz;https://www.google.com/search?q=Kuresellesme%20Buyuk%20Hayal%20Kirikligi%20Joseph%20E.%20Stiglitz&tbm=isch;844; ;
1843;Kuresellesme - Toplumsal Sonuclari;Zygmunt Bauman;Kuresellesme - Toplumsal Sonuclari. Zygmunt Bauman;yes;;;2018;160;category?;read?;-;📋;reread?;F-5;homelibrary;https://www.google.com/search?q=Kuresellesme%20-%20Toplumsal%20Sonuclari%20Zygmunt%20Bauman;https://www.google.com/search?q=Kuresellesme%20-%20Toplumsal%20Sonuclari%20Zygmunt%20Bauman&tbm=isch;843; ;
1842;Kuresel Put - Tuketim Ekonomisi Yeni Sapkinlik - Sosyal Bilinc;Ogul Zengingonul;Kuresel Put - Tuketim Ekonomisi Yeni Sapkinlik - Sosyal Bilinc. Ogul Zengingonul;no;;;2012;208;category?;read?;-;tbr?;reread?;H-4;homelibrary;https://www.google.com/search?q=Kuresel%20Put%20-%20Tuketim%20Ekonomisi%20Yeni%20Sapkinlik%20-%20Sosyal%20Bilinc%20Ogul%20Zengingonul;https://www.google.com/search?q=Kuresel%20Put%20-%20Tuketim%20Ekonomisi%20Yeni%20Sapkinlik%20-%20Sosyal%20Bilinc%20Ogul%20Zengingonul&tbm=isch;842; ;
1841;Kuresel Polis Devleti;William I. Robinson;Kuresel Polis Devleti. William I. Robinson;yes;;;2022;256;category?;read?;-;tbr?;reread?;F-5;homelibrary;https://www.google.com/search?q=Kuresel%20Polis%20Devleti%20William%20I.%20Robinson;https://www.google.com/search?q=Kuresel%20Polis%20Devleti%20William%20I.%20Robinson&tbm=isch;841; ;
1840;Kuresel Isinma Atlasi;Frederic Denhez;Kuresel Isinma Atlasi. Frederic Denhez;no;;;2007;82;category?;read?;-;tbr?;reread?;H-6;homelibrary;https://www.google.com/search?q=Kuresel%20Isinma%20Atlasi%20Frederic%20Denhez;https://www.google.com/search?q=Kuresel%20Isinma%20Atlasi%20Frederic%20Denhez&tbm=isch;840; ;
1839;Kuresel Isinma;Mark Maslin;Kuresel Isinma. Mark Maslin;no;;;2011;198;category?;read?;-;tbr?;reread?;G-6;homelibrary;https://www.google.com/search?q=Kuresel%20Isinma%20Mark%20Maslin;https://www.google.com/search?q=Kuresel%20Isinma%20Mark%20Maslin&tbm=isch;839; ;
1838;Kuresel Dusler;Richard J. Barnet, John Cavanagh;Kuresel Dusler. Richard J. Barnet, John Cavanagh;released;;yes;1995;368;category?;read?;-;tbr?;reread?;D-1;homelibrary;https://www.google.com/search?q=Kuresel%20Dusler%20Richard%20J.%20Barnet,%20John%20Cavanagh;https://www.google.com/search?q=Kuresel%20Dusler%20Richard%20J.%20Barnet,%20John%20Cavanagh&tbm=isch;838; ;
1837;Kuresel Bakmak Evrensel Dusunmek;Ervin Laszlo;Kuresel Bakmak Evrensel Dusunmek. Ervin Laszlo;no;;;2004;210;category?;read?;-;tbr?;reread?;H-2;homelibrary;https://www.google.com/search?q=Kuresel%20Bakmak%20Evrensel%20Dusunmek%20Ervin%20Laszlo;https://www.google.com/search?q=Kuresel%20Bakmak%20Evrensel%20Dusunmek%20Ervin%20Laszlo&tbm=isch;837; ;
1836;Kulturler Arasi Farklilasma ve Yonetim;A. Selami Sargut;Kulturler Arasi Farklilasma ve Yonetim. A. Selami Sargut;yes;;;2015;256;category?;read?;-;📋;reread?;F-2;homelibrary;https://www.google.com/search?q=Kulturler%20Arasi%20Farklilasma%20ve%20Yonetim%20A.%20Selami%20Sargut;https://www.google.com/search?q=Kulturler%20Arasi%20Farklilasma%20ve%20Yonetim%20A.%20Selami%20Sargut&tbm=isch;836; ;
1835;You May Also Like - Taste in an Age of Endless Choice;Tom Vanderbilt;You May Also Like - Taste in an Age of Endless Choice. Tom Vanderbilt;yes;;;2016;320;category?;read?;-;📋;reread?;F-7;homelibrary;https://www.google.com/search?q=You%20May%20Also%20Like%20-%20Taste%20in%20an%20Age%20of%20Endless%20Choice%20Tom%20Vanderbilt;https://www.google.com/search?q=You%20May%20Also%20Like%20-%20Taste%20in%20an%20Age%20of%20Endless%20Choice%20Tom%20Vanderbilt&tbm=isch;835; ;
1834;Kultur Kodu;Clotaire Rapaille;Kultur Kodu. Clotaire Rapaille;yes;;;2009;210;category?;read?;-;📋;reread?;C-8;homelibrary;https://www.google.com/search?q=Kultur%20Kodu%20Clotaire%20Rapaille;https://www.google.com/search?q=Kultur%20Kodu%20Clotaire%20Rapaille&tbm=isch;834; ;
1833;Kultur - Onde Gelen Bilim Insanlari Toplum, Sanat, Iktidar ve Teknolojiyi Tartisiyor;John Brockman;Kultur - Onde Gelen Bilim Insanlari Toplum, Sanat, Iktidar ve Teknolojiyi Tartisiyor. John Brockman;yes;;;2013;280;category?;read?;-;tbr?;reread?;F-2;homelibrary;https://www.google.com/search?q=Kultur%20-%20Onde%20Gelen%20Bilim%20Insanlari%20Toplum,%20Sanat,%20Iktidar%20ve%20Teknolojiyi%20Tartisiyor%20John%20Brockman;https://www.google.com/search?q=Kultur%20-%20Onde%20Gelen%20Bilim%20Insanlari%20Toplum,%20Sanat,%20Iktidar%20ve%20Teknolojiyi%20Tartisiyor%20John%20Brockman&tbm=isch;833; ;
1832;Kucuk Mavi Kus Dedi ki;Biz Stone;Kucuk Mavi Kus Dedi ki. Biz Stone;released;;yes;2014;200;category?;read?;-;tbr?;reread?;A-1;homelibrary;https://www.google.com/search?q=Kucuk%20Mavi%20Kus%20Dedi%20ki%20Biz%20Stone;https://www.google.com/search?q=Kucuk%20Mavi%20Kus%20Dedi%20ki%20Biz%20Stone&tbm=isch;832; ;
1831;Kucuk Insanlardan Buyuk Sorular Hayli Muhim Insanlardan Basit Cevaplar;Komisyon;Kucuk Insanlardan Buyuk Sorular Hayli Muhim Insanlardan Basit Cevaplar. Komisyon;released;;yes;2012;300;category?;read?;-;📋;reread?;B-2;homelibrary;https://www.google.com/search?q=Kucuk%20Insanlardan%20Buyuk%20Sorular%20Hayli%20Muhim%20Insanlardan%20Basit%20Cevaplar%20Komisyon;https://www.google.com/search?q=Kucuk%20Insanlardan%20Buyuk%20Sorular%20Hayli%20Muhim%20Insanlardan%20Basit%20Cevaplar%20Komisyon&tbm=isch;831; ;
1830;Kucuk Guzeldir;Seth Godin;Kucuk Guzeldir. Seth Godin;released;;yes;2014;392;category?;read?;-;tbr?;reread?;C-2;homelibrary;https://www.google.com/search?q=Kucuk%20Guzeldir%20Seth%20Godin;https://www.google.com/search?q=Kucuk%20Guzeldir%20Seth%20Godin&tbm=isch;830; ;
1829;Kucuk Farkindalik Kitabi;Patrizia Collard;Kucuk Farkindalik Kitabi. Patrizia Collard;no;;;2019;96;category?;✅;-;tbr?;reread?;E-5;homelibrary;https://www.google.com/search?q=Kucuk%20Farkindalik%20Kitabi%20Patrizia%20Collard;https://www.google.com/search?q=Kucuk%20Farkindalik%20Kitabi%20Patrizia%20Collard&tbm=isch;829; ;
1828;Kuantum Benlik - Yeni Fizigin Isiginda Insan Dogasi ve Bilinci;Danah Zohar;Kuantum Benlik - Yeni Fizigin Isiginda Insan Dogasi ve Bilinci. Danah Zohar;yes;;;2017;156;category?;read?;-;tbr?;reread?;G-9;homelibrary;https://www.google.com/search?q=Kuantum%20Benlik%20-%20Yeni%20Fizigin%20Isiginda%20Insan%20Dogasi%20ve%20Bilinci%20Danah%20Zohar;https://www.google.com/search?q=Kuantum%20Benlik%20-%20Yeni%20Fizigin%20Isiginda%20Insan%20Dogasi%20ve%20Bilinci%20Danah%20Zohar&tbm=isch;828; ;
1827;Kriptopara Cagi - Bitcoin ve Dijital Paranin Kuresel Ekonomik Sisteme Meydan Okumasi;Paul Vigna, Michael J. Casey;Kriptopara Cagi - Bitcoin ve Dijital Paranin Kuresel Ekonomik Sisteme Meydan Okumasi. Paul Vigna, Michael J. Casey;no;;;2017;480;category?;read?;-;📋;reread?;A-8;homelibrary;https://www.google.com/search?q=Kriptopara%20Cagi%20-%20Bitcoin%20ve%20Dijital%20Paranin%20Kuresel%20Ekonomik%20Sisteme%20Meydan%20Okumasi%20Paul%20Vigna,%20Michael%20J.%20Casey;https://www.google.com/search?q=Kriptopara%20Cagi%20-%20Bitcoin%20ve%20Dijital%20Paranin%20Kuresel%20Ekonomik%20Sisteme%20Meydan%20Okumasi%20Paul%20Vigna,%20Michael%20J.%20Casey&tbm=isch;827; ;
1826;Kralin Yeni Akli - Bilgisayar, Zeka ve Fizik Yasalari;Roger Penrose;Kralin Yeni Akli - Bilgisayar, Zeka ve Fizik Yasalari. Roger Penrose;no;;;2017;504;category?;read?;-;tbr?;reread?;F-9;homelibrary;https://www.google.com/search?q=Kralin%20Yeni%20Akli%20-%20Bilgisayar,%20Zeka%20ve%20Fizik%20Yasalari%20Roger%20Penrose;https://www.google.com/search?q=Kralin%20Yeni%20Akli%20-%20Bilgisayar,%20Zeka%20ve%20Fizik%20Yasalari%20Roger%20Penrose&tbm=isch;826; ;
1825;Kotuluk - Insanligin Karanlik Tarafinin Ardindaki Bilim;Julia Shaw;Kotuluk - Insanligin Karanlik Tarafinin Ardindaki Bilim. Julia Shaw;yes;;;2020;312;category?;read?;-;📋;reread?;B-7;homelibrary;https://www.google.com/search?q=Kotuluk%20-%20Insanligin%20Karanlik%20Tarafinin%20Ardindaki%20Bilim%20Julia%20Shaw;https://www.google.com/search?q=Kotuluk%20-%20Insanligin%20Karanlik%20Tarafinin%20Ardindaki%20Bilim%20Julia%20Shaw&tbm=isch;825; ;
1824;Korkunun Psikolojisi;Christophe Andre;Korkunun Psikolojisi. Christophe Andre;yes;;;2023;384;category?;read?;-;📋;reread?;A-9;homelibrary;https://www.google.com/search?q=Korkunun%20Psikolojisi%20Christophe%20Andre;https://www.google.com/search?q=Korkunun%20Psikolojisi%20Christophe%20Andre&tbm=isch;824; ;
1823;Korkulari Asmak;Esther D. Rothblum, Elle Cole;Korkulari Asmak. Esther D. Rothblum, Elle Cole;yes;;;1997;86;category?;✅;-;tbr?;📖;B-8;homelibrary;https://www.google.com/search?q=Korkulari%20Asmak%20Esther%20D.%20Rothblum,%20Elle%20Cole;https://www.google.com/search?q=Korkulari%20Asmak%20Esther%20D.%20Rothblum,%20Elle%20Cole&tbm=isch;823; ;
1822;Korku Dansi;Harriet Lerner;Korku Dansi. Harriet Lerner;yes;;;2016;224;category?;read?;-;📋;reread?;A-4;homelibrary;https://www.google.com/search?q=Korku%20Dansi%20Harriet%20Lerner;https://www.google.com/search?q=Korku%20Dansi%20Harriet%20Lerner&tbm=isch;822; ;
1821;Korksan da Vazgecme;Susan Jeffers;Korksan da Vazgecme. Susan Jeffers;yes;;;2018;208;category?;read?;-;📋;reread?;E-7;homelibrary;https://www.google.com/search?q=Korksan%20da%20Vazgecme%20Susan%20Jeffers;https://www.google.com/search?q=Korksan%20da%20Vazgecme%20Susan%20Jeffers&tbm=isch;821; ;
1820;Kor Nokta - Gelecek Senaryolarini Ongormek;Francis Fukuyama;Kor Nokta - Gelecek Senaryolarini Ongormek. Francis Fukuyama;yes;;;2015;280;category?;read?;-;tbr?;reread?;G-1;homelibrary;https://www.google.com/search?q=Kor%20Nokta%20-%20Gelecek%20Senaryolarini%20Ongormek%20Francis%20Fukuyama;https://www.google.com/search?q=Kor%20Nokta%20-%20Gelecek%20Senaryolarini%20Ongormek%20Francis%20Fukuyama&tbm=isch;820; ;
1819;Kor Bakis - Pazarlamanin Beynimizi Yeniden Sekillendirdigi (Cogunlukla) Gizli Yollar;Matt Johnson, Prince Ghuman;Kor Bakis - Pazarlamanin Beynimizi Yeniden Sekillendirdigi (Cogunlukla) Gizli Yollar. Matt Johnson, Prince Ghuman;n/a;;;2021;376;category?;read?;-;📋;reread?;B-3;house-2;https://www.google.com/search?q=Kor%20Bakis%20-%20Pazarlamanin%20Beynimizi%20Yeniden%20Sekillendirdigi%20(Cogunlukla)%20Gizli%20Yollar%20Matt%20Johnson,%20Prince%20Ghuman;https://www.google.com/search?q=Kor%20Bakis%20-%20Pazarlamanin%20Beynimizi%20Yeniden%20Sekillendirdigi%20(Cogunlukla)%20Gizli%20Yollar%20Matt%20Johnson,%20Prince%20Ghuman&tbm=isch;819; ;
1818;Konusmayi Kes Harekete Gec - Size Gaz Verecek Pratik Araclar ve Alistirmalar;Shaa Wasmund, Richard Newton;Konusmayi Kes Harekete Gec - Size Gaz Verecek Pratik Araclar ve Alistirmalar. Shaa Wasmund, Richard Newton;yes;;;2016;224;category?;✅;-;tbr?;📖;E-4;homelibrary;https://www.google.com/search?q=Konusmayi%20Kes%20Harekete%20Gec%20-%20Size%20Gaz%20Verecek%20Pratik%20Araclar%20ve%20Alistirmalar%20Shaa%20Wasmund,%20Richard%20Newton;https://www.google.com/search?q=Konusmayi%20Kes%20Harekete%20Gec%20-%20Size%20Gaz%20Verecek%20Pratik%20Araclar%20ve%20Alistirmalar%20Shaa%20Wasmund,%20Richard%20Newton&tbm=isch;818; ;
1817;Kolay Mutlu Mutfak;Miki Mottes;Kolay Mutlu Mutfak. Miki Mottes;no;;;2020;128;category?;read?;-;tbr?;reread?;F-9;homelibrary;https://www.google.com/search?q=Kolay%20Mutlu%20Mutfak%20Miki%20Mottes;https://www.google.com/search?q=Kolay%20Mutlu%20Mutfak%20Miki%20Mottes&tbm=isch;817; ;
1816;Kola Savasi Nasil Kazanildi?;Roger Enricio, Jesse Kornbluth;Kola Savasi Nasil Kazanildi?. Roger Enricio, Jesse Kornbluth;released;;yes;1987;339;category?;read?;-;tbr?;reread?;G-2;homelibrary;https://www.google.com/search?q=Kola%20Savasi%20Nasil%20Kazanildi?%20Roger%20Enricio,%20Jesse%20Kornbluth;https://www.google.com/search?q=Kola%20Savasi%20Nasil%20Kazanildi?%20Roger%20Enricio,%20Jesse%20Kornbluth&tbm=isch;816; ;
1815;Kod Ekonomisi - Kirk Bin Yillik Bir Tarih;Philip E. Auerswald;Kod Ekonomisi - Kirk Bin Yillik Bir Tarih. Philip E. Auerswald;no;;;2018;278;category?;read?;-;tbr?;reread?;E-9;homelibrary;https://www.google.com/search?q=Kod%20Ekonomisi%20-%20Kirk%20Bin%20Yillik%20Bir%20Tarih%20Philip%20E.%20Auerswald;https://www.google.com/search?q=Kod%20Ekonomisi%20-%20Kirk%20Bin%20Yillik%20Bir%20Tarih%20Philip%20E.%20Auerswald&tbm=isch;815; ;
1814;Klinikten Kulture Lacanci Psikanaliz;Berjanet Jazani, Pitey Gonca Ozbay;Klinikten Kulture Lacanci Psikanaliz. Berjanet Jazani, Pitey Gonca Ozbay;yes;;;2022;224;category?;read?;-;📋;reread?;A-9;homelibrary;https://www.google.com/search?q=Klinikten%20Kulture%20Lacanci%20Psikanaliz%20Berjanet%20Jazani,%20Pitey%20Gonca%20Ozbay;https://www.google.com/search?q=Klinikten%20Kulture%20Lacanci%20Psikanaliz%20Berjanet%20Jazani,%20Pitey%20Gonca%20Ozbay&tbm=isch;814; ;
1813;Klinik Felsefe;Cigdem Durusken, Alper Hasanoglu;Klinik Felsefe. Cigdem Durusken, Alper Hasanoglu;yes;;;2020;176;category?;read?;-;📋;reread?;C-6;homelibrary;https://www.google.com/search?q=Klinik%20Felsefe%20Cigdem%20Durusken,%20Alper%20Hasanoglu;https://www.google.com/search?q=Klinik%20Felsefe%20Cigdem%20Durusken,%20Alper%20Hasanoglu&tbm=isch;813; ;
1812;The End of Plenty - The Race to Feed a Crowded World;Joel K. Bourne Jr.;The End of Plenty - The Race to Feed a Crowded World. Joel K. Bourne Jr.;yes;;;2015;400;category?;read?;-;📋;reread?;F-7;homelibrary;https://www.google.com/search?q=The%20End%20of%20Plenty%20-%20The%20Race%20to%20Feed%20a%20Crowded%20World%20Joel%20K.%20Bourne%20Jr.;https://www.google.com/search?q=The%20End%20of%20Plenty%20-%20The%20Race%20to%20Feed%20a%20Crowded%20World%20Joel%20K.%20Bourne%20Jr.&tbm=isch;812; ;
1811;Kizimla Ekonomi Sohbetleri - Kapitalizmin Kisa Tarihi;Yanis Varoufakis;Kizimla Ekonomi Sohbetleri - Kapitalizmin Kisa Tarihi. Yanis Varoufakis;yes;;;2019;165;category?;read?;-;📋;reread?;A-8;homelibrary;https://www.google.com/search?q=Kizimla%20Ekonomi%20Sohbetleri%20-%20Kapitalizmin%20Kisa%20Tarihi%20Yanis%20Varoufakis;https://www.google.com/search?q=Kizimla%20Ekonomi%20Sohbetleri%20-%20Kapitalizmin%20Kisa%20Tarihi%20Yanis%20Varoufakis&tbm=isch;811; ;
1810;Kivilcim Ani - Kucuk Seyler Nasil Buyuk Farklar Yaratir;Malcolm Gladwell;Kivilcim Ani - Kucuk Seyler Nasil Buyuk Farklar Yaratir. Malcolm Gladwell;yes;;;2006;304;category?;✅;-;tbr?;📖;C-7;homelibrary;https://www.google.com/search?q=Kivilcim%20Ani%20-%20Kucuk%20Seyler%20Nasil%20Buyuk%20Farklar%20Yaratir%20Malcolm%20Gladwell;https://www.google.com/search?q=Kivilcim%20Ani%20-%20Kucuk%20Seyler%20Nasil%20Buyuk%20Farklar%20Yaratir%20Malcolm%20Gladwell&tbm=isch;810; ;
1809;Kitlelerin Bilgeligi;James Surowiecki;Kitlelerin Bilgeligi. James Surowiecki;yes;;;2009;304;category?;✅;-;tbr?;📖;C-8;homelibrary;https://www.google.com/search?q=Kitlelerin%20Bilgeligi%20James%20Surowiecki;https://www.google.com/search?q=Kitlelerin%20Bilgeligi%20James%20Surowiecki&tbm=isch;809; ;
1808;Kitleler Psikolojisi;Gustave Le Bon;Kitleler Psikolojisi. Gustave Le Bon;no;;;2015;216;category?;read?;-;tbr?;reread?;C-7;homelibrary;https://www.google.com/search?q=Kitleler%20Psikolojisi%20Gustave%20Le%20Bon;https://www.google.com/search?q=Kitleler%20Psikolojisi%20Gustave%20Le%20Bon&tbm=isch;808; ;
1807;Kitle Psikolojisi;Sigmund Freud;Kitle Psikolojisi. Sigmund Freud;no;;;2018;110;category?;read?;-;tbr?;reread?;B-2;homelibrary;https://www.google.com/search?q=Kitle%20Psikolojisi%20Sigmund%20Freud;https://www.google.com/search?q=Kitle%20Psikolojisi%20Sigmund%20Freud&tbm=isch;807; ;
1806;Kitaplari Nasil Okumali;Mortimer J. Adler, Charles Van Doren;Kitaplari Nasil Okumali. Mortimer J. Adler, Charles Van Doren;yes;;;2011;352;category?;read?;-;📋;reread?;D-5;homelibrary;https://www.google.com/search?q=Kitaplari%20Nasil%20Okumali%20Mortimer%20J.%20Adler,%20Charles%20Van%20Doren;https://www.google.com/search?q=Kitaplari%20Nasil%20Okumali%20Mortimer%20J.%20Adler,%20Charles%20Van%20Doren&tbm=isch;806; ;
1805;Kitap Aski;Debbie Tung;Kitap Aski. Debbie Tung;yes;;;2021;144;category?;✅;-;tbr?;reread?;E-4;homelibrary;https://www.google.com/search?q=Kitap%20Aski%20Debbie%20Tung;https://www.google.com/search?q=Kitap%20Aski%20Debbie%20Tung&tbm=isch;805; ;
1804;Kisilik - Psikoloji Biliminin Insan Dogasina Dair Soyledikleri;Jerry M. Burger;Kisilik - Psikoloji Biliminin Insan Dogasina Dair Soyledikleri. Jerry M. Burger;yes;;;2021;800;category?;read?;-;tbr?;reread?;B-2;homelibrary;https://www.google.com/search?q=Kisilik%20-%20Psikoloji%20Biliminin%20Insan%20Dogasina%20Dair%20Soyledikleri%20Jerry%20M.%20Burger;https://www.google.com/search?q=Kisilik%20-%20Psikoloji%20Biliminin%20Insan%20Dogasina%20Dair%20Soyledikleri%20Jerry%20M.%20Burger&tbm=isch;804; ;
1803;Kisilik ve Kurumlarin Kaderi;Robert Hogan;Kisilik ve Kurumlarin Kaderi. Robert Hogan;yes;;;2009;216;category?;read?;-;tbr?;reread?;H-4;homelibrary;https://www.google.com/search?q=Kisilik%20ve%20Kurumlarin%20Kaderi%20Robert%20Hogan;https://www.google.com/search?q=Kisilik%20ve%20Kurumlarin%20Kaderi%20Robert%20Hogan&tbm=isch;803; ;
1802;Kisilik Vaka Incelemeleri;Donna Ashcraft;Kisilik Vaka Incelemeleri. Donna Ashcraft;no;;;2022;192;category?;read?;-;tbr?;reread?;A-5;homelibrary;https://www.google.com/search?q=Kisilik%20Vaka%20Incelemeleri%20Donna%20Ashcraft;https://www.google.com/search?q=Kisilik%20Vaka%20Incelemeleri%20Donna%20Ashcraft&tbm=isch;802; ;
1801;Kisi Olmaya Dair;Carl R. Rogers;Kisi Olmaya Dair. Carl R. Rogers;yes;;;2018;585;category?;read?;-;📋;reread?;A-6;homelibrary;https://www.google.com/search?q=Kisi%20Olmaya%20Dair%20Carl%20R.%20Rogers;https://www.google.com/search?q=Kisi%20Olmaya%20Dair%20Carl%20R.%20Rogers&tbm=isch;801; ;
1800;Kimlik Mekanlari;Kevin Robins, David Morley;Kimlik Mekanlari. Kevin Robins, David Morley;yes;;;2011;336;category?;read?;-;📋;reread?;E-7;homelibrary;https://www.google.com/search?q=Kimlik%20Mekanlari%20Kevin%20Robins,%20David%20Morley;https://www.google.com/search?q=Kimlik%20Mekanlari%20Kevin%20Robins,%20David%20Morley&tbm=isch;800; ;
1799;Kimbilir;Engin Gectan;Kimbilir. Engin Gectan;yes;;;2018;144;category?;✅;-;tbr?;reread?;C-10;homelibrary;https://www.google.com/search?q=Kimbilir%20Engin%20Gectan;https://www.google.com/search?q=Kimbilir%20Engin%20Gectan&tbm=isch;799; ;
1798;Kim Neyi Neden Alir?;Alvin E. Roth;Kim Neyi Neden Alir?. Alvin E. Roth;yes;;;2016;264;Business & Economics;✅;-;tbr?;📖;E-2;homelibrary;https://www.google.com/search?q=Kim%20Neyi%20Neden%20Alir?%20Alvin%20E.%20Roth;https://www.google.com/search?q=Kim%20Neyi%20Neden%20Alir?%20Alvin%20E.%20Roth&tbm=isch;798; ;
1797;Kim Korkar Kahveden? - Kahve Kulturune Dair Resimli Elkitabi;Chung-Leng Tran, Sebastien Racineux;Kim Korkar Kahveden? - Kahve Kulturune Dair Resimli Elkitabi. Chung-Leng Tran, Sebastien Racineux;no;;;2018;252;category?;read?;-;tbr?;reread?;G-6;homelibrary;https://www.google.com/search?q=Kim%20Korkar%20Kahveden?%20-%20Kahve%20Kulturune%20Dair%20Resimli%20Elkitabi%20Chung-Leng%20Tran,%20Sebastien%20Racineux;https://www.google.com/search?q=Kim%20Korkar%20Kahveden?%20-%20Kahve%20Kulturune%20Dair%20Resimli%20Elkitabi%20Chung-Leng%20Tran,%20Sebastien%20Racineux&tbm=isch;797; ;
1796;Kim Korkar Hain 40'tan;Aysun Kaba;Kim Korkar Hain 40'tan. Aysun Kaba;released;;yes;2013;160;category?;read?;-;tbr?;reread?;G-8;homelibrary;https://www.google.com/search?q=Kim%20Korkar%20Hain%2040%27tan%20Aysun%20Kaba;https://www.google.com/search?q=Kim%20Korkar%20Hain%2040%27tan%20Aysun%20Kaba&tbm=isch;796; ;
1795;Kim Korkar 21. Yuzyildan;Berytand Badie;Kim Korkar 21. Yuzyildan. Berytand Badie;yes;;;2008;125;category?;read?;-;tbr?;reread?;F-3;homelibrary;https://www.google.com/search?q=Kim%20Korkar%2021.%20Yuzyildan%20Berytand%20Badie;https://www.google.com/search?q=Kim%20Korkar%2021.%20Yuzyildan%20Berytand%20Badie&tbm=isch;795; ;
1794;Kim Demis Filler Dans Edemez;Louis V. Gerstner;Kim Demis Filler Dans Edemez. Louis V. Gerstner;released;;yes;2004;422;category?;read?;-;tbr?;reread?;E-2;homelibrary;https://www.google.com/search?q=Kim%20Demis%20Filler%20Dans%20Edemez%20Louis%20V.%20Gerstner;https://www.google.com/search?q=Kim%20Demis%20Filler%20Dans%20Edemez%20Louis%20V.%20Gerstner&tbm=isch;794; ;
1793;Keyif A.S. - Calismaktan Keyif Alinan Bir Isyeri;Richard Sheridan;Keyif A.S. - Calismaktan Keyif Alinan Bir Isyeri. Richard Sheridan;no;;;2016;280;Work & Career;✅;-;tbr?;reread?;C-2;homelibrary;https://www.google.com/search?q=Keyif%20A.S.%20-%20Calismaktan%20Keyif%20Alinan%20Bir%20Isyeri%20Richard%20Sheridan;https://www.google.com/search?q=Keyif%20A.S.%20-%20Calismaktan%20Keyif%20Alinan%20Bir%20Isyeri%20Richard%20Sheridan&tbm=isch;793; ;
1792;Kesin Inanclilar;Eric Hoffer;Kesin Inanclilar. Eric Hoffer;yes;;;2005;252;category?;read?;-;📋;reread?;C-9;homelibrary;https://www.google.com/search?q=Kesin%20Inanclilar%20Eric%20Hoffer;https://www.google.com/search?q=Kesin%20Inanclilar%20Eric%20Hoffer&tbm=isch;792; ;
1791;Kenyalilar Otobus Soforlerine Neden Bagirir?;Andrew O'Cannell;Kenyalilar Otobus Soforlerine Neden Bagirir?. Andrew O'Cannell;no;;;2014;224;category?;✅;-;tbr?;reread?;B-3;homelibrary;https://www.google.com/search?q=Kenyalilar%20Otobus%20Soforlerine%20Neden%20Bagirir?%20Andrew%20O%27Cannell;https://www.google.com/search?q=Kenyalilar%20Otobus%20Soforlerine%20Neden%20Bagirir?%20Andrew%20O%27Cannell&tbm=isch;791; ;
1790;Kendiniz Olma Aliskanligini Kirmak;Joe Dispenza;Kendiniz Olma Aliskanligini Kirmak. Joe Dispenza;yes;;;2015;428;category?;read?;-;📋;reread?;G-8;homelibrary;https://www.google.com/search?q=Kendiniz%20Olma%20Aliskanligini%20Kirmak%20Joe%20Dispenza;https://www.google.com/search?q=Kendiniz%20Olma%20Aliskanligini%20Kirmak%20Joe%20Dispenza&tbm=isch;790; ;
1789;Kendini Tanimak;The School of Life;Kendini Tanimak. The School of Life;yes;;;2023;96;category?;✅;-;tbr?;📖;D-4;homelibrary;https://www.google.com/search?q=Kendini%20Tanimak%20The%20School%20of%20Life;https://www.google.com/search?q=Kendini%20Tanimak%20The%20School%20of%20Life&tbm=isch;789; ;
1788;Kendini Kusurlarinla Sev;Haemin Sunim;Kendini Kusurlarinla Sev. Haemin Sunim;yes;;;2020;272;category?;read?;-;📋;reread?;E-4;homelibrary;https://www.google.com/search?q=Kendini%20Kusurlarinla%20Sev%20Haemin%20Sunim;https://www.google.com/search?q=Kendini%20Kusurlarinla%20Sev%20Haemin%20Sunim&tbm=isch;788; ;
1787;Kendini Iyilestirmenin 2500 Yillik Tarihi - Yang Sheng;Katie Brindle;Kendini Iyilestirmenin 2500 Yillik Tarihi - Yang Sheng. Katie Brindle;no;;;2021;200;category?;read?;-;📋;reread?;E-5;homelibrary;https://www.google.com/search?q=Kendini%20Iyilestirmenin%202500%20Yillik%20Tarihi%20-%20Yang%20Sheng%20Katie%20Brindle;https://www.google.com/search?q=Kendini%20Iyilestirmenin%202500%20Yillik%20Tarihi%20-%20Yang%20Sheng%20Katie%20Brindle&tbm=isch;787; ;
1786;Kendini Iyilestirme Isi Nasil Yapilir?;Nicole Lepera;Kendini Iyilestirme Isi Nasil Yapilir?. Nicole Lepera;yes;;;2021;304;category?;read?;-;📋;reread?;B-7;homelibrary;https://www.google.com/search?q=Kendini%20Iyilestirme%20Isi%20Nasil%20Yapilir?%20Nicole%20Lepera;https://www.google.com/search?q=Kendini%20Iyilestirme%20Isi%20Nasil%20Yapilir?%20Nicole%20Lepera&tbm=isch;786; ;
1785;Kendini Icinde Ara;Chade Meng Tan;Kendini Icinde Ara. Chade Meng Tan;released;;yes;2018;288;category?;read?;-;tbr?;reread?;F-3;homelibrary;https://www.google.com/search?q=Kendini%20Icinde%20Ara%20Chade%20Meng%20Tan;https://www.google.com/search?q=Kendini%20Icinde%20Ara%20Chade%20Meng%20Tan&tbm=isch;785; ;
1784;Kendini Degistiren Beyin;Norman Doidge;Kendini Degistiren Beyin. Norman Doidge;yes;;;2019;448;category?;read?;-;📋;reread?;C-10;homelibrary;https://www.google.com/search?q=Kendini%20Degistiren%20Beyin%20Norman%20Doidge;https://www.google.com/search?q=Kendini%20Degistiren%20Beyin%20Norman%20Doidge&tbm=isch;784; ;
1783;Kendini Bilmek;Stephen M. Fleming;Kendini Bilmek. Stephen M. Fleming;yes;;;2022;304;category?;read?;-;📋;reread?;C-10;homelibrary;https://www.google.com/search?q=Kendini%20Bilmek%20Nida%20Fetullahoglu,%20Stephen%20M.%20Fleming;https://www.google.com/search?q=Kendini%20Bilmek%20Nida%20Fetullahoglu,%20Stephen%20M.%20Fleming&tbm=isch;783; ;
1782;Kendini Arayan Insan;Rollo May;Kendini Arayan Insan. Rollo May;yes;;;2019;272;category?;read?;-;📋;reread?;A-6;homelibrary;https://www.google.com/search?q=Kendini%20Arayan%20Insan%20Rollo%20May;https://www.google.com/search?q=Kendini%20Arayan%20Insan%20Rollo%20May&tbm=isch;782; ;
1781;Kendine Saygi;Francois Lelord, Christophe Andre;Kendine Saygi. Francois Lelord, Christophe Andre;yes;;;2021;307;category?;read?;-;tbr?;reread?;B-5;homelibrary;https://www.google.com/search?q=Kendine%20Saygi%20Francois%20Lelord,%20Christophe%20Andre;https://www.google.com/search?q=Kendine%20Saygi%20Francois%20Lelord,%20Christophe%20Andre&tbm=isch;781; ;
1780;Kendine Ait Bir Yuva - Yetiskinlikte Ayrilma - Bireylesme Mucadeleleri;Sarah Fels Usher;Kendine Ait Bir Yuva - Yetiskinlikte Ayrilma - Bireylesme Mucadeleleri. Sarah Fels Usher;yes;;;2022;168;category?;read?;-;📋;reread?;B-5;homelibrary;https://www.google.com/search?q=Kendine%20Ait%20Bir%20Yuva%20-%20Yetiskinlikte%20Ayrilma%20-%20Bireylesme%20Mucadeleleri%20Sarah%20Fels%20Usher;https://www.google.com/search?q=Kendine%20Ait%20Bir%20Yuva%20-%20Yetiskinlikte%20Ayrilma%20-%20Bireylesme%20Mucadeleleri%20Sarah%20Fels%20Usher&tbm=isch;780; ;
1779;Kendinden Kacarken Yakaladim Seni - Mutluluk Kilavuzu;Ebru Nurluoglu;Kendinden Kacarken Yakaladim Seni - Mutluluk Kilavuzu. Ebru Nurluoglu;released;;yes;2015;324;category?;read?;-;📋;reread?;D-3;homelibrary;https://www.google.com/search?q=Kendinden%20Kacarken%20Yakaladim%20Seni%20-%20Mutluluk%20Kilavuzu%20Ebru%20Nurluoglu;https://www.google.com/search?q=Kendinden%20Kacarken%20Yakaladim%20Seni%20-%20Mutluluk%20Kilavuzu%20Ebru%20Nurluoglu&tbm=isch;779; ;
1778;Kendimize Uygun Isi Nasil Buluruz;Roman Krznaric;Kendimize Uygun Isi Nasil Buluruz. Roman Krznaric;yes;;;2013;160;Work & Career;✅;-;tbr?;📖;D-4;homelibrary;https://www.google.com/search?q=Kendimize%20Uygun%20Isi%20Nasil%20Buluruz%20Roman%20Krznaric;https://www.google.com/search?q=Kendimize%20Uygun%20Isi%20Nasil%20Buluruz%20Roman%20Krznaric&tbm=isch;778; ;
1777;Kendi Stilini Yarat;Ruzgar Mira Okan;Kendi Stilini Yarat. Ruzgar Mira Okan;released;;yes;2015;235;category?;read?;-;tbr?;reread?;G-8;homelibrary;https://www.google.com/search?q=Kendi%20Stilini%20Yarat%20Ruzgar%20Mira%20Okan;https://www.google.com/search?q=Kendi%20Stilini%20Yarat%20Ruzgar%20Mira%20Okan&tbm=isch;777; ;
1776;Kendi Kendine Psikanaliz;Karen Horney;Kendi Kendine Psikanaliz. Karen Horney;yes;;;2020;240;category?;read?;-;📋;reread?;A-5;homelibrary;https://www.google.com/search?q=Kendi%20Kendine%20Psikanaliz%20Karen%20Horney;https://www.google.com/search?q=Kendi%20Kendine%20Psikanaliz%20Karen%20Horney&tbm=isch;776; ;
1775;Kendi Kendine MBA;Josh Kaufman;Kendi Kendine MBA. Josh Kaufman;no;;;2016;528;category?;read?;-;tbr?;reread?;D-1;homelibrary;https://www.google.com/search?q=Kendi%20Kendine%20MBA%20Josh%20Kaufman;https://www.google.com/search?q=Kendi%20Kendine%20MBA%20Josh%20Kaufman&tbm=isch;775; ;
1774;Kendi Benliginle Nasil Tanisilir? - Kendini Kesfetmek Icin Calisma Kitabi;Nicole Lepera;Kendi Benliginle Nasil Tanisilir? - Kendini Kesfetmek Icin Calisma Kitabi. Nicole Lepera;yes;;;2023;256;category?;read?;-;📋;reread?;B-7;homelibrary;https://www.google.com/search?q=Kendi%20Benliginle%20Nasil%20Tanisilir?%20-%20Kendini%20Kesfetmek%20Icin%20Calisma%20Kitabi%20Nicole%20Lepera;https://www.google.com/search?q=Kendi%20Benliginle%20Nasil%20Tanisilir?%20-%20Kendini%20Kesfetmek%20Icin%20Calisma%20Kitabi%20Nicole%20Lepera&tbm=isch;774; ;
1773;Kazara Milyarder - Facebook'un Kurulus Hikayesi;Ben Mezrich;Kazara Milyarder - Facebook'un Kurulus Hikayesi. Ben Mezrich;yes;;;2010;208;category?;✅;-;tbr?;reread?;C-1;homelibrary;https://www.google.com/search?q=Kazara%20Milyarder%20-%20Facebook%27un%20Kurulus%20Hikayesi%20Ben%20Mezrich;https://www.google.com/search?q=Kazara%20Milyarder%20-%20Facebook%27un%20Kurulus%20Hikayesi%20Ben%20Mezrich&tbm=isch;773; ;
1772;Kazanmak Icin Doganlar;Kevin Leman;Kazanmak Icin Doganlar. Kevin Leman;yes;;;2011;280;category?;read?;-;tbr?;reread?;B-3;homelibrary;https://www.google.com/search?q=Kazanmak%20Icin%20Doganlar%20Kevin%20Leman;https://www.google.com/search?q=Kazanmak%20Icin%20Doganlar%20Kevin%20Leman&tbm=isch;772; ;
1771;Kazanma Hirsi - Girisimciler Icin Hayat Dersleri;Robert Herjavec;Kazanma Hirsi - Girisimciler Icin Hayat Dersleri. Robert Herjavec;released;;yes;2016;244;category?;read?;-;tbr?;reread?;B-1;homelibrary;https://www.google.com/search?q=Kazanma%20Hirsi%20-%20Girisimciler%20Icin%20Hayat%20Dersleri%20Robert%20Herjavec;https://www.google.com/search?q=Kazanma%20Hirsi%20-%20Girisimciler%20Icin%20Hayat%20Dersleri%20Robert%20Herjavec&tbm=isch;771; ;
1770;Kazanma Hayali - Kosedeki Dukkandan Kosedeki Ofise;Joanne Gordon, Bill McDermott;Kazanma Hayali - Kosedeki Dukkandan Kosedeki Ofise. Joanne Gordon, Bill McDermott;no;;;2016;268;category?;read?;-;tbr?;reread?;B-2;homelibrary;https://www.google.com/search?q=Kazanma%20Hayali%20-%20Kosedeki%20Dukkandan%20Kosedeki%20Ofise%20Joanne%20Gordon,%20Bill%20McDermott;https://www.google.com/search?q=Kazanma%20Hayali%20-%20Kosedeki%20Dukkandan%20Kosedeki%20Ofise%20Joanne%20Gordon,%20Bill%20McDermott&tbm=isch;770; ;
1769;Kaynayan Nehir;Andres Ruzo;Kaynayan Nehir. Andres Ruzo;yes;;;2017;142;category?;read?;-;📋;reread?;C-4;homelibrary;https://www.google.com/search?q=Kaynayan%20Nehir%20Andres%20Ruzo;https://www.google.com/search?q=Kaynayan%20Nehir%20Andres%20Ruzo&tbm=isch;769; ;
1768;Kaygisiz Beyin - Beyninizi Donusturerek Kaygi, Panik ve Endiseden Kurtulmanin Yollari;Catherine M. Pittman, Elizabeth M. Karle;Kaygisiz Beyin - Beyninizi Donusturerek Kaygi, Panik ve Endiseden Kurtulmanin Yollari. Catherine M. Pittman, Elizabeth M. Karle;yes;;;2020;216;category?;read?;-;📋;reread?;E-8;homelibrary;https://www.google.com/search?q=Kaygisiz%20Beyin%20-%20Beyninizi%20Donusturerek%20Kaygi,%20Panik%20ve%20Endiseden%20Kurtulmanin%20Yollari%20Catherine%20M.%20Pittman,%20Elizabeth%20M.%20Karle;https://www.google.com/search?q=Kaygisiz%20Beyin%20-%20Beyninizi%20Donusturerek%20Kaygi,%20Panik%20ve%20Endiseden%20Kurtulmanin%20Yollari%20Catherine%20M.%20Pittman,%20Elizabeth%20M.%20Karle&tbm=isch;768; ;
1767;Kaygi ve Endise;Aaron T. Beck, David A. Clark;Kaygi ve Endise. Aaron T. Beck, David A. Clark;yes;;;2022;386;category?;read?;-;📋;reread?;A-7;homelibrary;https://www.google.com/search?q=Kaygi%20ve%20Endise%20Aaron%20T.%20Beck,%20David%20A.%20Clark;https://www.google.com/search?q=Kaygi%20ve%20Endise%20Aaron%20T.%20Beck,%20David%20A.%20Clark&tbm=isch;767; ;
1766;Kaybolan Baglar - Depresyonun Gercek Nedenleri ve Beklenmedik Cozumler;Johann Hari;Kaybolan Baglar - Depresyonun Gercek Nedenleri ve Beklenmedik Cozumler. Johann Hari;n/a;;;2019;368;Psychology & Mental Life;✅;-;tbr?;reread?;B-5;house-2;https://www.google.com/search?q=Kaybolan%20Baglar%20-%20Depresyonun%20Gercek%20Nedenleri%20ve%20Beklenmedik%20Cozumler%20Johann%20Hari;https://www.google.com/search?q=Kaybolan%20Baglar%20-%20Depresyonun%20Gercek%20Nedenleri%20ve%20Beklenmedik%20Cozumler%20Johann%20Hari&tbm=isch;766; ;
1765;Kavrayamadigimiz Zenginlik;Don Cohen, Laurence Prusak;Kavrayamadigimiz Zenginlik. Don Cohen, Laurence Prusak;no;;;2001;264;category?;read?;-;tbr?;reread?;E-1;homelibrary;https://www.google.com/search?q=Kavrayamadigimiz%20Zenginlik%20Don%20Cohen,%20Laurence%20Prusak;https://www.google.com/search?q=Kavrayamadigimiz%20Zenginlik%20Don%20Cohen,%20Laurence%20Prusak&tbm=isch;765; ;
1764;Karsi Konulmaz - Bagimlilik Yapici Teknolojinin Yukselisi ve Bizim Ona Esir Edilisimiz;Adam Alter;Karsi Konulmaz - Bagimlilik Yapici Teknolojinin Yukselisi ve Bizim Ona Esir Edilisimiz. Adam Alter;yes;;;2018;344;Technology & the Digital World;✅;-;tbr?;📖;C-7;homelibrary;https://www.google.com/search?q=Karsi%20Konulmaz%20-%20Bagimlilik%20Yapici%20Teknolojinin%20Yukselisi%20ve%20Bizim%20Ona%20Esir%20Edilisimiz%20Adam%20Alter;https://www.google.com/search?q=Karsi%20Konulmaz%20-%20Bagimlilik%20Yapici%20Teknolojinin%20Yukselisi%20ve%20Bizim%20Ona%20Esir%20Edilisimiz%20Adam%20Alter&tbm=isch;764; ;
1763;Karmasiklikta Yol Almak;Arthur Battram;Karmasiklikta Yol Almak. Arthur Battram;no;;;1999;286;category?;read?;-;tbr?;reread?;E-2;homelibrary;https://www.google.com/search?q=Karmasiklikta%20Yol%20Almak%20Arthur%20Battram;https://www.google.com/search?q=Karmasiklikta%20Yol%20Almak%20Arthur%20Battram&tbm=isch;763; ;
1762;Karmasiklik Duzen ve Kaosun Esiginde Beliren Bilim;M. Mitchell Waldrop;Karmasiklik Duzen ve Kaosun Esiginde Beliren Bilim. M. Mitchell Waldrop;no;;;1997;416;category?;read?;-;tbr?;reread?;E-1;homelibrary;https://www.google.com/search?q=Karmasiklik%20Duzen%20ve%20Kaosun%20Esiginde%20Beliren%20Bilim%20M.%20Mitchell%20Waldrop;https://www.google.com/search?q=Karmasiklik%20Duzen%20ve%20Kaosun%20Esiginde%20Beliren%20Bilim%20M.%20Mitchell%20Waldrop&tbm=isch;762; ;
1761;Karmasiklik Dunyasinda Organizasyon;Selcuk Alimdar, Niels Pflaeging;Karmasiklik Dunyasinda Organizasyon. Selcuk Alimdar, Niels Pflaeging;no;;;2015;144;category?;read?;-;tbr?;reread?;D-6;homelibrary;https://www.google.com/search?q=Karmasiklik%20Dunyasinda%20Organizasyon%20Selcuk%20Alimdar,%20Niels%20Pflaeging;https://www.google.com/search?q=Karmasiklik%20Dunyasinda%20Organizasyon%20Selcuk%20Alimdar,%20Niels%20Pflaeging&tbm=isch;761; ;
1760;Kariyer ve Varolus - Bir Benlik Eylemi;Danis Navaro;Kariyer ve Varolus - Bir Benlik Eylemi. Danis Navaro;n/a;;;2014;336;category?;read?;-;📋;reread?;A-10;house-2;https://www.google.com/search?q=Kariyer%20ve%20Varolus%20-%20Bir%20Benlik%20Eylemi%20Danis%20Navaro;https://www.google.com/search?q=Kariyer%20ve%20Varolus%20-%20Bir%20Benlik%20Eylemi%20Danis%20Navaro&tbm=isch;760; ;
1759;Karanlik Bir Dunyada Bilimin Mum Isigi;Carl Sagan;Karanlik Bir Dunyada Bilimin Mum Isigi. Carl Sagan;yes;;;2014;472;category?;read?;-;📋;reread?;C-4;homelibrary;https://www.google.com/search?q=Karanlik%20Bir%20Dunyada%20Bilimin%20Mum%20Isigi%20Carl%20Sagan;https://www.google.com/search?q=Karanlik%20Bir%20Dunyada%20Bilimin%20Mum%20Isigi%20Carl%20Sagan&tbm=isch;759; ;
1758;Karakutu Dusunme Modeli;Matthew Syed;Karakutu Dusunme Modeli. Matthew Syed;yes;;;2018;352;category?;read?;-;📋;reread?;D-7;homelibrary;https://www.google.com/search?q=Karakutu%20Dusunme%20Modeli%20Matthew%20Syed;https://www.google.com/search?q=Karakutu%20Dusunme%20Modeli%20Matthew%20Syed&tbm=isch;758; ;
1757;Karakter Asinmasi - Yeni Kapitalizmde Isin Kisilik Uzerindeki Etkileri;Richard Sennett;Karakter Asinmasi - Yeni Kapitalizmde Isin Kisilik Uzerindeki Etkileri. Richard Sennett;yes;;;2017;192;category?;read?;-;📋;reread?;F-5;homelibrary;https://www.google.com/search?q=Karakter%20Asinmasi%20-%20Yeni%20Kapitalizmde%20Isin%20Kisilik%20Uzerindeki%20Etkileri%20Richard%20Sennett;https://www.google.com/search?q=Karakter%20Asinmasi%20-%20Yeni%20Kapitalizmde%20Isin%20Kisilik%20Uzerindeki%20Etkileri%20Richard%20Sennett&tbm=isch;757; ;
1756;Kaplani Uyandirmak - Travmayi Iyilestirmek;Peter A. Levine, Ann Frederick;Kaplani Uyandirmak - Travmayi Iyilestirmek. Peter A. Levine, Ann Frederick;yes;;;2013;278;category?;read?;-;📋;reread?;A-9;homelibrary;https://www.google.com/search?q=Kaplani%20Uyandirmak%20-%20Travmayi%20Iyilestirmek%20Peter%20A.%20Levine,%20Ann%20Frederick;https://www.google.com/search?q=Kaplani%20Uyandirmak%20-%20Travmayi%20Iyilestirmek%20Peter%20A.%20Levine,%20Ann%20Frederick&tbm=isch;756; ;
1755;Kapitalizmin Yedi Kulturu;Charles Hampden, Turner ve Alfons Trompenaars;Kapitalizmin Yedi Kulturu. Charles Hampden, Turner ve Alfons Trompenaars;released;;yes;1995;360;category?;read?;-;tbr?;reread?;D-1;homelibrary;https://www.google.com/search?q=Kapitalizmin%20Yedi%20Kulturu%20Charles%20Hampden,%20Turner%20ve%20Alfons%20Trompenaars;https://www.google.com/search?q=Kapitalizmin%20Yedi%20Kulturu%20Charles%20Hampden,%20Turner%20ve%20Alfons%20Trompenaars&tbm=isch;755; ;
1754;Kapitalizmin Gelecegi;Lester C. Thurow;Kapitalizmin Gelecegi. Lester C. Thurow;released;;yes;1996;302;category?;read?;-;tbr?;reread?;H-1;homelibrary;https://www.google.com/search?q=Kapitalizmin%20Gelecegi%20Lester%20C.%20Thurow;https://www.google.com/search?q=Kapitalizmin%20Gelecegi%20Lester%20C.%20Thurow&tbm=isch;754; ;
1753;Kapitalizm Hakkinda Size Soylenmeyen 23 Sey;Ha-Joon Chang;Kapitalizm Hakkinda Size Soylenmeyen 23 Sey. Ha-Joon Chang;no;;;2015;344;Business & Economics;✅;-;tbr?;reread?;A-8;homelibrary;https://www.google.com/search?q=Kapitalizm%20Hakkinda%20Size%20Soylenmeyen%2023%20Sey%20Ha-Joon%20Chang;https://www.google.com/search?q=Kapitalizm%20Hakkinda%20Size%20Soylenmeyen%2023%20Sey%20Ha-Joon%20Chang&tbm=isch;753; ;
1752;Kapitalist Egitime Karsi Egitim Ne Icindir?;Nadim Bakhshov;Kapitalist Egitime Karsi Egitim Ne Icindir?. Nadim Bakhshov;yes;;;2021;112;category?;read?;-;📋;reread?;A-10;homelibrary;https://www.google.com/search?q=Kapitalist%20Egitime%20Karsi%20Egitim%20Ne%20Icindir?%20Nadim%20Bakhshov;https://www.google.com/search?q=Kapitalist%20Egitime%20Karsi%20Egitim%20Ne%20Icindir?%20Nadim%20Bakhshov&tbm=isch;752; ;
1751;Kaos - Daginikligin Hayatlarimizi Degistirme Gucu;Tim Harford;Kaos - Daginikligin Hayatlarimizi Degistirme Gucu. Tim Harford;yes;;;2019;336;category?;read?;-;tbr?;reread?;A-8;homelibrary;https://www.google.com/search?q=Kaos%20-%20Daginikligin%20Hayatlarimizi%20Degistirme%20Gucu%20Tim%20Harford;https://www.google.com/search?q=Kaos%20-%20Daginikligin%20Hayatlarimizi%20Degistirme%20Gucu%20Tim%20Harford&tbm=isch;751; ;
1750;Kaos - Kaosun Kutsal Kitabi;James Gleick;Kaos - Kaosun Kutsal Kitabi. James Gleick;yes;;;2016;390;category?;read?;-;📋;reread?;C-3;homelibrary;https://www.google.com/search?q=Kaos%20-%20Kaosun%20Kutsal%20Kitabi%20James%20Gleick;https://www.google.com/search?q=Kaos%20-%20Kaosun%20Kutsal%20Kitabi%20James%20Gleick&tbm=isch;750; ;
1749;Kaniti Olmayan Gercekler;John Brockman;Kaniti Olmayan Gercekler. John Brockman;yes;;;2010;288;category?;read?;-;tbr?;reread?;F-2;homelibrary;https://www.google.com/search?q=Kaniti%20Olmayan%20Gercekler%20John%20Brockman;https://www.google.com/search?q=Kaniti%20Olmayan%20Gercekler%20John%20Brockman&tbm=isch;749; ;
1748;Kandirma Dansi;Harriet Lerner;Kandirma Dansi. Harriet Lerner;yes;;;2019;213;category?;read?;-;📋;reread?;A-4;homelibrary;https://www.google.com/search?q=Kandirma%20Dansi%20Harriet%20Lerner;https://www.google.com/search?q=Kandirma%20Dansi%20Harriet%20Lerner&tbm=isch;748; ;
1747;Kancaya Takilinca - Aliskanlik Yaratan Urunler Nasil Gelistirilir?;Nir Eyal;Kancaya Takilinca - Aliskanlik Yaratan Urunler Nasil Gelistirilir?. Nir Eyal;yes;;;2022;264;category?;read?;-;📋;reread?;C-7;homelibrary;https://www.google.com/search?q=Kancaya%20Takilinca%20-%20Aliskanlik%20Yaratan%20Urunler%20Nasil%20Gelistirilir?%20Nir%20Eyal;https://www.google.com/search?q=Kancaya%20Takilinca%20-%20Aliskanlik%20Yaratan%20Urunler%20Nasil%20Gelistirilir?%20Nir%20Eyal&tbm=isch;747; ;
1746;Kan, Ter ve Pikseller - Video Oyun Yapimciliginin Arkasindaki Calkantili ve Zafer Dolu Hikayeler;Jason Schreier;Kan, Ter ve Pikseller - Video Oyun Yapimciliginin Arkasindaki Calkantili ve Zafer Dolu Hikayeler. Jason Schreier;yes;;;2021;280;category?;read?;-;📋;reread?;E-9;homelibrary;https://www.google.com/search?q=Kan,%20Ter%20ve%20Pikseller%20-%20Video%20Oyun%20Yapimciliginin%20Arkasindaki%20Calkantili%20ve%20Zafer%20Dolu%20Hikayeler%20Jason%20Schreier;https://www.google.com/search?q=Kan,%20Ter%20ve%20Pikseller%20-%20Video%20Oyun%20Yapimciliginin%20Arkasindaki%20Calkantili%20ve%20Zafer%20Dolu%20Hikayeler%20Jason%20Schreier&tbm=isch;746; ;
1745;Kalici Olmak;James C. Collins, Jerry I. Porras;Kalici Olmak. James C. Collins, Jerry I. Porras;released;;yes;2001;438;category?;read?;-;tbr?;reread?;D-2;homelibrary;https://www.google.com/search?q=Kalici%20Olmak%20James%20C.%20Collins,%20Jerry%20I.%20Porras;https://www.google.com/search?q=Kalici%20Olmak%20James%20C.%20Collins,%20Jerry%20I.%20Porras&tbm=isch;745; ;
1744;Kahve Tutkusu;Anette Moldvaer;Kahve Tutkusu. Anette Moldvaer;no;;;2016;224;category?;read?;-;tbr?;reread?;G-6;homelibrary;https://www.google.com/search?q=Kahve%20Tutkusu%20Anette%20Moldvaer;https://www.google.com/search?q=Kahve%20Tutkusu%20Anette%20Moldvaer&tbm=isch;744; ;
1743;Kahve - Fincandan Lezzete;Cenk R. Girginol;Kahve - Fincandan Lezzete. Cenk R. Girginol;no;;;2018;208;category?;read?;-;tbr?;reread?;G-6;homelibrary;https://www.google.com/search?q=Kahve%20-%20Fincandan%20Lezzete%20Cenk%20R.%20Girginol;https://www.google.com/search?q=Kahve%20-%20Fincandan%20Lezzete%20Cenk%20R.%20Girginol&tbm=isch;743; ;
1742;Kahve - Topraktan Fincana;Cenk R. Girginol;Kahve - Topraktan Fincana. Cenk R. Girginol;no;;;2017;192;category?;read?;-;tbr?;reread?;G-6;homelibrary;https://www.google.com/search?q=Kahve%20-%20Topraktan%20Fincana%20Cenk%20R.%20Girginol;https://www.google.com/search?q=Kahve%20-%20Topraktan%20Fincana%20Cenk%20R.%20Girginol&tbm=isch;742; ;
1741;Kafesler Bosalsin - Hayvan Haklariyla Yuzlesmek;Tom Regan;Kafesler Bosalsin - Hayvan Haklariyla Yuzlesmek. Tom Regan;yes;;;2007;316;category?;read?;-;📋;reread?;G-4;homelibrary;https://www.google.com/search?q=Kafesler%20Bosalsin%20-%20Hayvan%20Haklariyla%20Yuzlesmek%20Tom%20Regan;https://www.google.com/search?q=Kafesler%20Bosalsin%20-%20Hayvan%20Haklariyla%20Yuzlesmek%20Tom%20Regan&tbm=isch;741; ;
1740;Kafes - Bir Ekonomik Tetikcinin Itiraflari 4;John Perkins;Kafes - Bir Ekonomik Tetikcinin Itiraflari 4. John Perkins;no;;;2018;254;category?;read?;-;📋;reread?;A-8;homelibrary;https://www.google.com/search?q=Kafes%20-%20Bir%20Ekonomik%20Tetikcinin%20Itiraflari%204%20John%20Perkins;https://www.google.com/search?q=Kafes%20-%20Bir%20Ekonomik%20Tetikcinin%20Itiraflari%204%20John%20Perkins&tbm=isch;740; ;
1739;Kafasi Bozuklarin El Kitabi;Lotta Sonninen;Kafasi Bozuklarin El Kitabi. Lotta Sonninen;yes;;;2019;112;category?;read?;-;tbr?;reread?;E-4;homelibrary;https://www.google.com/search?q=Kafasi%20Bozuklarin%20El%20Kitabi%20Lotta%20Sonninen;https://www.google.com/search?q=Kafasi%20Bozuklarin%20El%20Kitabi%20Lotta%20Sonninen&tbm=isch;739; ;
1738;Kafani Degistir;Rod Judkins;Kafani Degistir. Rod Judkins;no;;;2018;144;category?;read?;-;tbr?;reread?;F-1;homelibrary;https://www.google.com/search?q=Kafani%20Degistir%20Rod%20Judkins;https://www.google.com/search?q=Kafani%20Degistir%20Rod%20Judkins&tbm=isch;738; ;
1737;Kadinligin Gizemi;Betty Friedan;Kadinligin Gizemi. Betty Friedan;yes;;;2022;504;category?;read?;-;📋;reread?;B-8;homelibrary;https://www.google.com/search?q=Kadinligin%20Gizemi%20Betty%20Friedan;https://www.google.com/search?q=Kadinligin%20Gizemi%20Betty%20Friedan&tbm=isch;737; ;
1736;Kadinlara Pazarlama - Kadin Tuketicilerin Kalbine Ulasmanin Yollari;Mary Lou Quinlan;Kadinlara Pazarlama - Kadin Tuketicilerin Kalbine Ulasmanin Yollari. Mary Lou Quinlan;released;;yes;2009;280;category?;read?;-;tbr?;reread?;A-2;homelibrary;https://www.google.com/search?q=Kadinlara%20Pazarlama%20-%20Kadin%20Tuketicilerin%20Kalbine%20Ulasmanin%20Yollari%20Mary%20Lou%20Quinlan;https://www.google.com/search?q=Kadinlara%20Pazarlama%20-%20Kadin%20Tuketicilerin%20Kalbine%20Ulasmanin%20Yollari%20Mary%20Lou%20Quinlan&tbm=isch;736; ;
1735;Diplomasi;Henry Kissinger;Diplomasi. Henry Kissinger;no;;;2022;840;category?;read?;-;📋;reread?;H-5;homelibrary;https://www.google.com/search?q=Diplomasi%20Henry%20Kissinger;https://www.google.com/search?q=Diplomasi%20Henry%20Kissinger&tbm=isch;735; ;
1734;Kadinlar Neden Satin Alir?;Paco Underhill;Kadinlar Neden Satin Alir?. Paco Underhill;released;;yes;2012;223;category?;read?;-;tbr?;reread?;A-2;homelibrary;https://www.google.com/search?q=Kadinlar%20Neden%20Satin%20Alir?%20Paco%20Underhill;https://www.google.com/search?q=Kadinlar%20Neden%20Satin%20Alir?%20Paco%20Underhill&tbm=isch;734; ;
1733;Kadinin Ruhsal Yapisi;Karen Horney;Kadinin Ruhsal Yapisi. Karen Horney;yes;;;1998;264;category?;read?;-;📋;reread?;B-8;homelibrary;https://www.google.com/search?q=Kadinin%20Ruhsal%20Yapisi%20Karen%20Horney;https://www.google.com/search?q=Kadinin%20Ruhsal%20Yapisi%20Karen%20Horney&tbm=isch;733; ;
1732;Kadinin Farkli Sesi;Carol Gilligan;Kadinin Farkli Sesi. Carol Gilligan;yes;;;2017;288;category?;read?;-;📋;reread?;B-8;homelibrary;https://www.google.com/search?q=Kadinin%20Farkli%20Sesi%20Carol%20Gilligan;https://www.google.com/search?q=Kadinin%20Farkli%20Sesi%20Carol%20Gilligan&tbm=isch;732; ;
1731;Kadina Yonelik Siddet, Hayvanlara Zulum;Carol J. Adams;Kadina Yonelik Siddet, Hayvanlara Zulum. Carol J. Adams;yes;;;2022;56;category?;read?;-;📋;reread?;G-4;homelibrary;https://www.google.com/search?q=Kadina%20Yonelik%20Siddet,%20Hayvanlara%20Zulum%20Carol%20J.%20Adams;https://www.google.com/search?q=Kadina%20Yonelik%20Siddet,%20Hayvanlara%20Zulum%20Carol%20J.%20Adams&tbm=isch;731; ;
1730;Kadin Psikolojisi;Karen Horney;Kadin Psikolojisi. Karen Horney;yes;;;2020;300;category?;read?;-;📋;reread?;A-6;homelibrary;https://www.google.com/search?q=Kadin%20Psikolojisi%20Karen%20Horney;https://www.google.com/search?q=Kadin%20Psikolojisi%20Karen%20Horney&tbm=isch;730; ;
1729;Kader Ucgeni;Noam Chomsky;Kader Ucgeni. Noam Chomsky;no;;;2017;768;category?;read?;-;📋;reread?;G-3;homelibrary;https://www.google.com/search?q=Kader%20Ucgeni%20Noam%20Chomsky;https://www.google.com/search?q=Kader%20Ucgeni%20Noam%20Chomsky&tbm=isch;729; ;
1728;Kader Ani;Frans Johansson;Kader Ani. Frans Johansson;yes;;;2018;272;category?;read?;-;📋;reread?;D-8;homelibrary;https://www.google.com/search?q=Kader%20Ani%20Frans%20Johansson;https://www.google.com/search?q=Kader%20Ani%20Frans%20Johansson&tbm=isch;728; ;
1727;Kacinci Cocuksunuz? - Dogum Siranizin Is, Ask ve Aile Hayatiniza Etkileri;Kevin Leman;Kacinci Cocuksunuz? - Dogum Siranizin Is, Ask ve Aile Hayatiniza Etkileri. Kevin Leman;yes;;;2015;352;category?;read?;-;tbr?;reread?;C-3;homelibrary;https://www.google.com/search?q=Kacinci%20Cocuksunuz?%20-%20Dogum%20Siranizin%20Is,%20Ask%20ve%20Aile%20Hayatiniza%20Etkileri%20Kevin%20Leman;https://www.google.com/search?q=Kacinci%20Cocuksunuz?%20-%20Dogum%20Siranizin%20Is,%20Ask%20ve%20Aile%20Hayatiniza%20Etkileri%20Kevin%20Leman&tbm=isch;727; ;
1726;Kabul Etmenin Ozgurlugu;Bert Hellinger, Gabriele Ten Hovel;Kabul Etmenin Ozgurlugu. Bert Hellinger, Gabriele Ten Hovel;yes;;;2016;224;category?;read?;-;📋;reread?;A-4;homelibrary;https://www.google.com/search?q=Kabul%20Etmenin%20Ozgurlugu%20Bert%20Hellinger,%20Gabriele%20Ten%20Hovel;https://www.google.com/search?q=Kabul%20Etmenin%20Ozgurlugu%20Bert%20Hellinger,%20Gabriele%20Ten%20Hovel&tbm=isch;726; ;
1725;Kablolardaki Hayalet;William L. Simon, Kevin D. Mitnick;Kablolardaki Hayalet. William L. Simon, Kevin D. Mitnick;yes;;;2015;480;category?;read?;-;📋;reread?;E-9;homelibrary;https://www.google.com/search?q=Kablolardaki%20Hayalet%20William%20L.%20Simon,%20Kevin%20D.%20Mitnick;https://www.google.com/search?q=Kablolardaki%20Hayalet%20William%20L.%20Simon,%20Kevin%20D.%20Mitnick&tbm=isch;725; ;
1724;John Berger’in Gorme Bicimleri Bir Tahlil;Katja Lang, Emmanouil Kalkanis;John Berger’in Gorme Bicimleri Bir Tahlil. Katja Lang, Emmanouil Kalkanis;yes;;;2021;120;category?;read?;-;📋;reread?;B-6;homelibrary;https://www.google.com/search?q=John%20Berger%E2%80%99in%20Gorme%20Bicimleri%20Bir%20Tahlil%20Katja%20Lang,%20Emmanouil%20Kalkanis;https://www.google.com/search?q=John%20Berger%E2%80%99in%20Gorme%20Bicimleri%20Bir%20Tahlil%20Katja%20Lang,%20Emmanouil%20Kalkanis&tbm=isch;724; ;
1723;Japonlarin 100 Yil Yasama Sirri;Junko Takahashi;Japonlarin 100 Yil Yasama Sirri. Junko Takahashi;no;;;2019;224;category?;read?;-;📋;reread?;E-4;homelibrary;https://www.google.com/search?q=Japonlarin%20100%20Yil%20Yasama%20Sirri%20Junko%20Takahashi;https://www.google.com/search?q=Japonlarin%20100%20Yil%20Yasama%20Sirri%20Junko%20Takahashi&tbm=isch;723; ;
1722;Japonizm;Erin Niimi Longhurst;Japonizm. Erin Niimi Longhurst;yes;;;2019;288;category?;read?;-;📋;reread?;E-4;homelibrary;https://www.google.com/search?q=Japonizm%20Erin%20Niimi%20Longhurst;https://www.google.com/search?q=Japonizm%20Erin%20Niimi%20Longhurst&tbm=isch;722; ;
1721;Jaguara Dokunmak;John Perkins;Jaguara Dokunmak. John Perkins;no;;;2021;296;category?;read?;-;tbr?;reread?;A-10;homelibrary;https://www.google.com/search?q=Jaguara%20Dokunmak%20John%20Perkins;https://www.google.com/search?q=Jaguara%20Dokunmak%20John%20Perkins&tbm=isch;721; ;
1720;Izleniyoruz - Yeni Reklam Sektorunun Elindeki Kimligimiz ve Degerimiz;Joseph Turow;Izleniyoruz - Yeni Reklam Sektorunun Elindeki Kimligimiz ve Degerimiz. Joseph Turow;yes;;;2016;320;Consumer & Marketing;✅;-;tbr?;📖;C-8;homelibrary;https://www.google.com/search?q=Izleniyoruz%20-%20Yeni%20Reklam%20Sektorunun%20Elindeki%20Kimligimiz%20ve%20Degerimiz%20Joseph%20Turow;https://www.google.com/search?q=Izleniyoruz%20-%20Yeni%20Reklam%20Sektorunun%20Elindeki%20Kimligimiz%20ve%20Degerimiz%20Joseph%20Turow&tbm=isch;720; ;
1719;Iyimser Gelecek;John Brockman;Iyimser Gelecek. John Brockman;no;;;2009;400;category?;read?;-;tbr?;reread?;G-1;homelibrary;https://www.google.com/search?q=Iyimser%20Gelecek%20John%20Brockman;https://www.google.com/search?q=Iyimser%20Gelecek%20John%20Brockman&tbm=isch;719; ;
1718;Iyilestiren Nefes - Nefesin Iyilestirici, Huzur Verici ve Aydinlatici Gucunu Kullanmak;Luis S. R. Vas;Iyilestiren Nefes - Nefesin Iyilestirici, Huzur Verici ve Aydinlatici Gucunu Kullanmak. Luis S. R. Vas;no;;;2014;128;category?;read?;-;📋;reread?;G-6;homelibrary;https://www.google.com/search?q=Iyilestiren%20Nefes%20-%20Nefesin%20Iyilestirici,%20Huzur%20Verici%20ve%20Aydinlatici%20Gucunu%20Kullanmak%20Luis%20S.%20R.%20Vas;https://www.google.com/search?q=Iyilestiren%20Nefes%20-%20Nefesin%20Iyilestirici,%20Huzur%20Verici%20ve%20Aydinlatici%20Gucunu%20Kullanmak%20Luis%20S.%20R.%20Vas&tbm=isch;718; ;
1717;Iyi, Kotu Ekonomi - Gilgamis’tan Wall Street’e Iktisadi Anlam Arayisi;Thomas Sedlacek;Iyi, Kotu Ekonomi - Gilgamis’tan Wall Street’e Iktisadi Anlam Arayisi. Thomas Sedlacek;no;;;2017;456;category?;read?;-;📋;reread?;A-8;homelibrary;https://www.google.com/search?q=Iyi,%20Kotu%20Ekonomi%20-%20Gilgamis%E2%80%99tan%20Wall%20Street%E2%80%99e%20Iktisadi%20Anlam%20Arayisi%20Thomas%20Sedlacek;https://www.google.com/search?q=Iyi,%20Kotu%20Ekonomi%20-%20Gilgamis%E2%80%99tan%20Wall%20Street%E2%80%99e%20Iktisadi%20Anlam%20Arayisi%20Thomas%20Sedlacek&tbm=isch;717; ;
1716;Iyi'den Mukemmel Sirkete;Jim Collins;Iyi'den Mukemmel Sirkete. Jim Collins;released;;yes;2004;336;category?;read?;-;tbr?;reread?;D-2;homelibrary;https://www.google.com/search?q=Iyi%27den%20Mukemmel%20Sirkete%20Jim%20Collins;https://www.google.com/search?q=Iyi%27den%20Mukemmel%20Sirkete%20Jim%20Collins&tbm=isch;716; ;
1715;Iyi Yazmak Uzerine;William Zinsser;Iyi Yazmak Uzerine. William Zinsser;yes;;;2018;320;category?;read?;-;📋;reread?;D-5;homelibrary;https://www.google.com/search?q=Iyi%20Yazmak%20Uzerine%20William%20Zinsser;https://www.google.com/search?q=Iyi%20Yazmak%20Uzerine%20William%20Zinsser&tbm=isch;715; ;
1714;Iyi Toplum Yoktur;Nihan Kaya;Iyi Toplum Yoktur. Nihan Kaya;yes;;;2019;168;category?;✅;-;tbr?;📖;A-9;homelibrary;https://www.google.com/search?q=Iyi%20Toplum%20Yoktur%20Nihan%20Kaya;https://www.google.com/search?q=Iyi%20Toplum%20Yoktur%20Nihan%20Kaya&tbm=isch;714; ;
1713;Iyi Sirket;Philip Kotler, Nancy R. Lee, David Hessekiel;Iyi Sirket. Philip Kotler, Nancy R. Lee, David Hessekiel;released;;yes;2013;333;category?;read?;-;tbr?;reread?;G-2;homelibrary;https://www.google.com/search?q=Iyi%20Sirket%20Philip%20Kotler,%20Nancy%20R.%20Lee,%20David%20Hessekiel;https://www.google.com/search?q=Iyi%20Sirket%20Philip%20Kotler,%20Nancy%20R.%20Lee,%20David%20Hessekiel&tbm=isch;713; ;
1712;Iyi Hissetmek;David Burns;Iyi Hissetmek. David Burns;yes;;;2012;632;category?;read?;-;tbr?;reread?;A-7;homelibrary;https://www.google.com/search?q=Iyi%20Hissetmek%20David%20Burns;https://www.google.com/search?q=Iyi%20Hissetmek%20David%20Burns&tbm=isch;712; ;
1711;Iyi Hissetme Sanati;Jon Kabat-Zinn, Mark Williams, John Teasdale, Zindel Segal;Iyi Hissetme Sanati. Jon Kabat-Zinn, Mark Williams, John Teasdale, Zindel Segal;yes;;;2015;344;category?;read?;-;tbr?;reread?;G-7;homelibrary;https://www.google.com/search?q=Iyi%20Hissetme%20Sanati%20Jon%20Kabat-Zinn,%20Mark%20Williams,%20John%20Teasdale,%20Zindel%20Segal;https://www.google.com/search?q=Iyi%20Hissetme%20Sanati%20Jon%20Kabat-Zinn,%20Mark%20Williams,%20John%20Teasdale,%20Zindel%20Segal&tbm=isch;711; ;
1710;Iyi Aile Yoktur;Nihan Kaya;Iyi Aile Yoktur. Nihan Kaya;yes;;;2021;296;category?;✅;-;tbr?;📖;A-9;homelibrary;https://www.google.com/search?q=Iyi%20Aile%20Yoktur%20Nihan%20Kaya;https://www.google.com/search?q=Iyi%20Aile%20Yoktur%20Nihan%20Kaya&tbm=isch;710; ;
1709;Leadership - Theory and Practice;Peter G. Northouse;Leadership - Theory and Practice. Peter G. Northouse;no;;;2007;295;category?;read?;-;tbr?;reread?;F-7;homelibrary;https://www.google.com/search?q=Leadership%20-%20Theory%20and%20Practice%20Peter%20G.%20Northouse;https://www.google.com/search?q=Leadership%20-%20Theory%20and%20Practice%20Peter%20G.%20Northouse&tbm=isch;709; ;
1708;Is’te Nasil Mutlu Olunur;Annie Mckee;Is’te Nasil Mutlu Olunur. Annie Mckee;yes;;;2018;280;category?;read?;-;tbr?;reread?;E-6;homelibrary;https://www.google.com/search?q=Is%E2%80%99te%20Nasil%20Mutlu%20Olunur%20Annie%20Mckee;https://www.google.com/search?q=Is%E2%80%99te%20Nasil%20Mutlu%20Olunur%20Annie%20Mckee&tbm=isch;708; ;
1707;Isveren Markasi - Yuksek Nitelikli Calisanlari Cekmenin ve Elde Tutmanin Anahtari;Turker Bas;Isveren Markasi - Yuksek Nitelikli Calisanlari Cekmenin ve Elde Tutmanin Anahtari. Turker Bas;no;;;2011;165;category?;read?;-;tbr?;reread?;A-1;homelibrary;https://www.google.com/search?q=Isveren%20Markasi%20-%20Yuksek%20Nitelikli%20Calisanlari%20Cekmenin%20ve%20Elde%20Tutmanin%20Anahtari%20Turker%20Bas;https://www.google.com/search?q=Isveren%20Markasi%20-%20Yuksek%20Nitelikli%20Calisanlari%20Cekmenin%20ve%20Elde%20Tutmanin%20Anahtari%20Turker%20Bas&tbm=isch;707; ;
1706;Istif Cagi;James Wallman;Istif Cagi. James Wallman;yes;;;2018;328;category?;read?;-;📋;reread?;D-8;homelibrary;https://www.google.com/search?q=Istif%20Cagi%20James%20Wallman;https://www.google.com/search?q=Istif%20Cagi%20James%20Wallman&tbm=isch;706; ;
1705;Iste Bunlar Hep Sanat;Simon Armstrong;Iste Bunlar Hep Sanat. Simon Armstrong;no;;;2021;112;category?;read?;-;tbr?;reread?;D-4;homelibrary;https://www.google.com/search?q=Iste%20Bunlar%20Hep%20Sanat%20Simon%20Armstrong;https://www.google.com/search?q=Iste%20Bunlar%20Hep%20Sanat%20Simon%20Armstrong&tbm=isch;705; ;
1704;Iste Bunlar Hep Bilim;Daniel Tatarsky;Iste Bunlar Hep Bilim. Daniel Tatarsky;no;;;2015;112;category?;read?;-;tbr?;reread?;D-4;homelibrary;https://www.google.com/search?q=Iste%20Bunlar%20Hep%20Bilim%20Daniel%20Tatarsky;https://www.google.com/search?q=Iste%20Bunlar%20Hep%20Bilim%20Daniel%20Tatarsky&tbm=isch;704; ;
1703;Iste Bu Her Seyi Degistirir;Naomi Klein;Iste Bu Her Seyi Degistirir. Naomi Klein;yes;;;2015;704;category?;read?;-;📋;reread?;G-5;homelibrary;https://www.google.com/search?q=Iste%20Bu%20Her%20Seyi%20Degistirir%20Naomi%20Klein;https://www.google.com/search?q=Iste%20Bu%20Her%20Seyi%20Degistirir%20Naomi%20Klein&tbm=isch;703; ;
1702;Iste Bu Fikir Tutar!;Chip Heath, Dan Heath;Iste Bu Fikir Tutar!. Chip Heath, Dan Heath;released;;yes;2012;288;category?;read?;-;tbr?;reread?;A-2;homelibrary;https://www.google.com/search?q=Iste%20Bu%20Fikir%20Tutar!%20Chip%20Heath,%20Dan%20Heath;https://www.google.com/search?q=Iste%20Bu%20Fikir%20Tutar!%20Chip%20Heath,%20Dan%20Heath&tbm=isch;702; ;
1701;Issizlik Hakki;Ivan Illich;Issizlik Hakki. Ivan Illich;yes;;;2011;96;category?;read?;-;tbr?;reread?;H-4;homelibrary;https://www.google.com/search?q=Issizlik%20Hakki%20Ivan%20Illich;https://www.google.com/search?q=Issizlik%20Hakki%20Ivan%20Illich&tbm=isch;701; ;
1700;Issiz Yasam - Issizligin ve Is Guvencesizliginin Birey ve Aile Uzerindeki Etkileri;Nebi Sumer, Nevin Solak, Mehmet Harma;Issiz Yasam - Issizligin ve Is Guvencesizliginin Birey ve Aile Uzerindeki Etkileri. Nebi Sumer, Nevin Solak, Mehmet Harma;released;;yes;2013;213;category?;read?;-;tbr?;reread?;A-3;homelibrary;https://www.google.com/search?q=Issiz%20Yasam%20-%20Issizligin%20ve%20Is%20Guvencesizliginin%20Birey%20ve%20Aile%20Uzerindeki%20Etkileri%20Nebi%20Sumer,%20Nevin%20Solak,%20Mehmet%20Harma;https://www.google.com/search?q=Issiz%20Yasam%20-%20Issizligin%20ve%20Is%20Guvencesizliginin%20Birey%20ve%20Aile%20Uzerindeki%20Etkileri%20Nebi%20Sumer,%20Nevin%20Solak,%20Mehmet%20Harma&tbm=isch;700; ;
1699;How to Measure Training Results - A Practical Guide to Tracking the Six Key Indicators;Jack J. Phillips, Ron Stone;How to Measure Training Results - A Practical Guide to Tracking the Six Key Indicators. Jack J. Phillips, Ron Stone;no;;;2002;300;category?;read?;-;tbr?;reread?;H-7;homelibrary;https://www.google.com/search?q=How%20to%20Measure%20Training%20Results%20-%20A%20Practical%20Guide%20to%20Tracking%20the%20Six%20Key%20Indicators%20Jack%20J.%20Phillips,%20Ron%20Stone;https://www.google.com/search?q=How%20to%20Measure%20Training%20Results%20-%20A%20Practical%20Guide%20to%20Tracking%20the%20Six%20Key%20Indicators%20Jack%20J.%20Phillips,%20Ron%20Stone&tbm=isch;699; ;
1698;Isletmelerde Egitim Ihtiyaci Analizi;Huner Sencan, Nihat Erdogmus;Isletmelerde Egitim Ihtiyaci Analizi. Huner Sencan, Nihat Erdogmus;no;;;2001;176;category?;read?;-;tbr?;reread?;A-1;homelibrary;https://www.google.com/search?q=Isletmelerde%20Egitim%20Ihtiyaci%20Analizi%20Huner%20Sencan,%20Nihat%20Erdogmus;https://www.google.com/search?q=Isletmelerde%20Egitim%20Ihtiyaci%20Analizi%20Huner%20Sencan,%20Nihat%20Erdogmus&tbm=isch;698; ;
1697;Isletmede Insan Davranisi;Keith Davis;Isletmede Insan Davranisi. Keith Davis;yes;;;1984;761;category?;read?;-;tbr?;reread?;G-3;homelibrary;https://www.google.com/search?q=Isletmede%20Insan%20Davranisi%20Keith%20Davis;https://www.google.com/search?q=Isletmede%20Insan%20Davranisi%20Keith%20Davis&tbm=isch;697; ;
1696;Isletme Yonetiminde Matris Orgut Yapisi Olusturma;Erdogan Taskin;Isletme Yonetiminde Matris Orgut Yapisi Olusturma. Erdogan Taskin;no;;;1997;107;category?;read?;-;tbr?;reread?;A-1;homelibrary;https://www.google.com/search?q=Isletme%20Yonetiminde%20Matris%20Orgut%20Yapisi%20Olusturma%20Erdogan%20Taskin;https://www.google.com/search?q=Isletme%20Yonetiminde%20Matris%20Orgut%20Yapisi%20Olusturma%20Erdogan%20Taskin&tbm=isch;696; ;
1695;Isletme Okulunda Ogrendigim 101 Sey;Matthew Frederick, Michael W. Preis;Isletme Okulunda Ogrendigim 101 Sey. Matthew Frederick, Michael W. Preis;no;;;2012;101;category?;✅;-;tbr?;reread?;A-9;homelibrary;https://www.google.com/search?q=Isletme%20Okulunda%20Ogrendigim%20101%20Sey%20Matthew%20Frederick,%20Michael%20W.%20Preis;https://www.google.com/search?q=Isletme%20Okulunda%20Ogrendigim%20101%20Sey%20Matthew%20Frederick,%20Michael%20W.%20Preis&tbm=isch;695; ;
1694;Isletme Hastaligina Tutulmus Toplum;Vincent de Gaulejac;Isletme Hastaligina Tutulmus Toplum. Vincent de Gaulejac;n/a;;;2013;288;category?;read?;-;tbr?;reread?;E-7;house-2;https://www.google.com/search?q=Isletme%20Hastaligina%20Tutulmus%20Toplum%20Vincent%20de%20Gaulejac;https://www.google.com/search?q=Isletme%20Hastaligina%20Tutulmus%20Toplum%20Vincent%20de%20Gaulejac&tbm=isch;694; ;
1693;Iskandinav Uzun Yasam Rehberi - 10 Yil Fazla Yasamak Icin 10 Ipucu;Bertil Marklund;Iskandinav Uzun Yasam Rehberi - 10 Yil Fazla Yasamak Icin 10 Ipucu. Bertil Marklund;yes;;;2019;144;category?;✅;-;tbr?;reread?;E-4;homelibrary;https://www.google.com/search?q=Iskandinav%20Uzun%20Yasam%20Rehberi%20-%2010%20Yil%20Fazla%20Yasamak%20Icin%2010%20Ipucu%20Bertil%20Marklund;https://www.google.com/search?q=Iskandinav%20Uzun%20Yasam%20Rehberi%20-%2010%20Yil%20Fazla%20Yasamak%20Icin%2010%20Ipucu%20Bertil%20Marklund&tbm=isch;693; ;
1692;Re-imagine! - Business Excellence in a Disruptive Age;Tom Peters;Re-imagine! - Business Excellence in a Disruptive Age. Tom Peters;no;;;2003;352;category?;read?;-;tbr?;reread?;H-9;homelibrary;https://www.google.com/search?q=Re-imagine!%20-%20Business%20Excellence%20in%20a%20Disruptive%20Age%20Tom%20Peters;https://www.google.com/search?q=Re-imagine!%20-%20Business%20Excellence%20in%20a%20Disruptive%20Age%20Tom%20Peters&tbm=isch;692; ;
1691;Isbasinda Duygusal Zeka;Daniel Goleman;Isbasinda Duygusal Zeka. Daniel Goleman;released;;yes;2017;448;category?;read?;-;tbr?;reread?;B-1;homelibrary;https://www.google.com/search?q=Isbasinda%20Duygusal%20Zeka%20Daniel%20Goleman;https://www.google.com/search?q=Isbasinda%20Duygusal%20Zeka%20Daniel%20Goleman&tbm=isch;691; ;
1690;Is'te Beyniniz;David Rock;Is'te Beyniniz. David Rock;released;;yes;2014;320;category?;read?;-;tbr?;reread?;B-1;homelibrary;https://www.google.com/search?q=Is%27te%20Beyniniz%20David%20Rock;https://www.google.com/search?q=Is%27te%20Beyniniz%20David%20Rock&tbm=isch;690; ;
1689;Jung Psikolojisinin Ana Hatlari;Frieda Fordham;Jung Psikolojisinin Ana Hatlari. Frieda Fordham;yes;;;2023;160;category?;read?;-;📋;reread?;B-4;homelibrary;https://www.google.com/search?q=Jung%20Psikolojisinin%20Ana%20Hatlari%20Frieda%20Fordham;https://www.google.com/search?q=Jung%20Psikolojisinin%20Ana%20Hatlari%20Frieda%20Fordham&tbm=isch;689; ;
1688;Mutlu Olma Cesareti;Ichiro Kishimi, Fumitake Koga;Mutlu Olma Cesareti. Ichiro Kishimi, Fumitake Koga;yes;;;2022;262;category?;read?;-;tbr?;reread?;G-7;homelibrary;https://www.google.com/search?q=Mutlu%20Olma%20Cesareti%20Ichiro%20Kishimi,%20Fumitake%20Koga;https://www.google.com/search?q=Mutlu%20Olma%20Cesareti%20Ichiro%20Kishimi,%20Fumitake%20Koga&tbm=isch;688; ;
1687;Gelecegi Degistiren Dokuz Algoritma - Gunumuz Bilgisayarlarinin Ardindaki Parlak Fikirler;John McCormick;Gelecegi Degistiren Dokuz Algoritma - Gunumuz Bilgisayarlarinin Ardindaki Parlak Fikirler. John McCormick;yes;;;2018;291;category?;read?;-;📋;reread?;D-6;homelibrary;https://www.google.com/search?q=Gelecegi%20Degistiren%20Dokuz%20Algoritma%20-%20Gunumuz%20Bilgisayarlarinin%20Ardindaki%20Parlak%20Fikirler%20John%20McCormick;https://www.google.com/search?q=Gelecegi%20Degistiren%20Dokuz%20Algoritma%20-%20Gunumuz%20Bilgisayarlarinin%20Ardindaki%20Parlak%20Fikirler%20John%20McCormick&tbm=isch;687; ;
1686;Is Satma Sanati - Gizli Gundem;Kevin Allen;Is Satma Sanati - Gizli Gundem. Kevin Allen;yes;;;2017;192;category?;read?;-;📋;reread?;D-8;homelibrary;https://www.google.com/search?q=Is%20Satma%20Sanati%20-%20Gizli%20Gundem%20Kevin%20Allen;https://www.google.com/search?q=Is%20Satma%20Sanati%20-%20Gizli%20Gundem%20Kevin%20Allen&tbm=isch;686; ;
1685;In Search of Excellence - Lessons from America's Best-Run Companies;Tom Peters, Robert H. Waterman, Jr.;In Search of Excellence - Lessons from America's Best-Run Companies. Tom Peters, Robert H. Waterman, Jr.;no;;;1995;384;category?;read?;-;tbr?;reread?;F-7;homelibrary;https://www.google.com/search?q=In%20Search%20of%20Excellence%20-%20Lessons%20from%20America%27s%20Best-Run%20Companies%20Tom%20Peters,%20Robert%20H.%20Waterman,%20Jr.;https://www.google.com/search?q=In%20Search%20of%20Excellence%20-%20Lessons%20from%20America%27s%20Best-Run%20Companies%20Tom%20Peters,%20Robert%20H.%20Waterman,%20Jr.&tbm=isch;685; ;
1684;Insan Kaynaklari Yonetimi - Psikolojik Bir Yaklasim;Canan Ergin;Insan Kaynaklari Yonetimi - Psikolojik Bir Yaklasim. Canan Ergin;no;;;2002;216;category?;read?;-;tbr?;reread?;A-1;homelibrary;https://www.google.com/search?q=Insan%20Kaynaklari%20Yonetimi%20-%20Psikolojik%20Bir%20Yaklasim%20Canan%20Ergin;https://www.google.com/search?q=Insan%20Kaynaklari%20Yonetimi%20-%20Psikolojik%20Bir%20Yaklasim%20Canan%20Ergin&tbm=isch;684; ;
1683;Irrasyonel;Stuart Sutherland;Irrasyonel. Stuart Sutherland;yes;;;2015;310;category?;read?;-;📋;reread?;C-10;homelibrary;https://www.google.com/search?q=Irrasyonel%20Stuart%20Sutherland;https://www.google.com/search?q=Irrasyonel%20Stuart%20Sutherland&tbm=isch;683; ;
1682;Internet Bizi Aptal mi Yapiyor? Yuzeysellik;Nicholas Carr;Internet Bizi Aptal mi Yapiyor? Yuzeysellik. Nicholas Carr;yes;;;2012;279;Technology & the Digital World;✅;-;tbr?;📖;C-7;homelibrary;https://www.google.com/search?q=Internet%20Bizi%20Aptal%20mi%20Yapiyor?%20Yuzeysellik%20Nicholas%20Carr;https://www.google.com/search?q=Internet%20Bizi%20Aptal%20mi%20Yapiyor?%20Yuzeysellik%20Nicholas%20Carr&tbm=isch;682; ;
1681;Integral Psikoloji;Ken Wilber;Integral Psikoloji. Ken Wilber;yes;;;2021;330;category?;read?;-;📋;reread?;B-9;homelibrary;https://www.google.com/search?q=Integral%20Psikoloji%20Ken%20Wilber;https://www.google.com/search?q=Integral%20Psikoloji%20Ken%20Wilber&tbm=isch;681; ;
1680;Insanlik 2.0 - Tekillige Dogru Biyolojisini Asan Insan;Ray Kurzweil;Insanlik 2.0 - Tekillige Dogru Biyolojisini Asan Insan. Ray Kurzweil;yes;;;2018;720;category?;✅;-;tbr?;reread?;C-4;homelibrary;https://www.google.com/search?q=Insanlik%202.0%20-%20Tekillige%20Dogru%20Biyolojisini%20Asan%20Insan%20Ray%20Kurzweil;https://www.google.com/search?q=Insanlik%202.0%20-%20Tekillige%20Dogru%20Biyolojisini%20Asan%20Insan%20Ray%20Kurzweil&tbm=isch;680; ;
1679;Insanligin Seruveni - Zenginligin ve Esitsizligin Tarihi;Oded Galor;Insanligin Seruveni - Zenginligin ve Esitsizligin Tarihi. Oded Galor;yes;;;2022;288;category?;read?;-;📋;reread?;G-5;homelibrary;https://www.google.com/search?q=Insanligin%20Seruveni%20-%20Zenginligin%20ve%20Esitsizligin%20Tarihi%20Oded%20Galor;https://www.google.com/search?q=Insanligin%20Seruveni%20-%20Zenginligin%20ve%20Esitsizligin%20Tarihi%20Oded%20Galor&tbm=isch;679; ;
1678;Insanlarin Oynadigi Oyunlar;Eric Berne;Insanlarin Oynadigi Oyunlar. Eric Berne;yes;;;2015;267;category?;read?;-;📋;reread?;B-4;homelibrary;https://www.google.com/search?q=Insanlarin%20Oynadigi%20Oyunlar%20Eric%20Berne;https://www.google.com/search?q=Insanlarin%20Oynadigi%20Oyunlar%20Eric%20Berne&tbm=isch;678; ;
1677;Insanlari Nasil Yonetmeli;Michael Armstrong;Insanlari Nasil Yonetmeli. Michael Armstrong;no;;;2016;224;category?;read?;-;tbr?;reread?;G-3;homelibrary;https://www.google.com/search?q=Insanlari%20Nasil%20Yonetmeli%20Michael%20Armstrong;https://www.google.com/search?q=Insanlari%20Nasil%20Yonetmeli%20Michael%20Armstrong&tbm=isch;677; ;
1676;Insanin Anlam Arayisi;Viktor E. Frankl;Insanin Anlam Arayisi. Viktor E. Frankl;yes;;;2021;168;category?;read?;-;📋;reread?;A-9;homelibrary;https://www.google.com/search?q=Insanin%20Anlam%20Arayisi%20Viktor%20E.%20Frankl;https://www.google.com/search?q=Insanin%20Anlam%20Arayisi%20Viktor%20E.%20Frankl&tbm=isch;676; ;
1675;Insanin 8 Yetenegi - Yoga Sayesinde Icsel Huzuru Kazanmanin Yollari;Gurmukh Kaur Khalsa, Cathryn Michon;Insanin 8 Yetenegi - Yoga Sayesinde Icsel Huzuru Kazanmanin Yollari. Gurmukh Kaur Khalsa, Cathryn Michon;yes;;;2020;390;category?;read?;-;tbr?;reread?;G-9;homelibrary;https://www.google.com/search?q=Insanin%208%20Yetenegi%20-%20Yoga%20Sayesinde%20Icsel%20Huzuru%20Kazanmanin%20Yollari%20Gurmukh%20Kaur%20Khalsa,%20Cathryn%20Michon;https://www.google.com/search?q=Insanin%208%20Yetenegi%20-%20Yoga%20Sayesinde%20Icsel%20Huzuru%20Kazanmanin%20Yollari%20Gurmukh%20Kaur%20Khalsa,%20Cathryn%20Michon&tbm=isch;675; ;
1674;Insani Anlama Cabasi;Serpil Aytac;Insani Anlama Cabasi. Serpil Aytac;released;;yes;2004;324;category?;read?;-;tbr?;reread?;H-4;homelibrary;https://www.google.com/search?q=Insani%20Anlama%20Cabasi%20Serpil%20Aytac;https://www.google.com/search?q=Insani%20Anlama%20Cabasi%20Serpil%20Aytac&tbm=isch;674; ;
1673;Insan Yonetimi;HBR;Insan Yonetimi. HBR;no;;;2017;232;category?;read?;-;tbr?;reread?;G-2;homelibrary;https://www.google.com/search?q=Insan%20Yonetimi%20HBR;https://www.google.com/search?q=Insan%20Yonetimi%20HBR&tbm=isch;673; ;
1672;Insan Yonetimi;Robert H. Rosen;Insan Yonetimi. Robert H. Rosen;released;;yes;1998;407;category?;read?;-;tbr?;reread?;D-9;homelibrary;https://www.google.com/search?q=Insan%20Yonetimi%20Robert%20H.%20Rosen;https://www.google.com/search?q=Insan%20Yonetimi%20Robert%20H.%20Rosen&tbm=isch;672; ;
1671;Insan Yavrusunun Psikolojik Dogumu;Margaret S. Mahler, Fred Pine, Anni Bergman;Insan Yavrusunun Psikolojik Dogumu. Margaret S. Mahler, Fred Pine, Anni Bergman;yes;;;2018;352;category?;read?;-;📋;reread?;B-5;homelibrary;https://www.google.com/search?q=Insan%20Yavrusunun%20Psikolojik%20Dogumu%20Margaret%20S.%20Mahler,%20Fred%20Pine,%20Anni%20Bergman;https://www.google.com/search?q=Insan%20Yavrusunun%20Psikolojik%20Dogumu%20Margaret%20S.%20Mahler,%20Fred%20Pine,%20Anni%20Bergman&tbm=isch;671; ;
1670;Insan Vucudunun Oykusu - Saglik, Hastalik ve Evrim;Daniel E. Lieberman, Ogi Ogas;Insan Vucudunun Oykusu - Saglik, Hastalik ve Evrim. Daniel E. Lieberman, Ogi Ogas;no;;;2020;616;category?;read?;-;tbr?;reread?;G-1;homelibrary;https://www.google.com/search?q=Insan%20Vucudunun%20Oykusu%20-%20Saglik,%20Hastalik%20ve%20Evrim%20Daniel%20E.%20Lieberman,%20Ogi%20Ogas;https://www.google.com/search?q=Insan%20Vucudunun%20Oykusu%20-%20Saglik,%20Hastalik%20ve%20Evrim%20Daniel%20E.%20Lieberman,%20Ogi%20Ogas&tbm=isch;670; ;
1669;Harvard'da Neler Ogretilmez;Mark H. McCormack;Harvard'da Neler Ogretilmez. Mark H. McCormack;yes;;;2014;286;category?;read?;-;tbr?;reread?;F-3;homelibrary;https://www.google.com/search?q=Harvard%27da%20Neler%20Ogretilmez%20Mark%20H.%20McCormack;https://www.google.com/search?q=Harvard%27da%20Neler%20Ogretilmez%20Mark%20H.%20McCormack&tbm=isch;669; ;
1668;Insan ve Teknoloji;John Naisbitt;Insan ve Teknoloji. John Naisbitt;no;;;2004;256;category?;read?;-;tbr?;reread?;G-2;homelibrary;https://www.google.com/search?q=Insan%20ve%20Teknoloji%20John%20Naisbitt;https://www.google.com/search?q=Insan%20ve%20Teknoloji%20John%20Naisbitt&tbm=isch;668; ;
1667;Insan ve Sembolleri;Carl Gustav Jung;Insan ve Sembolleri. Carl Gustav Jung;yes;;;2009;320;category?;read?;-;tbr?;reread?;H-1;homelibrary;https://www.google.com/search?q=Insan%20ve%20Sembolleri%20Carl%20Gustav%20Jung;https://www.google.com/search?q=Insan%20ve%20Sembolleri%20Carl%20Gustav%20Jung&tbm=isch;667; ;
1666;Insan ve Makine;Olivier Blanchard, Daniel Newman;Insan ve Makine. Olivier Blanchard, Daniel Newman;yes;;;2020;272;category?;read?;-;📋;reread?;C-5;homelibrary;https://www.google.com/search?q=Insan%20ve%20Makine%20Olivier%20%20Blanchard,%20Daniel%20Newman;https://www.google.com/search?q=Insan%20ve%20Makine%20Olivier%20%20Blanchard,%20Daniel%20Newman&tbm=isch;666; ;
1665;Insan ve Davranisi;Dogan Cuceloglu;Insan ve Davranisi. Dogan Cuceloglu;no;;;2019;591;category?;read?;-;tbr?;reread?;B-2;homelibrary;https://www.google.com/search?q=Insan%20ve%20Davranisi%20Dogan%20Cuceloglu;https://www.google.com/search?q=Insan%20ve%20Davranisi%20Dogan%20Cuceloglu&tbm=isch;665; ;
1664;Insan Surusu Toplumlarimiz Nasil Dogar, Gelisir ve Dagilir?;Mark W. Moffett;Insan Surusu Toplumlarimiz Nasil Dogar, Gelisir ve Dagilir?. Mark W. Moffett;yes;;;2023;616;category?;read?;-;📋;reread?;G-5;homelibrary;https://www.google.com/search?q=Insan%20Surusu%20Toplumlarimiz%20Nasil%20Dogar,%20Gelisir%20ve%20Dagilir?%20Mark%20W.%20Moffett;https://www.google.com/search?q=Insan%20Surusu%20Toplumlarimiz%20Nasil%20Dogar,%20Gelisir%20ve%20Dagilir?%20Mark%20W.%20Moffett&tbm=isch;664; ;
1663;Insan Otesi Gelecegimiz - Biyoteknoloji Devriminin Sonuclari;Francis Fukuyama;Insan Otesi Gelecegimiz - Biyoteknoloji Devriminin Sonuclari. Francis Fukuyama;no;;;2003;319;category?;read?;-;tbr?;reread?;G-3;homelibrary;https://www.google.com/search?q=Insan%20Otesi%20Gelecegimiz%20-%20Biyoteknoloji%20Devriminin%20Sonuclari%20Francis%20Fukuyama;https://www.google.com/search?q=Insan%20Otesi%20Gelecegimiz%20-%20Biyoteknoloji%20Devriminin%20Sonuclari%20Francis%20Fukuyama&tbm=isch;663; ;
1662;Insan Olmanin Psikolojisi;Abraham H. Maslow;Insan Olmanin Psikolojisi. Abraham H. Maslow;no;;;2001;256;category?;read?;-;tbr?;reread?;B-3;homelibrary;https://www.google.com/search?q=Insan%20Olmanin%20Psikolojisi%20Abraham%20H.%20Maslow;https://www.google.com/search?q=Insan%20Olmanin%20Psikolojisi%20Abraham%20H.%20Maslow&tbm=isch;662; ;
1661;Insan Olmak;Engin Gectan;Insan Olmak. Engin Gectan;yes;;;2023;192;category?;✅;-;tbr?;📖;C-10;homelibrary;https://www.google.com/search?q=Insan%20Olmak%20Engin%20Gectan;https://www.google.com/search?q=Insan%20Olmak%20Engin%20Gectan&tbm=isch;661; ;
1660;The ROI of Human Capital - Measuring the Economic Value of Employee Performance;Jac Fitz-Enz;The ROI of Human Capital - Measuring the Economic Value of Employee Performance. Jac Fitz-Enz;no;;;2009;336;category?;read?;-;tbr?;reread?;H-7;homelibrary;https://www.google.com/search?q=The%20ROI%20of%20Human%20Capital%20-%20Measuring%20the%20Economic%20Value%20of%20Employee%20Performance%20Jac%20Fitz-Enz;https://www.google.com/search?q=The%20ROI%20of%20Human%20Capital%20-%20Measuring%20the%20Economic%20Value%20of%20Employee%20Performance%20Jac%20Fitz-Enz&tbm=isch;660; ;
1659;Insan Neden Vegan Olur?;Gary L. Francione, Anna Charlton;Insan Neden Vegan Olur?. Gary L. Francione, Anna Charlton;yes;;;2016;136;category?;✅;-;tbr?;📖;F-4;homelibrary;https://www.google.com/search?q=Insan%20Neden%20Vegan%20Olur?%20Gary%20L.%20Francione,%20Anna%20Charlton;https://www.google.com/search?q=Insan%20Neden%20Vegan%20Olur?%20Gary%20L.%20Francione,%20Anna%20Charlton&tbm=isch;659; ;
1658;Insan Nasil Dusunur?;John Paul Minda;Insan Nasil Dusunur?. John Paul Minda;yes;;;2021;436;category?;read?;-;📋;reread?;D-6;homelibrary;https://www.google.com/search?q=Insan%20Nasil%20Dusunur?%20John%20Paul%20Minda;https://www.google.com/search?q=Insan%20Nasil%20Dusunur?%20John%20Paul%20Minda&tbm=isch;658; ;
1657;Insan Kaynaklarinin Yonetiminin Temelleri;M. Lutfi Arslan, Stephen P. Robins, David A. Decenzo, Susan L. Verhulst, Canan Cetin;Insan Kaynaklarinin Yonetiminin Temelleri. M. Lutfi Arslan, Stephen P. Robins, David A. Decenzo, Susan L. Verhulst, Canan Cetin;no;;;2017;384;category?;read?;-;tbr?;reread?;H-9;homelibrary;https://www.google.com/search?q=Insan%20Kaynaklarinin%20Yonetiminin%20Temelleri%20M.%20Lutfi%20Arslan,%20Stephen%20P.%20Robins,%20David%20A.%20Decenzo,%20Susan%20L.%20Verhulst,%20Canan%20Cetin;https://www.google.com/search?q=Insan%20Kaynaklarinin%20Yonetiminin%20Temelleri%20M.%20Lutfi%20Arslan,%20Stephen%20P.%20Robins,%20David%20A.%20Decenzo,%20Susan%20L.%20Verhulst,%20Canan%20Cetin&tbm=isch;657; ;
1656;Insan Kaynaklarinin Egitimi ve Gelistirilmesi;Raymond A. Noe;Insan Kaynaklarinin Egitimi ve Gelistirilmesi. Raymond A. Noe;no;;;2009;503;category?;read?;-;tbr?;reread?;E-10;homelibrary;https://www.google.com/search?q=Insan%20Kaynaklarinin%20Egitimi%20ve%20Gelistirilmesi%20Raymond%20A.%20Noe;https://www.google.com/search?q=Insan%20Kaynaklarinin%20Egitimi%20ve%20Gelistirilmesi%20Raymond%20A.%20Noe&tbm=isch;656; ;
1655;Insan Kaynaklarinda Yepyeni Bir Vizyon;Jac Fitz-Enz, Jack J. Phillips;Insan Kaynaklarinda Yepyeni Bir Vizyon. Jac Fitz-Enz, Jack J. Phillips;no;;;2001;120;category?;read?;-;tbr?;reread?;H-7;homelibrary;https://www.google.com/search?q=Insan%20Kaynaklarinda%20Yepyeni%20Bir%20Vizyon%20Jac%20Fitz-Enz,%20Jack%20J.%20Phillips;https://www.google.com/search?q=Insan%20Kaynaklarinda%20Yepyeni%20Bir%20Vizyon%20Jac%20Fitz-Enz,%20Jack%20J.%20Phillips&tbm=isch;655; ;
1654;Insan Kaynaklari Yonetiminde Olcme ve Degerlendirme;V. Lale Tuzuner;Insan Kaynaklari Yonetiminde Olcme ve Degerlendirme. V. Lale Tuzuner;no;;;2014;356;category?;read?;-;tbr?;reread?;A-1;homelibrary;https://www.google.com/search?q=Insan%20Kaynaklari%20Yonetiminde%20Olcme%20ve%20Degerlendirme%20V.%20Lale%20Tuzuner;https://www.google.com/search?q=Insan%20Kaynaklari%20Yonetiminde%20Olcme%20ve%20Degerlendirme%20V.%20Lale%20Tuzuner&tbm=isch;654; ;
1653;Insan Kaynaklari Yonetiminde Degerlendirme Merkezi;Beliz Dereli;Insan Kaynaklari Yonetiminde Degerlendirme Merkezi. Beliz Dereli;no;;;2009;142;category?;read?;-;tbr?;reread?;A-1;homelibrary;https://www.google.com/search?q=Insan%20Kaynaklari%20Yonetiminde%20Degerlendirme%20Merkezi%20Beliz%20Dereli;https://www.google.com/search?q=Insan%20Kaynaklari%20Yonetiminde%20Degerlendirme%20Merkezi%20Beliz%20Dereli&tbm=isch;653; ;
1652;Insan Dogasinin Yasalari;Robert Greene;Insan Dogasinin Yasalari. Robert Greene;released;;yes;2021;696;category?;read?;-;tbr?;reread?;B-7;homelibrary;https://www.google.com/search?q=Insan%20Dogasinin%20Yasalari%20Robert%20Greene;https://www.google.com/search?q=Insan%20Dogasinin%20Yasalari%20Robert%20Greene&tbm=isch;652; ;
1651;Insan Cinselliginin Evrimi;Jared Diamond;Insan Cinselliginin Evrimi. Jared Diamond;yes;;;2020;200;category?;read?;-;tbr?;reread?;G-10;homelibrary;https://www.google.com/search?q=Insan%20Cinselliginin%20Evrimi%20Jared%20Diamond;https://www.google.com/search?q=Insan%20Cinselliginin%20Evrimi%20Jared%20Diamond&tbm=isch;651; ;
1650;i-Nesli;Jean M. Twenge;i-Nesli. Jean M. Twenge;yes;;;2018;432;category?;read?;-;📋;reread?;A-4;homelibrary;https://www.google.com/search?q=i-Nesli%20Jean%20M.%20Twenge;https://www.google.com/search?q=i-Nesli%20Jean%20M.%20Twenge&tbm=isch;650; ;
1649;Ineklerin Gizli Hayati;Rosamund Young;Ineklerin Gizli Hayati. Rosamund Young;yes;;;2018;144;category?;✅;-;tbr?;reread?;F-4;homelibrary;https://www.google.com/search?q=Ineklerin%20Gizli%20Hayati%20Rosamund%20Young;https://www.google.com/search?q=Ineklerin%20Gizli%20Hayati%20Rosamund%20Young&tbm=isch;649; ;
1648;Incognito - Beynin Gizli Hayati;David Eagleman;Incognito - Beynin Gizli Hayati. David Eagleman;released;;yes;2013;304;category?;✅;-;tbr?;reread?;D-9;homelibrary;https://www.google.com/search?q=Incognito%20-%20Beynin%20Gizli%20Hayati%20David%20Eagleman;https://www.google.com/search?q=Incognito%20-%20Beynin%20Gizli%20Hayati%20David%20Eagleman&tbm=isch;648; ;
1647;Inan Bana, Yalan Soyluyorum;Ryan Holiday;Inan Bana, Yalan Soyluyorum. Ryan Holiday;no;;;2013;354;Consumer & Marketing;✅;-;tbr?;reread?;B-1;homelibrary;https://www.google.com/search?q=Inan%20Bana,%20Yalan%20Soyluyorum%20Ryan%20Holiday;https://www.google.com/search?q=Inan%20Bana,%20Yalan%20Soyluyorum%20Ryan%20Holiday&tbm=isch;647; ;
1646;Imposter Sendromu;Sandi Mann;Imposter Sendromu. Sandi Mann;yes;;;2020;192;category?;✅;-;tbr?;📖;A-6;homelibrary;https://www.google.com/search?q=Imposter%20Sendromu%20Sandi%20Mann;https://www.google.com/search?q=Imposter%20Sendromu%20Sandi%20Mann&tbm=isch;646; ;
1645;Imaj - Gormenin Kultur ve Politikasi;Kevin Robins;Imaj - Gormenin Kultur ve Politikasi. Kevin Robins;yes;;;2021;288;category?;read?;-;📋;reread?;F-5;homelibrary;https://www.google.com/search?q=Imaj%20-%20Gormenin%20Kultur%20ve%20Politikasi%20Kevin%20Robins;https://www.google.com/search?q=Imaj%20-%20Gormenin%20Kultur%20ve%20Politikasi%20Kevin%20Robins&tbm=isch;645; ;
1644;Ilk Izlenim Her Sey;Chip Kidd;Ilk Izlenim Her Sey. Chip Kidd;yes;;;2016;144;Creativity & Expression;✅;-;tbr?;📖;C-4;homelibrary;https://www.google.com/search?q=Ilk%20Izlenim%20Her%20Sey%20Chip%20Kidd;https://www.google.com/search?q=Ilk%20Izlenim%20Her%20Sey%20Chip%20Kidd&tbm=isch;644; ;
1643;Ilk 20 Saat;Josh Kaufman;Ilk 20 Saat. Josh Kaufman;yes;;;2017;368;category?;read?;-;📋;reread?;A-6;homelibrary;https://www.google.com/search?q=Ilk%2020%20Saat%20Josh%20Kaufman;https://www.google.com/search?q=Ilk%2020%20Saat%20Josh%20Kaufman&tbm=isch;643; ;
1642;Ilimli Vegan;Oben Budak;Ilimli Vegan. Oben Budak;released;;yes;2023;240;category?;✅;-;tbr?;reread?;F-4;homelibrary;https://www.google.com/search?q=Ilimli%20Vegan%20Oben%20Budak;https://www.google.com/search?q=Ilimli%20Vegan%20Oben%20Budak&tbm=isch;642; ;
1641;Ilgi Arayisi;Adam Phillips;Ilgi Arayisi. Adam Phillips;n/a;;;2023;128;category?;read?;-;📋;reread?;H-3;house-2;https://www.google.com/search?q=Ilgi%20Arayisi%20Adam%20Phillips;https://www.google.com/search?q=Ilgi%20Arayisi%20Adam%20Phillips&tbm=isch;641; ;
1640;Iletisim Kitabi - Dogru Iletisim Icin 44 Fikir;Mikael Krogerus, Roman Tschappeler;Iletisim Kitabi - Dogru Iletisim Icin 44 Fikir. Mikael Krogerus, Roman Tschappeler;released;;yes;2018;200;category?;read?;-;tbr?;reread?;A-1;homelibrary;https://www.google.com/search?q=Iletisim%20Kitabi%20-%20Dogru%20Iletisim%20Icin%2044%20Fikir%20Mikael%20Krogerus,%20Roman%20Tschappeler;https://www.google.com/search?q=Iletisim%20Kitabi%20-%20Dogru%20Iletisim%20Icin%2044%20Fikir%20Mikael%20Krogerus,%20Roman%20Tschappeler&tbm=isch;640; ;
1639;Ilerlemenin Kisa Tarihi;Ronald Wright;Ilerlemenin Kisa Tarihi. Ronald Wright;no;;;2012;192;category?;read?;-;tbr?;reread?;D-3;homelibrary;https://www.google.com/search?q=Ilerlemenin%20Kisa%20Tarihi%20Ronald%20Wright;https://www.google.com/search?q=Ilerlemenin%20Kisa%20Tarihi%20Ronald%20Wright&tbm=isch;639; ;
1638;Ikna Etmek Icin Yazmak;Trish Hall;Ikna Etmek Icin Yazmak. Trish Hall;yes;;;2020;232;category?;read?;-;📋;reread?;D-5;homelibrary;https://www.google.com/search?q=Ikna%20Etmek%20Icin%20Yazmak%20Trish%20Hall;https://www.google.com/search?q=Ikna%20Etmek%20Icin%20Yazmak%20Trish%20Hall&tbm=isch;638; ;
1637;Iklim Savaslari;Gwynne Dyer;Iklim Savaslari. Gwynne Dyer;yes;;;2013;280;category?;read?;-;tbr?;reread?;H-6;homelibrary;https://www.google.com/search?q=Iklim%20Savaslari%20Gwynne%20Dyer;https://www.google.com/search?q=Iklim%20Savaslari%20Gwynne%20Dyer&tbm=isch;637; ;
1636;Iklim Direnisi - Bir Hayatta Kalma Stratejisi;Jeremy Brecher;Iklim Direnisi - Bir Hayatta Kalma Stratejisi. Jeremy Brecher;yes;;;2020;168;category?;read?;-;tbr?;reread?;H-6;homelibrary;https://www.google.com/search?q=Iklim%20Direnisi%20-%20Bir%20Hayatta%20Kalma%20Stratejisi%20Jeremy%20Brecher;https://www.google.com/search?q=Iklim%20Direnisi%20-%20Bir%20Hayatta%20Kalma%20Stratejisi%20Jeremy%20Brecher&tbm=isch;636; ;
1635;Ikinci Cinsiyet (2 Cilt);Simone de Beauvoir;Ikinci Cinsiyet (2 Cilt). Simone de Beauvoir;yes;;;2019;754;category?;read?;-;📋;reread?;B-6;homelibrary;https://www.google.com/search?q=Ikinci%20Cinsiyet%20(2%20Cilt)%20Simone%20de%20Beauvoir;https://www.google.com/search?q=Ikinci%20Cinsiyet%20(2%20Cilt)%20Simone%20de%20Beauvoir&tbm=isch;635; ;
1634;Ikigai Uygulama Rehberi;Francesc Miralles, Hector Garcia;Ikigai Uygulama Rehberi. Francesc Miralles, Hector Garcia;released;;yes;2019;256;category?;✅;-;tbr?;reread?;E-4;homelibrary;https://www.google.com/search?q=Ikigai%20Uygulama%20Rehberi%20Francesc%20Miralles,%20Hector%20Garcia;https://www.google.com/search?q=Ikigai%20Uygulama%20Rehberi%20Francesc%20Miralles,%20Hector%20Garcia&tbm=isch;634; ;
1633;Ikigai - Japonlarin Uzun ve Mutlu Yasam Sirri;Francesc Miralles, Hector Garcia;Ikigai - Japonlarin Uzun ve Mutlu Yasam Sirri. Francesc Miralles, Hector Garcia;yes;;;2017;176;category?;✅;-;tbr?;reread?;E-4;homelibrary;https://www.google.com/search?q=Ikigai%20-%20Japonlarin%20Uzun%20ve%20Mutlu%20Yasam%20Sirri%20Francesc%20Miralles,%20Hector%20Garcia;https://www.google.com/search?q=Ikigai%20-%20Japonlarin%20Uzun%20ve%20Mutlu%20Yasam%20Sirri%20Francesc%20Miralles,%20Hector%20Garcia&tbm=isch;633; ;
1632;Ikigai - Japon Yasam Sanati;Ken Mogi;Ikigai - Japon Yasam Sanati. Ken Mogi;yes;;;2018;152;category?;✅;-;tbr?;reread?;E-4;homelibrary;https://www.google.com/search?q=Ikigai%20-%20Japon%20Yasam%20Sanati%20Ken%20Mogi;https://www.google.com/search?q=Ikigai%20-%20Japon%20Yasam%20Sanati%20Ken%20Mogi&tbm=isch;632; ;
1631;Ikigai;Bettina Lemke;Ikigai. Bettina Lemke;yes;;;2019;160;category?;✅;-;tbr?;reread?;E-4;homelibrary;https://www.google.com/search?q=Ikigai%20Bettina%20Lemke;https://www.google.com/search?q=Ikigai%20Bettina%20Lemke&tbm=isch;631; ;
1630;IK Yetkinlikleri;Dave Ulrich, Wayne Nrockbank;IK Yetkinlikleri. Dave Ulrich, Wayne Nrockbank;no;;;2009;290;category?;read?;-;tbr?;reread?;H-7;homelibrary;https://www.google.com/search?q=IK%20Yetkinlikleri%20Dave%20Ulrich,%20Wayne%20Nrockbank;https://www.google.com/search?q=IK%20Yetkinlikleri%20Dave%20Ulrich,%20Wayne%20Nrockbank&tbm=isch;630; ;
1629;IK Donusumu - Insan Kaynaklarini Disaridan Iceriye Dogru Insa Etmek;Dave Ulrich, Jon Younger, Justin Allen, Mark Nyman, Wayne Brockbank;IK Donusumu - Insan Kaynaklarini Disaridan Iceriye Dogru Insa Etmek. Dave Ulrich, Jon Younger, Justin Allen, Mark Nyman, Wayne Brockbank;no;;;2012;236;category?;read?;-;tbr?;reread?;H-7;homelibrary;https://www.google.com/search?q=IK%20Donusumu%20-%20Insan%20Kaynaklarini%20Disaridan%20Iceriye%20Dogru%20Insa%20Etmek%20Dave%20Ulrich,%20Jon%20Younger,%20Justin%20Allen,%20Mark%20Nyman,%20Wayne%20Brockbank;https://www.google.com/search?q=IK%20Donusumu%20-%20Insan%20Kaynaklarini%20Disaridan%20Iceriye%20Dogru%20Insa%20Etmek%20Dave%20Ulrich,%20Jon%20Younger,%20Justin%20Allen,%20Mark%20Nyman,%20Wayne%20Brockbank&tbm=isch;629; ;
1628;Ihmal Edilen Anahtar - Yaraticilik ve Yikicilikta Cocukluk Travmalarinin Izini Surmek;Alice Miller;Ihmal Edilen Anahtar - Yaraticilik ve Yikicilikta Cocukluk Travmalarinin Izini Surmek. Alice Miller;yes;;;2021;136;category?;read?;-;📋;reread?;A-5;homelibrary;https://www.google.com/search?q=Ihmal%20Edilen%20Anahtar%20-%20Yaraticilik%20ve%20Yikicilikta%20Cocukluk%20Travmalarinin%20Izini%20Surmek%20Alice%20Miller;https://www.google.com/search?q=Ihmal%20Edilen%20Anahtar%20-%20Yaraticilik%20ve%20Yikicilikta%20Cocukluk%20Travmalarinin%20Izini%20Surmek%20Alice%20Miller&tbm=isch;628; ;
1627;Icsel Catismalarimiz;Karen Horney;Icsel Catismalarimiz. Karen Horney;yes;;;2020;192;category?;read?;-;📋;reread?;A-5;homelibrary;https://www.google.com/search?q=Icsel%20Catismalarimiz%20Karen%20Horney;https://www.google.com/search?q=Icsel%20Catismalarimiz%20Karen%20Horney&tbm=isch;627; ;
1626;Icsel Aile Sistemleri Terapisi;Richard C. Schwartz;Icsel Aile Sistemleri Terapisi. Richard C. Schwartz;yes;;;2019;328;category?;read?;-;📋;reread?;B-7;homelibrary;https://www.google.com/search?q=Icsel%20Aile%20Sistemleri%20Terapisi%20Richard%20C.%20Schwartz;https://www.google.com/search?q=Icsel%20Aile%20Sistemleri%20Terapisi%20Richard%20C.%20Schwartz&tbm=isch;626; ;
1625;Icinizdeki Ekonomisti Kesfedin;Tyler Cowen;Icinizdeki Ekonomisti Kesfedin. Tyler Cowen;yes;;;2012;280;category?;read?;-;📋;reread?;A-8;homelibrary;https://www.google.com/search?q=Icinizdeki%20Ekonomisti%20Kesfedin%20Tyler%20Cowen;https://www.google.com/search?q=Icinizdeki%20Ekonomisti%20Kesfedin%20Tyler%20Cowen&tbm=isch;625; ;
1624;Icimizdeki Kapilari Acmak;Eileen Caddy;Icimizdeki Kapilari Acmak. Eileen Caddy;n/a;;;2024;392;category?;read?;-;tbr?;reread?;B-7;house-2;https://www.google.com/search?q=Icimizdeki%20Kapilari%20Acmak%20Eileen%20Caddy;https://www.google.com/search?q=Icimizdeki%20Kapilari%20Acmak%20Eileen%20Caddy&tbm=isch;624; ;
1623;Icimi Ac;Adam J. Kurtz;Icimi Ac. Adam J. Kurtz;yes;;;2020;256;category?;read?;-;tbr?;reread?;E-4;homelibrary;https://www.google.com/search?q=Icimi%20Ac%20Adam%20J.%20Kurtz;https://www.google.com/search?q=Icimi%20Ac%20Adam%20J.%20Kurtz&tbm=isch;623; ;
1622;Ichigo Ichie - Japonlarin Her Ani En Iyi Sekilde Yasama Sanati;Francesc Miralles, Hector Garcia;Ichigo Ichie - Japonlarin Her Ani En Iyi Sekilde Yasama Sanati. Francesc Miralles, Hector Garcia;no;;;2022;160;category?;read?;-;📋;reread?;E-5;homelibrary;https://www.google.com/search?q=Ichigo%20Ichie%20-%20Japonlarin%20Her%20Ani%20En%20Iyi%20Sekilde%20Yasama%20Sanati%20Francesc%20Miralles,%20Hector%20Garcia;https://www.google.com/search?q=Ichigo%20Ichie%20-%20Japonlarin%20Her%20Ani%20En%20Iyi%20Sekilde%20Yasama%20Sanati%20Francesc%20Miralles,%20Hector%20Garcia&tbm=isch;622; ;
1621;Icedonuklerin Gizli Yasami;Jenn Granneman;Icedonuklerin Gizli Yasami. Jenn Granneman;yes;;;2023;272;category?;read?;-;📋;reread?;C-6;homelibrary;https://www.google.com/search?q=Icedonuklerin%20Gizli%20Yasami%20Jenn%20Granneman;https://www.google.com/search?q=Icedonuklerin%20Gizli%20Yasami%20Jenn%20Granneman&tbm=isch;621; ;
1620;Hygge - Danimarkalilarin Mutluluk Sirri;Meik Wiking;Hygge - Danimarkalilarin Mutluluk Sirri. Meik Wiking;yes;;;2018;288;Simple Living & Everyday Comforts;✅;-;tbr?;reread?;E-4;homelibrary;https://www.google.com/search?q=Hygge%20-%20Danimarkalilarin%20Mutluluk%20Sirri%20Meik%20Wiking;https://www.google.com/search?q=Hygge%20-%20Danimarkalilarin%20Mutluluk%20Sirri%20Meik%20Wiking&tbm=isch;620; ;
1619;How (Nasil) - Is Hayatinda ve Siyasette Kazananlarin Sorusu;Dov Seidman;How (Nasil) - Is Hayatinda ve Siyasette Kazananlarin Sorusu. Dov Seidman;no;;;2013;512;category?;read?;-;tbr?;reread?;A-2;homelibrary;https://www.google.com/search?q=How%20(Nasil)%20-%20Is%20Hayatinda%20ve%20Siyasette%20Kazananlarin%20Sorusu%20Dov%20Seidman;https://www.google.com/search?q=How%20(Nasil)%20-%20Is%20Hayatinda%20ve%20Siyasette%20Kazananlarin%20Sorusu%20Dov%20Seidman&tbm=isch;619; ;
1618;Homo Economicus’un Olumu - Is, Borc ve Sonsuz Birikim Efsanesi;Peter Fleming;Homo Economicus’un Olumu - Is, Borc ve Sonsuz Birikim Efsanesi. Peter Fleming;yes;;;2019;344;category?;read?;-;📋;reread?;A-10;homelibrary;https://www.google.com/search?q=Homo%20Economicus%E2%80%99un%20Olumu%20-%20Is,%20Borc%20ve%20Sonsuz%20Birikim%20Efsanesi%20Peter%20Fleming;https://www.google.com/search?q=Homo%20Economicus%E2%80%99un%20Olumu%20-%20Is,%20Borc%20ve%20Sonsuz%20Birikim%20Efsanesi%20Peter%20Fleming&tbm=isch;618; ;
1617;Homo Dijital - 21. Yuzyilda Bizi Zorlayan 21 Nevroz;Johannes Hepp;Homo Dijital - 21. Yuzyilda Bizi Zorlayan 21 Nevroz. Johannes Hepp;yes;;;2023;408;category?;read?;-;📋;reread?;E-9;homelibrary;https://www.google.com/search?q=Homo%20Dijital%20-%2021.%20Yuzyilda%20Bizi%20Zorlayan%2021%20Nevroz%20Johannes%20Hepp;https://www.google.com/search?q=Homo%20Dijital%20-%2021.%20Yuzyilda%20Bizi%20Zorlayan%2021%20Nevroz%20Johannes%20Hepp&tbm=isch;617; ;
1616;Homo Deus - Yarinin Kisa Bir Tarihi;Yuval Noah Harari;Homo Deus - Yarinin Kisa Bir Tarihi. Yuval Noah Harari;yes;;;2016;456;category?;✅;-;tbr?;📖;D-7;homelibrary;https://www.google.com/search?q=Homo%20Deus%20-%20Yarinin%20Kisa%20Bir%20Tarihi%20Yuval%20Noah%20Harari;https://www.google.com/search?q=Homo%20Deus%20-%20Yarinin%20Kisa%20Bir%20Tarihi%20Yuval%20Noah%20Harari&tbm=isch;616; ;
1615;Hizli ve Yavas Dusunme;Daniel Kahneman;Hizli ve Yavas Dusunme. Daniel Kahneman;n/a;;;2017;568;category?;read?;-;📋;reread?;D-6;house-2;https://www.google.com/search?q=Hizli%20ve%20Yavas%20Dusunme%20Daniel%20Kahneman;https://www.google.com/search?q=Hizli%20ve%20Yavas%20Dusunme%20Daniel%20Kahneman&tbm=isch;615; ;
1614;Hizli Ogrenme Bilimi;Peter Hollins;Hizli Ogrenme Bilimi. Peter Hollins;released;;yes;2022;192;category?;✅;-;tbr?;reread?;F-3;homelibrary;https://www.google.com/search?q=Hizli%20Ogrenme%20Bilimi%20Peter%20Hollins;https://www.google.com/search?q=Hizli%20Ogrenme%20Bilimi%20Peter%20Hollins&tbm=isch;614; ;
1613;Hizli Cocuklar - Bir Wall Street Isyani;Michael Lewis;Hizli Cocuklar - Bir Wall Street Isyani. Michael Lewis;yes;;;2016;220;category?;read?;-;📋;reread?;C-1;homelibrary;https://www.google.com/search?q=Hizli%20Cocuklar%20-%20Bir%20Wall%20Street%20Isyani%20Michael%20Lewis;https://www.google.com/search?q=Hizli%20Cocuklar%20-%20Bir%20Wall%20Street%20Isyani%20Michael%20Lewis&tbm=isch;613; ;
1612;Hiz;Jeff Cox, Dee Jacob, Suzan Bergland;Hiz. Jeff Cox, Dee Jacob, Suzan Bergland;released;;yes;2017;394;category?;read?;-;tbr?;reread?;D-2;homelibrary;https://www.google.com/search?q=Hiz%20Jeff%20Cox,%20Dee%20Jacob,%20Suzan%20Bergland;https://www.google.com/search?q=Hiz%20Jeff%20Cox,%20Dee%20Jacob,%20Suzan%20Bergland&tbm=isch;612; ;
1611;Hit Makers - Dikkat Daginikligi Caginda Populerlik Bilimi;Derek Thompson;Hit Makers - Dikkat Daginikligi Caginda Populerlik Bilimi. Derek Thompson;yes;;;2017;320;Consumer & Marketing;✅;-;tbr?;📖;C-7;homelibrary;https://www.google.com/search?q=Hit%20Makers%20-%20Dikkat%20Daginikligi%20Caginda%20Populerlik%20Bilimi%20Derek%20Thompson;https://www.google.com/search?q=Hit%20Makers%20-%20Dikkat%20Daginikligi%20Caginda%20Populerlik%20Bilimi%20Derek%20Thompson&tbm=isch;611; ;
1610;Hikaye Tasarimi;Darren McColl, Gaston Legorburu;Hikaye Tasarimi. Darren McColl, Gaston Legorburu;yes;;;2016;220;category?;read?;-;tbr?;reread?;A-3;homelibrary;https://www.google.com/search?q=Hikaye%20Tasarimi%20Darren%20McColl,%20Gaston%20Legorburu;https://www.google.com/search?q=Hikaye%20Tasarimi%20Darren%20McColl,%20Gaston%20Legorburu&tbm=isch;610; ;
1609;Hikaye Anlaticisinin Sirri;Carmine Gallo;Hikaye Anlaticisinin Sirri. Carmine Gallo;released;;yes;2021;346;category?;✅;-;tbr?;reread?;B-2;homelibrary;https://www.google.com/search?q=Hikaye%20Anlaticisinin%20Sirri%20Carmine%20Gallo;https://www.google.com/search?q=Hikaye%20Anlaticisinin%20Sirri%20Carmine%20Gallo&tbm=isch;609; ;
1608;Herkese Soyle - Sosyal Medyada Neden Paylasimda Bulunuruz;Alfred Hermida;Herkese Soyle - Sosyal Medyada Neden Paylasimda Bulunuruz. Alfred Hermida;yes;;;2017;216;Technology & the Digital World;✅;-;tbr?;📖;C-7;homelibrary;https://www.google.com/search?q=Herkese%20Soyle%20-%20Sosyal%20Medyada%20Neden%20Paylasimda%20Bulunuruz%20Alfred%20Hermida;https://www.google.com/search?q=Herkese%20Soyle%20-%20Sosyal%20Medyada%20Neden%20Paylasimda%20Bulunuruz%20Alfred%20Hermida&tbm=isch;608; ;
1607;Herkes Orgut - Internet Gruplarinin Gucu;Clay Shirky;Herkes Orgut - Internet Gruplarinin Gucu. Clay Shirky;yes;;;2010;282;category?;✅;-;tbr?;📖;C-8;homelibrary;https://www.google.com/search?q=Herkes%20Orgut%20-%20Internet%20Gruplarinin%20Gucu%20Clay%20Shirky;https://www.google.com/search?q=Herkes%20Orgut%20-%20Internet%20Gruplarinin%20Gucu%20Clay%20Shirky&tbm=isch;607; ;
1606;Her Yer Ekran;Jean Baudrillard;Her Yer Ekran. Jean Baudrillard;yes;;;2022;245;category?;read?;-;📋;reread?;E-9;homelibrary;https://www.google.com/search?q=Her%20Yer%20Ekran%20Jean%20Baudrillard;https://www.google.com/search?q=Her%20Yer%20Ekran%20Jean%20Baudrillard&tbm=isch;606; ;
1605;Her Sey Ne Anlama Geliyor - Felsefeye Kucuk Bir Giris;Thomas Nagel;Her Sey Ne Anlama Geliyor - Felsefeye Kucuk Bir Giris. Thomas Nagel;yes;;;2022;96;category?;read?;-;📋;reread?;H-3;homelibrary;https://www.google.com/search?q=Her%20Sey%20Ne%20Anlama%20Geliyor%20-%20Felsefeye%20Kucuk%20Bir%20Giris%20Thomas%20Nagel;https://www.google.com/search?q=Her%20Sey%20Ne%20Anlama%20Geliyor%20-%20Felsefeye%20Kucuk%20Bir%20Giris%20Thomas%20Nagel&tbm=isch;605; ;
1604;Her Sey Darmadagin Oldugunda - Zor Zamanlar Icin Yurekten Ogutler;Pema Chodron;Her Sey Darmadagin Oldugunda - Zor Zamanlar Icin Yurekten Ogutler. Pema Chodron;yes;;;2019;160;category?;read?;-;tbr?;reread?;G-8;homelibrary;https://www.google.com/search?q=Her%20Sey%20Darmadagin%20Oldugunda%20-%20Zor%20Zamanlar%20Icin%20Yurekten%20Ogutler%20Pema%20Chodron;https://www.google.com/search?q=Her%20Sey%20Darmadagin%20Oldugunda%20-%20Zor%20Zamanlar%20Icin%20Yurekten%20Ogutler%20Pema%20Chodron&tbm=isch;604; ;
1603;Her Sey Cikar Icin mi? - Demokrasi Neden Insanliga Ihtiyac Duyuyor?;Martha C. Nussbaum;Her Sey Cikar Icin mi? - Demokrasi Neden Insanliga Ihtiyac Duyuyor?. Martha C. Nussbaum;yes;;;2022;184;category?;read?;-;📋;reread?;D-8;homelibrary;https://www.google.com/search?q=Her%20Sey%20Cikar%20Icin%20mi?%20-%20Demokrasi%20Neden%20Insanliga%20Ihtiyac%20Duyuyor?%20Martha%20C.%20Nussbaum;https://www.google.com/search?q=Her%20Sey%20Cikar%20Icin%20mi?%20-%20Demokrasi%20Neden%20Insanliga%20Ihtiyac%20Duyuyor?%20Martha%20C.%20Nussbaum&tbm=isch;603; ;
1602;Her Seferinde 1 Sayfa;Adam J. Kurtz;Her Seferinde 1 Sayfa. Adam J. Kurtz;yes;;;2017;384;category?;read?;-;tbr?;reread?;E-4;homelibrary;https://www.google.com/search?q=Her%20Seferinde%201%20Sayfa%20Adam%20J.%20Kurtz;https://www.google.com/search?q=Her%20Seferinde%201%20Sayfa%20Adam%20J.%20Kurtz&tbm=isch;602; ;
1601;Her Gune Bir Yasa;Robert Greene;Her Gune Bir Yasa. Robert Greene;released;;yes;2022;464;category?;read?;-;tbr?;reread?;B-7;homelibrary;https://www.google.com/search?q=Her%20Gune%20Bir%20Yasa%20Robert%20Greene;https://www.google.com/search?q=Her%20Gune%20Bir%20Yasa%20Robert%20Greene&tbm=isch;601; ;
1600;Her Gun Seni Merkeze Koyan Bir Sey Yap;Robie Rogge, Dian G. Smith;Her Gun Seni Merkeze Koyan Bir Sey Yap. Robie Rogge, Dian G. Smith;released;;yes;2018;368;category?;read?;-;tbr?;reread?;E-6;homelibrary;https://www.google.com/search?q=Her%20Gun%20Seni%20Merkeze%20Koyan%20Bir%20Sey%20Yap%20Robie%20%20Rogge,%20Dian%20G.%20Smith;https://www.google.com/search?q=Her%20Gun%20Seni%20Merkeze%20Koyan%20Bir%20Sey%20Yap%20Robie%20%20Rogge,%20Dian%20G.%20Smith&tbm=isch;600; ;
1599;Her Gun Sana Korku Veren Bir Sey Yap;Robie Rogge , Dian G. Smith;Her Gun Sana Korku Veren Bir Sey Yap. Robie Rogge , Dian G. Smith;released;;yes;2018;368;category?;read?;-;tbr?;reread?;E-6;homelibrary;https://www.google.com/search?q=Her%20Gun%20Sana%20Korku%20Veren%20Bir%20Sey%20Yap%20Robie%20%20Rogge%20,%20Dian%20G.%20Smith;https://www.google.com/search?q=Her%20Gun%20Sana%20Korku%20Veren%20Bir%20Sey%20Yap%20Robie%20%20Rogge%20,%20Dian%20G.%20Smith&tbm=isch;599; ;
1598;Her Gun Sana Ilham Veren Bir Sey Yap;Robie Rogge , Dian G. Smith;Her Gun Sana Ilham Veren Bir Sey Yap. Robie Rogge , Dian G. Smith;released;;yes;2018;368;category?;read?;-;tbr?;reread?;E-6;homelibrary;https://www.google.com/search?q=Her%20Gun%20Sana%20Ilham%20Veren%20Bir%20Sey%20Yap%20Robie%20%20Rogge%20,%20Dian%20G.%20Smith;https://www.google.com/search?q=Her%20Gun%20Sana%20Ilham%20Veren%20Bir%20Sey%20Yap%20Robie%20%20Rogge%20,%20Dian%20G.%20Smith&tbm=isch;598; ;
1597;Her Sey Bir Gecede Cokebilir - X-Events;John Casti;Her Sey Bir Gecede Cokebilir - X-Events. John Casti;yes;;;2013;310;Science & Discovery;✅;-;tbr?;📖;C-4;homelibrary;https://www.google.com/search?q=Her%20Sey%20Bir%20Gecede%20Cokebilir%20-%20X-Events%20John%20Casti;https://www.google.com/search?q=Her%20Sey%20Bir%20Gecede%20Cokebilir%20-%20X-Events%20John%20Casti&tbm=isch;597; ;
1596;Hemen Her Seyin Kisa Tarihi;Bill Bryson;Hemen Her Seyin Kisa Tarihi. Bill Bryson;no;;;2016;528;category?;read?;-;tbr?;reread?;H-5;homelibrary;https://www.google.com/search?q=Hemen%20Her%20Seyin%20Kisa%20Tarihi%20Bill%20Bryson;https://www.google.com/search?q=Hemen%20Her%20Seyin%20Kisa%20Tarihi%20Bill%20Bryson&tbm=isch;596; ;
1595;Hazzin Bilimi - Sevdigimiz Seyleri Neden Sevdigimiz Hakkinda Yeni Bilim;Paul Bloom;Hazzin Bilimi - Sevdigimiz Seyleri Neden Sevdigimiz Hakkinda Yeni Bilim. Paul Bloom;yes;;;2022;304;category?;read?;-;tbr?;reread?;B-9;homelibrary;https://www.google.com/search?q=Hazzin%20Bilimi%20-%20Sevdigimiz%20Seyleri%20Neden%20Sevdigimiz%20Hakkinda%20Yeni%20Bilim%20Paul%20Bloom;https://www.google.com/search?q=Hazzin%20Bilimi%20-%20Sevdigimiz%20Seyleri%20Neden%20Sevdigimiz%20Hakkinda%20Yeni%20Bilim%20Paul%20Bloom&tbm=isch;595; ;
1594;Hayvansal Guduler;Robert J. Shiller, George A. Akerlof;Hayvansal Guduler. Robert J. Shiller, George A. Akerlof;yes;;;2010;248;category?;read?;-;tbr?;reread?;C-8;homelibrary;https://www.google.com/search?q=Hayvansal%20Guduler%20Robert%20J.%20Shiller,%20George%20A.%20Akerlof;https://www.google.com/search?q=Hayvansal%20Guduler%20Robert%20J.%20Shiller,%20George%20A.%20Akerlof&tbm=isch;594; ;
1593;Hayvanlarin Sessiz Dunyasi;Marian Stamp Dawkins;Hayvanlarin Sessiz Dunyasi. Marian Stamp Dawkins;yes;;;2016;272;category?;read?;-;📋;reread?;G-4;homelibrary;https://www.google.com/search?q=Hayvanlarin%20Sessiz%20Dunyasi%20Marian%20Stamp%20Dawkins;https://www.google.com/search?q=Hayvanlarin%20Sessiz%20Dunyasi%20Marian%20Stamp%20Dawkins&tbm=isch;593; ;
1592;Hayvanlarin Ne Kadar Zeki Oldugunu Anlayacak Kadar Zeki miyiz?;Frans De Waal;Hayvanlarin Ne Kadar Zeki Oldugunu Anlayacak Kadar Zeki miyiz?. Frans De Waal;yes;;;2021;344;category?;read?;-;📋;reread?;G-4;homelibrary;https://www.google.com/search?q=Hayvanlarin%20Ne%20Kadar%20Zeki%20Oldugunu%20Anlayacak%20Kadar%20Zeki%20miyiz?%20Frans%20De%20Waal;https://www.google.com/search?q=Hayvanlarin%20Ne%20Kadar%20Zeki%20Oldugunu%20Anlayacak%20Kadar%20Zeki%20miyiz?%20Frans%20De%20Waal&tbm=isch;592; ;
1591;Hayvanlarin Duygusal Dunyasi;Marc Bekoff;Hayvanlarin Duygusal Dunyasi. Marc Bekoff;yes;;;2020;288;category?;read?;-;tbr?;reread?;G-4;homelibrary;https://www.google.com/search?q=Hayvanlarin%20Duygusal%20Dunyasi%20Marc%20Bekoff;https://www.google.com/search?q=Hayvanlarin%20Duygusal%20Dunyasi%20Marc%20Bekoff&tbm=isch;591; ;
1590;Hayvanlardan Tanrilara - Sapiens - Insan Turunun Kisa Bir Tarihi;Yuval Noah Harari;Hayvanlardan Tanrilara - Sapiens - Insan Turunun Kisa Bir Tarihi. Yuval Noah Harari;yes;;;2016;412;category?;✅;-;tbr?;📖;D-7;homelibrary;https://www.google.com/search?q=Hayvanlardan%20Tanrilara%20-%20Sapiens%20-%20Insan%20Turunun%20Kisa%20Bir%20Tarihi%20Yuval%20Noah%20Harari;https://www.google.com/search?q=Hayvanlardan%20Tanrilara%20-%20Sapiens%20-%20Insan%20Turunun%20Kisa%20Bir%20Tarihi%20Yuval%20Noah%20Harari&tbm=isch;590; ;
1589;Hayvanlar Ne Ister?;Marian Stamp Dawkins;Hayvanlar Ne Ister?. Marian Stamp Dawkins;yes;;;2013;200;category?;read?;-;tbr?;reread?;G-4;homelibrary;https://www.google.com/search?q=Hayvanlar%20Ne%20Ister?%20Marian%20Stamp%20Dawkins;https://www.google.com/search?q=Hayvanlar%20Ne%20Ister?%20Marian%20Stamp%20Dawkins&tbm=isch;589; ;
1588;Hayvanlar Nasil Dusunur, Insan Ne Gorur?;Loic Bollache;Hayvanlar Nasil Dusunur, Insan Ne Gorur?. Loic Bollache;yes;;;2022;160;category?;read?;-;tbr?;reread?;G-4;homelibrary;https://www.google.com/search?q=Hayvanlar%20Nasil%20Dusunur,%20Insan%20Ne%20Gorur?%20Loic%20Bollache;https://www.google.com/search?q=Hayvanlar%20Nasil%20Dusunur,%20Insan%20Ne%20Gorur?%20Loic%20Bollache&tbm=isch;588; ;
1587;Hayvan Yemek;Jonathan Safran Foer;Hayvan Yemek. Jonathan Safran Foer;yes;;;2017;352;category?;✅;-;tbr?;📖;F-4;homelibrary;https://www.google.com/search?q=Hayvan%20Yemek%20Jonathan%20Safran%20Foer;https://www.google.com/search?q=Hayvan%20Yemek%20Jonathan%20Safran%20Foer&tbm=isch;587; ;
1586;Hayvan Ozgurlesmesi;Peter Singer;Hayvan Ozgurlesmesi. Peter Singer;n/a;;;2018;400;category?;read?;-;📋;reread?;G-4;house-2;https://www.google.com/search?q=Hayvan%20Ozgurlesmesi%20Peter%20Singer;https://www.google.com/search?q=Hayvan%20Ozgurlesmesi%20Peter%20Singer&tbm=isch;586; ;
1585;Hayvan Haklarina Giris;Gary L. Francione;Hayvan Haklarina Giris. Gary L. Francione;yes;;;2008;328;category?;read?;-;📋;reread?;G-4;homelibrary;https://www.google.com/search?q=Hayvan%20Haklarina%20Giris%20Gary%20L.%20Francione;https://www.google.com/search?q=Hayvan%20Haklarina%20Giris%20Gary%20L.%20Francione&tbm=isch;585; ;
1584;Hayvan Haklari ve Veganizm;Kamil Savas;Hayvan Haklari ve Veganizm. Kamil Savas;yes;;;2013;181;category?;✅;-;tbr?;📖;F-4;homelibrary;https://www.google.com/search?q=Hayvan%20Haklari%20ve%20Veganizm%20Kamil%20Savas;https://www.google.com/search?q=Hayvan%20Haklari%20ve%20Veganizm%20Kamil%20Savas&tbm=isch;584; ;
1583;Hayvan Haklari ve Pornografi;J. Eric Miller;Hayvan Haklari ve Pornografi. J. Eric Miller;yes;;;2013;112;category?;read?;-;📋;reread?;F-4;homelibrary;https://www.google.com/search?q=Hayvan%20Haklari%20ve%20Pornografi%20J.%20Eric%20Miller;https://www.google.com/search?q=Hayvan%20Haklari%20ve%20Pornografi%20J.%20Eric%20Miller&tbm=isch;583; ;
1582;Hayattan Keyif Almak Icin - At, Kurtul, Ferahla;Marie Kondo;Hayattan Keyif Almak Icin - At, Kurtul, Ferahla. Marie Kondo;yes;;;2018;296;category?;read?;-;📋;reread?;D-8;homelibrary;https://www.google.com/search?q=Hayattan%20Keyif%20Almak%20Icin%20-%20At,%20Kurtul,%20Ferahla%20Marie%20Kondo;https://www.google.com/search?q=Hayattan%20Keyif%20Almak%20Icin%20-%20At,%20Kurtul,%20Ferahla%20Marie%20Kondo&tbm=isch;582; ;
1581;Hayatla Butunlesmek;Eckhart Tolle;Hayatla Butunlesmek. Eckhart Tolle;yes;;;2020;184;category?;read?;-;tbr?;reread?;G-7;homelibrary;https://www.google.com/search?q=Hayatla%20Butunlesmek%20Eckhart%20Tolle;https://www.google.com/search?q=Hayatla%20Butunlesmek%20Eckhart%20Tolle&tbm=isch;581; ;
1580;Hayatini Ciz;By You;Hayatini Ciz. By You;no;;;2017;192;category?;read?;-;📋;reread?;E-5;homelibrary;https://www.google.com/search?q=Hayatini%20Ciz%20By%20You;https://www.google.com/search?q=Hayatini%20Ciz%20By%20You&tbm=isch;580; ;
1579;Hayatin Mantigi;Tim Harford;Hayatin Mantigi. Tim Harford;no;;;2009;336;category?;read?;-;📋;reread?;A-8;homelibrary;https://www.google.com/search?q=Hayatin%20Mantigi%20Tim%20Harford;https://www.google.com/search?q=Hayatin%20Mantigi%20Tim%20Harford&tbm=isch;579; ;
1578;Hayatin En'leri - Dunyanin En Ilginc Istatistikleri;Martin Toseland, Simon Toseland;Hayatin En'leri - Dunyanin En Ilginc Istatistikleri. Martin Toseland, Simon Toseland;yes;;;2013;208;category?;read?;-;tbr?;reread?;D-2;homelibrary;https://www.google.com/search?q=Hayatin%20En%27leri%20-%20Dunyanin%20En%20Ilginc%20Istatistikleri%20Martin%20Toseland,%20Simon%20Toseland;https://www.google.com/search?q=Hayatin%20En%27leri%20-%20Dunyanin%20En%20Ilginc%20Istatistikleri%20Martin%20Toseland,%20Simon%20Toseland&tbm=isch;578; ;
1577;Hayatin Carklari - Spirituel Gelisim ve Canli Fiziksel Saglik Icin Derinlemesine Bir Sistem;Anodea Judith;Hayatin Carklari - Spirituel Gelisim ve Canli Fiziksel Saglik Icin Derinlemesine Bir Sistem. Anodea Judith;yes;;;2020;382;category?;read?;-;tbr?;reread?;G-9;homelibrary;https://www.google.com/search?q=Hayatin%20Carklari%20-%20Spirituel%20Gelisim%20ve%20Canli%20Fiziksel%20Saglik%20Icin%20Derinlemesine%20Bir%20Sistem%20Anodea%20Judith;https://www.google.com/search?q=Hayatin%20Carklari%20-%20Spirituel%20Gelisim%20ve%20Canli%20Fiziksel%20Saglik%20Icin%20Derinlemesine%20Bir%20Sistem%20Anodea%20Judith&tbm=isch;577; ;
1576;Hayatin Anlami Kitabi;Oprah Winfrey;Hayatin Anlami Kitabi. Oprah Winfrey;yes;;;2021;176;category?;read?;-;📋;reread?;G-9;homelibrary;https://www.google.com/search?q=Hayatin%20Anlami%20Kitabi%20Oprah%20Winfrey;https://www.google.com/search?q=Hayatin%20Anlami%20Kitabi%20Oprah%20Winfrey&tbm=isch;576; ;
1575;Hayatimizdaki Algoritmalar - Gunluk Kararlarin Bilgisayar Bilimi;Tom Griffith, Brian Christian;Hayatimizdaki Algoritmalar - Gunluk Kararlarin Bilgisayar Bilimi. Tom Griffith, Brian Christian;yes;;;2017;496;category?;read?;-;📋;reread?;D-6;homelibrary;https://www.google.com/search?q=Hayatimizdaki%20Algoritmalar%20-%20Gunluk%20Kararlarin%20Bilgisayar%20Bilimi%20Tom%20Griffith,%20Brian%20Christian;https://www.google.com/search?q=Hayatimizdaki%20Algoritmalar%20-%20Gunluk%20Kararlarin%20Bilgisayar%20Bilimi%20Tom%20Griffith,%20Brian%20Christian&tbm=isch;575; ;
1574;Hayati Yeniden Kesfedin;Jeffrey E. Young, Janet S. Klosko;Hayati Yeniden Kesfedin. Jeffrey E. Young, Janet S. Klosko;yes;;;2014;456;category?;✅;-;tbr?;📖;A-7;homelibrary;https://www.google.com/search?q=Hayati%20Yeniden%20Kesfedin%20Jeffrey%20E.%20Young,%20Janet%20S.%20Klosko;https://www.google.com/search?q=Hayati%20Yeniden%20Kesfedin%20Jeffrey%20E.%20Young,%20Janet%20S.%20Klosko&tbm=isch;574; ;
1573;Hayati Sadelestirmek Icin Derle, Topla, Rahatla;Marie Kondo;Hayati Sadelestirmek Icin Derle, Topla, Rahatla. Marie Kondo;yes;;;2016;232;category?;read?;-;📋;reread?;D-8;homelibrary;https://www.google.com/search?q=Hayati%20Sadelestirmek%20Icin%20Derle,%20Topla,%20Rahatla%20Marie%20Kondo;https://www.google.com/search?q=Hayati%20Sadelestirmek%20Icin%20Derle,%20Topla,%20Rahatla%20Marie%20Kondo&tbm=isch;573; ;
1572;Hayata Yer Ac - Bir Sadelesme Rehberi;Regina Wong;Hayata Yer Ac - Bir Sadelesme Rehberi. Regina Wong;yes;;;2018;156;category?;✅;-;tbr?;reread?;D-8;homelibrary;https://www.google.com/search?q=Hayata%20Yer%20Ac%20-%20Bir%20Sadelesme%20Rehberi%20Regina%20Wong;https://www.google.com/search?q=Hayata%20Yer%20Ac%20-%20Bir%20Sadelesme%20Rehberi%20Regina%20Wong&tbm=isch;572; ;
1571;Hayat ve Diger Hastaliklar;Alper Hasanoglu;Hayat ve Diger Hastaliklar. Alper Hasanoglu;yes;;;2022;360;category?;✅;-;tbr?;📖;A-6;homelibrary;https://www.google.com/search?q=Hayat%20ve%20Diger%20Hastaliklar%20Alper%20Hasanoglu;https://www.google.com/search?q=Hayat%20ve%20Diger%20Hastaliklar%20Alper%20Hasanoglu&tbm=isch;571; ;
1570;Hayat Kurtaran Vitamin ve Mineraller - Bilincli Kullanim Icin En Guvenilir Rehber;Metin Ozata;Hayat Kurtaran Vitamin ve Mineraller - Bilincli Kullanim Icin En Guvenilir Rehber. Metin Ozata;no;;;2014;136;category?;read?;-;tbr?;reread?;G-9;homelibrary;https://www.google.com/search?q=Hayat%20Kurtaran%20Vitamin%20ve%20Mineraller%20-%20Bilincli%20Kullanim%20Icin%20En%20Guvenilir%20Rehber%20Metin%20Ozata;https://www.google.com/search?q=Hayat%20Kurtaran%20Vitamin%20ve%20Mineraller%20-%20Bilincli%20Kullanim%20Icin%20En%20Guvenilir%20Rehber%20Metin%20Ozata&tbm=isch;570; ;
1569;Hayat;Engin Gectan;Hayat. Engin Gectan;yes;;;2020;192;category?;✅;-;tbr?;📖;C-10;homelibrary;https://www.google.com/search?q=Hayat%20Engin%20Gectan;https://www.google.com/search?q=Hayat%20Engin%20Gectan&tbm=isch;569; ;
1568;Kendinle Savasma Sanati;Ichiro Kishimi, Fumitake Koga;Kendinle Savasma Sanati. Ichiro Kishimi, Fumitake Koga;yes;;;2019;298;category?;read?;-;tbr?;reread?;G-7;homelibrary;https://www.google.com/search?q=Kendinle%20Savasma%20Sanati%20Ichiro%20Kishimi,%20Fumitake%20Koga;https://www.google.com/search?q=Kendinle%20Savasma%20Sanati%20Ichiro%20Kishimi,%20Fumitake%20Koga&tbm=isch;568; ;
1567;Hayali Dunyam;Keri Smith;Hayali Dunyam. Keri Smith;yes;;;2017;192;category?;read?;-;tbr?;reread?;D-9;homelibrary;https://www.google.com/search?q=Hayali%20Dunyam%20Keri%20Smith;https://www.google.com/search?q=Hayali%20Dunyam%20Keri%20Smith&tbm=isch;567; ;
1566;Hayal Gucu;Jim Davis;Hayal Gucu. Jim Davis;yes;;;2022;320;category?;read?;-;tbr?;reread?;E-8;homelibrary;https://www.google.com/search?q=Hayal%20Gucu%20Jim%20Davis;https://www.google.com/search?q=Hayal%20Gucu%20Jim%20Davis&tbm=isch;566; ;
1565;Havuc Ilkesi;Adrian Gostick, Chester Elton;Havuc Ilkesi. Adrian Gostick, Chester Elton;no;;;2007;224;category?;✅;-;tbr?;📖;C-2;homelibrary;https://www.google.com/search?q=Havuc%20Ilkesi%20Adrian%20Gostick,%20Chester%20Elton;https://www.google.com/search?q=Havuc%20Ilkesi%20Adrian%20Gostick,%20Chester%20Elton&tbm=isch;565; ;
1564;Havaalaninda Bir Hafta;Alain De Botton;Havaalaninda Bir Hafta. Alain De Botton;yes;;;2009;196;category?;✅;-;tbr?;📖;D-4;homelibrary;https://www.google.com/search?q=Havaalaninda%20Bir%20Hafta%20Alain%20De%20Botton;https://www.google.com/search?q=Havaalaninda%20Bir%20Hafta%20Alain%20De%20Botton&tbm=isch;564; ;
1563;Hasta Toplumlar;Robert B. Edgerton;Hasta Toplumlar. Robert B. Edgerton;yes;;;2017;365;category?;read?;-;📋;reread?;E-8;homelibrary;https://www.google.com/search?q=Hasta%20Toplumlar%20Robert%20B.%20Edgerton;https://www.google.com/search?q=Hasta%20Toplumlar%20Robert%20B.%20Edgerton&tbm=isch;563; ;
1562;Haset ve Rekabet - Kendi Kuyrugunu Yiyen Yilan;Leyla Navaro;Haset ve Rekabet - Kendi Kuyrugunu Yiyen Yilan. Leyla Navaro;n/a;;;2019;152;category?;read?;-;📋;reread?;A-10;house-2;https://www.google.com/search?q=Haset%20ve%20Rekabet%20-%20Kendi%20Kuyrugunu%20Yiyen%20Yilan%20Leyla%20Navaro;https://www.google.com/search?q=Haset%20ve%20Rekabet%20-%20Kendi%20Kuyrugunu%20Yiyen%20Yilan%20Leyla%20Navaro&tbm=isch;562; ;
1561;Harvard Business School'da Size Ne Ogretirler? - Kapitalizmin Mutfaginda Gecirdigim Iki Yil;Philip Delves Broughton;Harvard Business School'da Size Ne Ogretirler? - Kapitalizmin Mutfaginda Gecirdigim Iki Yil. Philip Delves Broughton;no;;;2011;296;category?;✅;-;tbr?;reread?;E-1;homelibrary;https://www.google.com/search?q=Harvard%20Business%20School%27da%20Size%20Ne%20Ogretirler?%20-%20Kapitalizmin%20Mutfaginda%20Gecirdigim%20Iki%20Yil%20Philip%20Delves%20Broughton;https://www.google.com/search?q=Harvard%20Business%20School%27da%20Size%20Ne%20Ogretirler?%20-%20Kapitalizmin%20Mutfaginda%20Gecirdigim%20Iki%20Yil%20Philip%20Delves%20Broughton&tbm=isch;561; ;
1560;Harciyorum Oyleyse Varim - Ekonominin Gercek Maliyeti;Philip Roscoe;Harciyorum Oyleyse Varim - Ekonominin Gercek Maliyeti. Philip Roscoe;n/a;;;2015;272;category?;read?;-;📋;reread?;F-5;house-2;https://www.google.com/search?q=Harciyorum%20Oyleyse%20Varim%20-%20Ekonominin%20Gercek%20Maliyeti%20Philip%20Roscoe;https://www.google.com/search?q=Harciyorum%20Oyleyse%20Varim%20-%20Ekonominin%20Gercek%20Maliyeti%20Philip%20Roscoe&tbm=isch;560; ;
1559;Hamburger Cumhuriyeti;Eric Schlosser;Hamburger Cumhuriyeti. Eric Schlosser;yes;;;2004;341;category?;✅;-;tbr?;📖;F-4;homelibrary;https://www.google.com/search?q=Hamburger%20Cumhuriyeti%20Eric%20Schlosser;https://www.google.com/search?q=Hamburger%20Cumhuriyeti%20Eric%20Schlosser&tbm=isch;559; ;
1558;Hakikat Sonrasi Cag - Gunumuz Dunyasinda Yalancilik ve Aldatma;Ralph Keyes;Hakikat Sonrasi Cag - Gunumuz Dunyasinda Yalancilik ve Aldatma. Ralph Keyes;n/a;;;2017;408;category?;read?;-;📋;reread?;A-9;house-2;https://www.google.com/search?q=Hakikat%20Sonrasi%20Cag%20-%20Gunumuz%20Dunyasinda%20Yalancilik%20ve%20Aldatma%20Ralph%20Keyes;https://www.google.com/search?q=Hakikat%20Sonrasi%20Cag%20-%20Gunumuz%20Dunyasinda%20Yalancilik%20ve%20Aldatma%20Ralph%20Keyes&tbm=isch;558; ;
1557;Hakikat Sonrasi - Guc Oyunu Olarak Bilgi;Steve Fuller;Hakikat Sonrasi - Guc Oyunu Olarak Bilgi. Steve Fuller;n/a;;;2022;328;category?;read?;-;📋;reread?;E-7;house-2;https://www.google.com/search?q=Hakikat%20Sonrasi%20-%20Guc%20Oyunu%20Olarak%20Bilgi%20Steve%20Fuller;https://www.google.com/search?q=Hakikat%20Sonrasi%20-%20Guc%20Oyunu%20Olarak%20Bilgi%20Steve%20Fuller&tbm=isch;557; ;
1556;Hakikat Sonrasi;Lee Mcintyre;Hakikat Sonrasi. Lee Mcintyre;yes;;;2019;168;Society & Culture;✅;-;tbr?;📖;C-10;homelibrary;https://www.google.com/search?q=Hakikat%20Sonrasi%20Lee%20Mcintyre;https://www.google.com/search?q=Hakikat%20Sonrasi%20Lee%20Mcintyre&tbm=isch;556; ;
1555;Hackers & Painters - Bilgisayar Cagindan Buyuk Fikirler;Paul Graham;Hackers & Painters - Bilgisayar Cagindan Buyuk Fikirler. Paul Graham;yes;;;2007;302;Technology & the Digital World;✅;-;tbr?;📖;C-6;homelibrary;https://www.google.com/search?q=Hackers%20&%20Painters%20-%20Bilgisayar%20Cagindan%20Buyuk%20Fikirler%20Paul%20Graham;https://www.google.com/search?q=Hackers%20&%20Painters%20-%20Bilgisayar%20Cagindan%20Buyuk%20Fikirler%20Paul%20Graham&tbm=isch;555; ;
1554;Hackerlar - Bilgisayar Devriminin Kahramanlari;Steven Levy;Hackerlar - Bilgisayar Devriminin Kahramanlari. Steven Levy;yes;;;2014;560;category?;read?;-;📋;reread?;E-9;homelibrary;https://www.google.com/search?q=Hackerlar%20-%20Bilgisayar%20Devriminin%20Kahramanlari%20Steven%20Levy;https://www.google.com/search?q=Hackerlar%20-%20Bilgisayar%20Devriminin%20Kahramanlari%20Steven%20Levy&tbm=isch;554; ;
1553;Hacker Etigi - Is Hayatina Yikici Bir Yaklasim;Pekka Himanen;Hacker Etigi - Is Hayatina Yikici Bir Yaklasim. Pekka Himanen;n/a;;;2005;188;category?;read?;-;📋;reread?;E-7;house-2;https://www.google.com/search?q=Hacker%20Etigi%20-%20Is%20Hayatina%20Yikici%20Bir%20Yaklasim%20Pekka%20Himanen;https://www.google.com/search?q=Hacker%20Etigi%20-%20Is%20Hayatina%20Yikici%20Bir%20Yaklasim%20Pekka%20Himanen&tbm=isch;553; ;
1552;Haberler - Bir Kullanma Kilavuzu;Alain De Botton;Haberler - Bir Kullanma Kilavuzu. Alain De Botton;yes;;;2015;262;Society & Culture;✅;-;tbr?;📖;D-4;homelibrary;https://www.google.com/search?q=Haberler%20-%20Bir%20Kullanma%20Kilavuzu%20Alain%20De%20Botton;https://www.google.com/search?q=Haberler%20-%20Bir%20Kullanma%20Kilavuzu%20Alain%20De%20Botton&tbm=isch;552; ;
1551;Gunumuzde TA - Transaksiyonel Analiz’e Yeni Bir Giris;Ian Stewart, Vann Joines;Gunumuzde TA - Transaksiyonel Analiz’e Yeni Bir Giris. Ian Stewart, Vann Joines;yes;;;2019;500;category?;read?;-;📋;reread?;B-5;homelibrary;https://www.google.com/search?q=Gunumuzde%20TA%20-%20Transaksiyonel%20Analiz%E2%80%99e%20Yeni%20Bir%20Giris%20Ian%20Stewart,%20Vann%20Joines;https://www.google.com/search?q=Gunumuzde%20TA%20-%20Transaksiyonel%20Analiz%E2%80%99e%20Yeni%20Bir%20Giris%20Ian%20Stewart,%20Vann%20Joines&tbm=isch;551; ;
1550;Gundelik Seylerin Tasarimi;Don Norman;Gundelik Seylerin Tasarimi. Don Norman;yes;;;2018;363;category?;read?;-;📋;reread?;B-6;homelibrary;https://www.google.com/search?q=Gundelik%20Seylerin%20Tasarimi%20Don%20Norman;https://www.google.com/search?q=Gundelik%20Seylerin%20Tasarimi%20Don%20Norman&tbm=isch;550; ;
1549;Gunde Bir Elma;Joe Schwarcz;Gunde Bir Elma. Joe Schwarcz;no;;;2013;296;category?;read?;-;tbr?;reread?;G-9;homelibrary;https://www.google.com/search?q=Gunde%20Bir%20Elma%20Joe%20Schwarcz;https://www.google.com/search?q=Gunde%20Bir%20Elma%20Joe%20Schwarcz&tbm=isch;549; ;
1548;Gumus Kursun - Enron'un Inanilmaz Yukselisi ve Onlenemeyen Cokusu;Bethany McLean, Peter Elkind;Gumus Kursun - Enron'un Inanilmaz Yukselisi ve Onlenemeyen Cokusu. Bethany McLean, Peter Elkind;released;;yes;2005;588;category?;✅;-;tbr?;reread?;D-1;homelibrary;https://www.google.com/search?q=Gumus%20Kursun%20-%20Enron%27un%20Inanilmaz%20Yukselisi%20ve%20Onlenemeyen%20Cokusu%20Bethany%20McLean,%20Peter%20Elkind;https://www.google.com/search?q=Gumus%20Kursun%20-%20Enron%27un%20Inanilmaz%20Yukselisi%20ve%20Onlenemeyen%20Cokusu%20Bethany%20McLean,%20Peter%20Elkind&tbm=isch;548; ;
1547;Guc Merkezli Yonetim - Orgutlerde Politika ve Nufuz;Jeffrey Pfeffer;Guc Merkezli Yonetim - Orgutlerde Politika ve Nufuz. Jeffrey Pfeffer;released;;yes;1999;431;category?;read?;-;tbr?;reread?;E-2;homelibrary;https://www.google.com/search?q=Guc%20Merkezli%20Yonetim%20-%20Orgutlerde%20Politika%20ve%20Nufuz%20Jeffrey%20Pfeffer;https://www.google.com/search?q=Guc%20Merkezli%20Yonetim%20-%20Orgutlerde%20Politika%20ve%20Nufuz%20Jeffrey%20Pfeffer&tbm=isch;547; ;
1546;Guc;Jeffrey Pfeffer;Guc. Jeffrey Pfeffer;released;;yes;2010;254;category?;read?;-;tbr?;reread?;E-2;homelibrary;https://www.google.com/search?q=Guc%20Jeffrey%20Pfeffer;https://www.google.com/search?q=Guc%20Jeffrey%20Pfeffer&tbm=isch;546; ;
1545;Grid Ile Calismak;Robert R. Blake, Jane S. Mouton;Grid Ile Calismak. Robert R. Blake, Jane S. Mouton;no;;;yok;144;category?;read?;-;tbr?;reread?;H-3;homelibrary;https://www.google.com/search?q=Grid%20Ile%20Calismak%20Robert%20R.%20Blake,%20Jane%20S.%20Mouton;https://www.google.com/search?q=Grid%20Ile%20Calismak%20Robert%20R.%20Blake,%20Jane%20S.%20Mouton&tbm=isch;545; ;
1544;Gozunu Dort Ac;Noreena Hertz;Gozunu Dort Ac. Noreena Hertz;released;;yes;2014;352;category?;read?;-;tbr?;reread?;C-1;homelibrary;https://www.google.com/search?q=Gozunu%20Dort%20Ac%20Noreena%20Hertz;https://www.google.com/search?q=Gozunu%20Dort%20Ac%20Noreena%20Hertz&tbm=isch;544; ;
1543;Gozumuz Neden Doymaz?;Diana Von Kopp, Melanie Muhl;Gozumuz Neden Doymaz?. Diana Von Kopp, Melanie Muhl;released;;yes;2019;248;category?;✅;-;tbr?;reread?;D-3;homelibrary;https://www.google.com/search?q=Gozumuz%20Neden%20Doymaz?%20Diana%20Von%20Kopp,%20Melanie%20Muhl;https://www.google.com/search?q=Gozumuz%20Neden%20Doymaz?%20Diana%20Von%20Kopp,%20Melanie%20Muhl&tbm=isch;543; ;
1542;Gozetlenen Toplum Gunluk Hayati Kontrol Etmek;David Lyon;Gozetlenen Toplum Gunluk Hayati Kontrol Etmek. David Lyon;no;;;2006;320;category?;read?;-;tbr?;reread?;H-4;homelibrary;https://www.google.com/search?q=Gozetlenen%20Toplum%20Gunluk%20Hayati%20Kontrol%20Etmek%20David%20Lyon;https://www.google.com/search?q=Gozetlenen%20Toplum%20Gunluk%20Hayati%20Kontrol%20Etmek%20David%20Lyon&tbm=isch;542; ;
1541;Gozetim Calismalari;David Lyon;Gozetim Calismalari. David Lyon;no;;;2013;320;category?;read?;-;tbr?;reread?;H-4;homelibrary;https://www.google.com/search?q=Gozetim%20Calismalari%20David%20Lyon;https://www.google.com/search?q=Gozetim%20Calismalari%20David%20Lyon&tbm=isch;541; ;
1540;Gosteri Toplumu;Guy Debord;Gosteri Toplumu. Guy Debord;n/a;;;2016;240;category?;read?;-;📋;reread?;F-5;house-2;https://www.google.com/search?q=Gosteri%20Toplumu%20Guy%20Debord;https://www.google.com/search?q=Gosteri%20Toplumu%20Guy%20Debord&tbm=isch;540; ;
1539;Gorus Devrimi - Gorme Yetimizle Ilgili Bildigimiz Her Sey;Mark Changizi;Gorus Devrimi - Gorme Yetimizle Ilgili Bildigimiz Her Sey. Mark Changizi;yes;;;2022;256;category?;read?;-;tbr?;reread?;B-6;homelibrary;https://www.google.com/search?q=Gorus%20Devrimi%20-%20Gorme%20Yetimizle%20Ilgili%20Bildigimiz%20Her%20Sey%20Mark%20Changizi;https://www.google.com/search?q=Gorus%20Devrimi%20-%20Gorme%20Yetimizle%20Ilgili%20Bildigimiz%20Her%20Sey%20Mark%20Changizi&tbm=isch;539; ;
1538;Gorunmez Kadinlar - Erkekler Icin Tasarlanmis Bir Dunyada Veri Yanliligi Ile Yasamak;Caroline Criado Perez;Gorunmez Kadinlar - Erkekler Icin Tasarlanmis Bir Dunyada Veri Yanliligi Ile Yasamak. Caroline Criado Perez;yes;;;2021;440;category?;✅;-;tbr?;📖;B-8;homelibrary;https://www.google.com/search?q=Gorunmez%20Kadinlar%20-%20Erkekler%20Icin%20Tasarlanmis%20Bir%20Dunyada%20Veri%20Yanliligi%20Ile%20Yasamak%20Caroline%20Criado%20Perez;https://www.google.com/search?q=Gorunmez%20Kadinlar%20-%20Erkekler%20Icin%20Tasarlanmis%20Bir%20Dunyada%20Veri%20Yanliligi%20Ile%20Yasamak%20Caroline%20Criado%20Perez&tbm=isch;538; ;
1537;Gorunmez Goril;Christopher Chabris, Daniel Simons;Gorunmez Goril. Christopher Chabris, Daniel Simons;yes;;;2012;280;category?;✅;-;tbr?;📖;C-7;homelibrary;https://www.google.com/search?q=Gorunmez%20Goril%20Christopher%20Chabris,%20Daniel%20Simons;https://www.google.com/search?q=Gorunmez%20Goril%20Christopher%20Chabris,%20Daniel%20Simons&tbm=isch;537; ;
1536;Human Resource Champions - The Next Agenda for Adding Value and Delivering Results;David Ulrich;Human Resource Champions - The Next Agenda for Adding Value and Delivering Results. David Ulrich;no;;;1997;304;category?;read?;-;tbr?;reread?;H-7;homelibrary;https://www.google.com/search?q=Human%20Resource%20Champions%20-%20The%20Next%20Agenda%20for%20Adding%20Value%20and%20Delivering%20Results%20David%20Ulrich;https://www.google.com/search?q=Human%20Resource%20Champions%20-%20The%20Next%20Agenda%20for%20Adding%20Value%20and%20Delivering%20Results%20David%20Ulrich&tbm=isch;536; ;
1535;Gorunmeyeni Dusunmek;Stephen J. Dubner, Steven D. Levitt;Gorunmeyeni Dusunmek. Stephen J. Dubner, Steven D. Levitt;no;;;2015;228;category?;read?;-;tbr?;reread?;A-8;homelibrary;https://www.google.com/search?q=Gorunmeyeni%20Dusunmek%20Stephen%20J.%20Dubner,%20Steven%20D.%20Levitt;https://www.google.com/search?q=Gorunmeyeni%20Dusunmek%20Stephen%20J.%20Dubner,%20Steven%20D.%20Levitt&tbm=isch;535; ;
1534;Gorunmeyen Kita;Kenichi Ohmae;Gorunmeyen Kita. Kenichi Ohmae;no;;;2001;272;category?;read?;-;tbr?;reread?;E-1;homelibrary;https://www.google.com/search?q=Gorunmeyen%20Kita%20Kenichi%20Ohmae;https://www.google.com/search?q=Gorunmeyen%20Kita%20Kenichi%20Ohmae&tbm=isch;534; ;
1533;Gorunmeyen Ekonomistin Geri Donusu - Bir Ekonomi Nasil Yonetilir (Ya Da Mahvedilir)?;Tim Harford;Gorunmeyen Ekonomistin Geri Donusu - Bir Ekonomi Nasil Yonetilir (Ya Da Mahvedilir)?. Tim Harford;no;;;2019;368;category?;read?;-;📋;reread?;A-8;homelibrary;https://www.google.com/search?q=Gorunmeyen%20Ekonomistin%20Geri%20Donusu%20-%20Bir%20Ekonomi%20Nasil%20Yonetilir%20(Ya%20Da%20Mahvedilir)?%20Tim%20Harford;https://www.google.com/search?q=Gorunmeyen%20Ekonomistin%20Geri%20Donusu%20-%20Bir%20Ekonomi%20Nasil%20Yonetilir%20(Ya%20Da%20Mahvedilir)?%20Tim%20Harford&tbm=isch;533; ;
1532;Gorunmeyen Ekonomist;Tim Harford;Gorunmeyen Ekonomist. Tim Harford;no;;;2016;304;category?;read?;-;📋;reread?;A-8;homelibrary;https://www.google.com/search?q=Gorunmeyen%20Ekonomist%20Tim%20Harford;https://www.google.com/search?q=Gorunmeyen%20Ekonomist%20Tim%20Harford&tbm=isch;532; ;
1531;Gorunmeyen Ekonomi - Dunya Gercekte Nasil Isliyor?;Stephen J. Dubner, Steven D. Levitt;Gorunmeyen Ekonomi - Dunya Gercekte Nasil Isliyor?. Stephen J. Dubner, Steven D. Levitt;no;;;2006;244;category?;read?;-;📋;reread?;A-8;homelibrary;https://www.google.com/search?q=Gorunmeyen%20Ekonomi%20-%20Dunya%20Gercekte%20Nasil%20Isliyor?%20Stephen%20J.%20Dubner,%20Steven%20D.%20Levitt;https://www.google.com/search?q=Gorunmeyen%20Ekonomi%20-%20Dunya%20Gercekte%20Nasil%20Isliyor?%20Stephen%20J.%20Dubner,%20Steven%20D.%20Levitt&tbm=isch;531; ;
1530;Gormek ve Fark Etmek;Alain De Botton;Gormek ve Fark Etmek. Alain De Botton;n/a;;;2018;104;Philosophy & Meaning;✅;-;tbr?;reread?;D-4;house-2;https://www.google.com/search?q=Gormek%20ve%20Fark%20Etmek%20Alain%20De%20Botton;https://www.google.com/search?q=Gormek%20ve%20Fark%20Etmek%20Alain%20De%20Botton&tbm=isch;530; ;
1529;Gorme Bicimleri;John Berger;Gorme Bicimleri. John Berger;yes;;;2019;166;category?;read?;-;📋;reread?;B-6;homelibrary;https://www.google.com/search?q=Gorme%20Bicimleri%20John%20Berger;https://www.google.com/search?q=Gorme%20Bicimleri%20John%20Berger&tbm=isch;529; ;
1528;Google'in Buyulu Oykusu;John Battele;Google'in Buyulu Oykusu. John Battele;released;;yes;2006;320;category?;read?;-;tbr?;reread?;F-1;homelibrary;https://www.google.com/search?q=Google%27in%20Buyulu%20Oykusu%20John%20Battele;https://www.google.com/search?q=Google%27in%20Buyulu%20Oykusu%20John%20Battele&tbm=isch;528; ;
1527;Google'da Calisacak Kadar Akilli misiniz?;William Poundstone;Google'da Calisacak Kadar Akilli misiniz?. William Poundstone;yes;;;2014;352;category?;✅;-;tbr?;reread?;D-2;homelibrary;https://www.google.com/search?q=Google%27da%20Calisacak%20Kadar%20Akilli%20misiniz?%20William%20Poundstone;https://www.google.com/search?q=Google%27da%20Calisacak%20Kadar%20Akilli%20misiniz?%20William%20Poundstone&tbm=isch;527; ;
1526;Work Rules! Insights from Inside Google That Will Transform How You Live and Lead;Laszlo Bock;Work Rules! Insights from Inside Google That Will Transform How You Live and Lead. Laszlo Bock;yes;;;2015;416;Work & Career;✅;-;tbr?;reread?;D-2;homelibrary;https://www.google.com/search?q=Google%20Sirlari%20-%20Google,%20Dunyanin%20En%20Yaratici%20ve%20Basarili%20Sirketi%20Olabilmek%20Icin%20Neyi%20Farkli%20Yapiyor?%20Laszlo%20Bock;https://www.google.com/search?q=Google%20Sirlari%20-%20Google,%20Dunyanin%20En%20Yaratici%20ve%20Basarili%20Sirketi%20Olabilmek%20Icin%20Neyi%20Farkli%20Yapiyor?%20Laszlo%20Bock&tbm=isch;526; ;
1525;Google Olsa Ne Yapardi?;Jeff Jarvis;Google Olsa Ne Yapardi?. Jeff Jarvis;no;;;2010;326;Technology & the Digital World;✅;-;tbr?;reread?;D-2;homelibrary;https://www.google.com/search?q=Google%20Olsa%20Ne%20Yapardi?%20Jeff%20Jarvis;https://www.google.com/search?q=Google%20Olsa%20Ne%20Yapardi?%20Jeff%20Jarvis&tbm=isch;525; ;
1524;Google Nasil Yonetiliyor?;Eric Schmidt, Jonathan Rosenberg, Alan Eagle;Google Nasil Yonetiliyor?. Eric Schmidt, Jonathan Rosenberg, Alan Eagle;no;;;2018;320;category?;✅;-;tbr?;reread?;C-2;homelibrary;https://www.google.com/search?q=Google%20Nasil%20Yonetiliyor?%20Eric%20Schmidt,%20Jonathan%20Rosenberg,%20Alan%20Eagle;https://www.google.com/search?q=Google%20Nasil%20Yonetiliyor?%20Eric%20Schmidt,%20Jonathan%20Rosenberg,%20Alan%20Eagle&tbm=isch;524; ;
1523;Google Hikayesi - Cagimizin En Yeni Is, Medya ve Teknoloji Basarisi;David A. Vise, Mark Malseed;Google Hikayesi - Cagimizin En Yeni Is, Medya ve Teknoloji Basarisi. David A. Vise, Mark Malseed;released;;yes;2006;408;category?;read?;-;tbr?;reread?;H-3;homelibrary;https://www.google.com/search?q=Google%20Hikayesi%20-%20Cagimizin%20En%20Yeni%20Is,%20Medya%20ve%20Teknoloji%20Basarisi%20David%20A.%20Vise,%20Mark%20Malseed;https://www.google.com/search?q=Google%20Hikayesi%20-%20Cagimizin%20En%20Yeni%20Is,%20Medya%20ve%20Teknoloji%20Basarisi%20David%20A.%20Vise,%20Mark%20Malseed&tbm=isch;523; ;
1522;Good Business;Mihaly Csikszentmihalyi;Good Business. Mihaly Csikszentmihalyi;no;;;2016;306;category?;✅;-;tbr?;reread?;H-3;homelibrary;https://www.google.com/search?q=Good%20Business%20Mihaly%20Csikszentmihalyi;https://www.google.com/search?q=Good%20Business%20Mihaly%20Csikszentmihalyi&tbm=isch;522; ;
1521;Gonul Yarasi;The School of Life;Gonul Yarasi. The School of Life;yes;;;2022;72;category?;✅;-;tbr?;📖;D-4;homelibrary;https://www.google.com/search?q=Gonul%20Yarasi%20The%20School%20of%20Life;https://www.google.com/search?q=Gonul%20Yarasi%20The%20School%20of%20Life&tbm=isch;521; ;
1520;Golgeyle Bulusma - Insan Dogasindaki Karanlik Yuzun Gizli Gucu;Connie Zweig;Golgeyle Bulusma - Insan Dogasindaki Karanlik Yuzun Gizli Gucu. Connie Zweig;yes;;;2022;528;category?;read?;-;📋;reread?;B-4;homelibrary;https://www.google.com/search?q=Golgeyle%20Bulusma%20-%20Insan%20Dogasindaki%20Karanlik%20Yuzun%20Gizli%20Gucu%20Connie%20Zweig;https://www.google.com/search?q=Golgeyle%20Bulusma%20-%20Insan%20Dogasindaki%20Karanlik%20Yuzun%20Gizli%20Gucu%20Connie%20Zweig&tbm=isch;520; ;
1519;Golge Is;Ivan Illich;Golge Is. Ivan Illich;yes;;;2013;124;category?;read?;-;tbr?;reread?;F-2;homelibrary;https://www.google.com/search?q=Golge%20Is%20Ivan%20Illich;https://www.google.com/search?q=Golge%20Is%20Ivan%20Illich&tbm=isch;519; ;
1518;Golge Etkisi - Isigin Gucuyle Icindeki Karanligi Dagit;Marianne Williamson, Deepak Chopra, Debbie Ford;Golge Etkisi - Isigin Gucuyle Icindeki Karanligi Dagit. Marianne Williamson, Deepak Chopra, Debbie Ford;yes;;;2021;248;category?;read?;-;📋;reread?;G-9;homelibrary;https://www.google.com/search?q=Golge%20Etkisi%20-%20Isigin%20Gucuyle%20Icindeki%20Karanligi%20Dagit%20Marianne%20Williamson,%20Deepak%20Chopra,%20Debbie%20Ford;https://www.google.com/search?q=Golge%20Etkisi%20-%20Isigin%20Gucuyle%20Icindeki%20Karanligi%20Dagit%20Marianne%20Williamson,%20Deepak%20Chopra,%20Debbie%20Ford&tbm=isch;518; ;
1517;Gocmek Ne Garip Sey Anne!;Filiz Yavuz;Gocmek Ne Garip Sey Anne!. Filiz Yavuz;yes;;;2020;152;category?;✅;-;tbr?;reread?;A-3;homelibrary;https://www.google.com/search?q=Gocmek%20Ne%20Garip%20Sey%20Anne!%20Filiz%20Yavuz;https://www.google.com/search?q=Gocmek%20Ne%20Garip%20Sey%20Anne!%20Filiz%20Yavuz&tbm=isch;517; ;
1516;Gocebeler Diyari - Yirmi Birinci Yuzyilda Amerika’da Hayatta Kalmak;Jessica Bruder;Gocebeler Diyari - Yirmi Birinci Yuzyilda Amerika’da Hayatta Kalmak. Jessica Bruder;yes;;;2021;272;category?;✅;-;tbr?;reread?;D-6;homelibrary;https://www.google.com/search?q=Gocebeler%20Diyari%20-%20Yirmi%20Birinci%20Yuzyilda%20Amerika%E2%80%99da%20Hayatta%20Kalmak%20Jessica%20Bruder;https://www.google.com/search?q=Gocebeler%20Diyari%20-%20Yirmi%20Birinci%20Yuzyilda%20Amerika%E2%80%99da%20Hayatta%20Kalmak%20Jessica%20Bruder&tbm=isch;516; ;
1515;Goc Sosyolojisi;Cemal Yalcin;Goc Sosyolojisi. Cemal Yalcin;released;;yes;2004;192;category?;read?;-;tbr?;reread?;F-1;homelibrary;https://www.google.com/search?q=Goc%20Sosyolojisi%20Cemal%20Yalcin;https://www.google.com/search?q=Goc%20Sosyolojisi%20Cemal%20Yalcin&tbm=isch;515; ;
1514;Globallesmenin Sonu;Alan Rugman;Globallesmenin Sonu. Alan Rugman;yes;;;2004;308;category?;read?;-;tbr?;reread?;C-9;homelibrary;https://www.google.com/search?q=Globallesmenin%20Sonu%20Alan%20Rugman;https://www.google.com/search?q=Globallesmenin%20Sonu%20Alan%20Rugman&tbm=isch;514; ;
1513;Global Paradoks;John Naisbitt;Global Paradoks. John Naisbitt;no;;;1994;218;category?;read?;-;tbr?;reread?;H-1;homelibrary;https://www.google.com/search?q=Global%20Paradoks%20John%20Naisbitt;https://www.google.com/search?q=Global%20Paradoks%20John%20Naisbitt&tbm=isch;513; ;
1512;Global Koy;Marshall Mcluhan, Bruce R. Powers;Global Koy. Marshall Mcluhan, Bruce R. Powers;no;;;2015;320;category?;read?;-;tbr?;reread?;G-3;homelibrary;https://www.google.com/search?q=Global%20Koy%20Marshall%20Mcluhan,%20Bruce%20R.%20Powers;https://www.google.com/search?q=Global%20Koy%20Marshall%20Mcluhan,%20Bruce%20R.%20Powers&tbm=isch;512; ;
1511;Gizli Ikna - Insan Davranisini Sekillendiren Hayalet Etkiler;Jonah Berger;Gizli Ikna - Insan Davranisini Sekillendiren Hayalet Etkiler. Jonah Berger;yes;;;2018;260;category?;read?;-;tbr?;reread?;C-9;homelibrary;https://www.google.com/search?q=Gizli%20Ikna%20-%20Insan%20Davranisini%20Sekillendiren%20Hayalet%20Etkiler%20Jonah%20Berger;https://www.google.com/search?q=Gizli%20Ikna%20-%20Insan%20Davranisini%20Sekillendiren%20Hayalet%20Etkiler%20Jonah%20Berger&tbm=isch;511; ;
1510;Giydirilmis Insan Kimligi;Nur Serter;Giydirilmis Insan Kimligi. Nur Serter;released;;yes;1996;368;category?;read?;-;tbr?;reread?;H-1;homelibrary;https://www.google.com/search?q=Giydirilmis%20Insan%20Kimligi%20Nur%20Serter;https://www.google.com/search?q=Giydirilmis%20Insan%20Kimligi%20Nur%20Serter&tbm=isch;510; ;
1509;Gidanin Gelecegi;Amanda Little;Gidanin Gelecegi. Amanda Little;yes;;;2020;440;category?;✅;-;tbr?;📖;H-6;homelibrary;https://www.google.com/search?q=Gidanin%20Gelecegi%20Amanda%20Little;https://www.google.com/search?q=Gidanin%20Gelecegi%20Amanda%20Little&tbm=isch;509; ;
1508;Gezegen Fabrikasi - Otegezegenler ve Ikinci Bir Duunya Arayisi;Elizabeth Tasker;Gezegen Fabrikasi - Otegezegenler ve Ikinci Bir Duunya Arayisi. Elizabeth Tasker;yes;;;2022;416;category?;read?;-;tbr?;reread?;H-6;homelibrary;https://www.google.com/search?q=Gezegen%20Fabrikasi%20-%20Otegezegenler%20ve%20Ikinci%20Bir%20Duunya%20Arayisi%20Elizabeth%20Tasker;https://www.google.com/search?q=Gezegen%20Fabrikasi%20-%20Otegezegenler%20ve%20Ikinci%20Bir%20Duunya%20Arayisi%20Elizabeth%20Tasker&tbm=isch;508; ;
1507;Geveze - Kafamizin Icindeki Dirdirci Ses ve Onu Dizginlemenin Yollari;Ethan Cross;Geveze - Kafamizin Icindeki Dirdirci Ses ve Onu Dizginlemenin Yollari. Ethan Cross;yes;;;2021;272;category?;read?;-;📋;reread?;C-10;homelibrary;https://www.google.com/search?q=Geveze%20-%20Kafamizin%20Icindeki%20Dirdirci%20Ses%20ve%20Onu%20Dizginlemenin%20Yollari%20Ethan%20Cross;https://www.google.com/search?q=Geveze%20-%20Kafamizin%20Icindeki%20Dirdirci%20Ses%20ve%20Onu%20Dizginlemenin%20Yollari%20Ethan%20Cross&tbm=isch;507; ;
1506;Gercekten Bilmeniz Gereken 50 Sanat Fikri;Susie Hodge;Gercekten Bilmeniz Gereken 50 Sanat Fikri. Susie Hodge;no;;;2016;208;category?;read?;-;tbr?;reread?;F-2;homelibrary;https://www.google.com/search?q=Gercekten%20Bilmeniz%20Gereken%2050%20Sanat%20Fikri%20Susie%20Hodge;https://www.google.com/search?q=Gercekten%20Bilmeniz%20Gereken%2050%20Sanat%20Fikri%20Susie%20Hodge&tbm=isch;506; ;
1505;Gercekten Bilmeniz Gereken 50 Psikoloji Fikri;Adrian Furnham;Gercekten Bilmeniz Gereken 50 Psikoloji Fikri. Adrian Furnham;no;;;2019;208;category?;read?;-;tbr?;reread?;F-2;homelibrary;https://www.google.com/search?q=Gercekten%20Bilmeniz%20Gereken%2050%20Psikoloji%20Fikri%20Adrian%20Furnham;https://www.google.com/search?q=Gercekten%20Bilmeniz%20Gereken%2050%20Psikoloji%20Fikri%20Adrian%20Furnham&tbm=isch;505; ;
1504;Gerceklik Dakikalari;Jan Carlzon;Gerceklik Dakikalari. Jan Carlzon;released;;yes;1990;152;category?;read?;-;tbr?;reread?;C-1;homelibrary;https://www.google.com/search?q=Gerceklik%20Dakikalari%20Jan%20Carlzon;https://www.google.com/search?q=Gerceklik%20Dakikalari%20Jan%20Carlzon&tbm=isch;504; ;
1503;Gercekciler Icin Utopya;Rutger Bregman;Gercekciler Icin Utopya. Rutger Bregman;n/a;;;2018;328;History & Political Thought;✅;-;tbr?;📖;A-6;house-2;https://www.google.com/search?q=Gercekciler%20Icin%20Utopya%20Rutger%20Bregman;https://www.google.com/search?q=Gercekciler%20Icin%20Utopya%20Rutger%20Bregman&tbm=isch;503; ;
1502;Gercek Mutluluk Kalici Doyuma Ulasma Potansiyelini Gerceklestirmek Icin Yeni Olumlu Psikolojinin Kullanilmasi;Martin E. P. Seligman;Gercek Mutluluk Kalici Doyuma Ulasma Potansiyelini Gerceklestirmek Icin Yeni Olumlu Psikolojinin Kullanilmasi. Martin E. P. Seligman;yes;;;2021;454;category?;read?;-;📋;reread?;A-7;homelibrary;https://www.google.com/search?q=Gercek%20Mutluluk%20Kalici%20Doyuma%20Ulasma%20Potansiyelini%20Gerceklestirmek%20Icin%20Yeni%20Olumlu%20Psikolojinin%20Kullanilmasi%20Martin%20E.%20P.%20Seligman;https://www.google.com/search?q=Gercek%20Mutluluk%20Kalici%20Doyuma%20Ulasma%20Potansiyelini%20Gerceklestirmek%20Icin%20Yeni%20Olumlu%20Psikolojinin%20Kullanilmasi%20Martin%20E.%20P.%20Seligman&tbm=isch;502; ;
1501;Algoritmalarla Yasamak - Robosurecler Dunyamizi Nasil Yeniden Yaratiyorlar?;Catherine Besteman, Hugh Gusterson;Algoritmalarla Yasamak - Robosurecler Dunyamizi Nasil Yeniden Yaratiyorlar?. Catherine Besteman, Hugh Gusterson;yes;;;2020;304;category?;read?;-;📋;reread?;D-6;homelibrary;https://www.google.com/search?q=Algoritmalarla%20Yasamak%20-%20Robosurecler%20Dunyamizi%20Nasil%20Yeniden%20Yaratiyorlar?%20Catherine%20Besteman,%20Hugh%20Gusterson;https://www.google.com/search?q=Algoritmalarla%20Yasamak%20-%20Robosurecler%20Dunyamizi%20Nasil%20Yeniden%20Yaratiyorlar?%20Catherine%20Besteman,%20Hugh%20Gusterson&tbm=isch;501; ;
1500;Gercek Mad Men - Madison Bulvari'nin Altin Caginin Olaganustu Oykusu;Andrew Cracknell;Gercek Mad Men - Madison Bulvari'nin Altin Caginin Olaganustu Oykusu. Andrew Cracknell;yes;;;2013;288;category?;read?;-;tbr?;reread?;C-1;homelibrary;https://www.google.com/search?q=Gercek%20Mad%20Men%20-%20Madison%20Bulvari%27nin%20Altin%20Caginin%20Olaganustu%20Oykusu%20Andrew%20Cracknell;https://www.google.com/search?q=Gercek%20Mad%20Men%20-%20Madison%20Bulvari%27nin%20Altin%20Caginin%20Olaganustu%20Oykusu%20Andrew%20Cracknell&tbm=isch;500; ;
1499;Gercegin Tokadi;Russ Harris;Gercegin Tokadi. Russ Harris;yes;;;2022;295;category?;read?;-;📋;reread?;E-7;homelibrary;https://www.google.com/search?q=Gercegin%20Tokadi%20Russ%20Harris;https://www.google.com/search?q=Gercegin%20Tokadi%20Russ%20Harris&tbm=isch;499; ;
1498;Genler Unutmaz;Sharon Moalem;Genler Unutmaz. Sharon Moalem;no;;;2015;256;category?;read?;-;tbr?;reread?;D-3;homelibrary;https://www.google.com/search?q=Genler%20Unutmaz%20Sharon%20Moalem;https://www.google.com/search?q=Genler%20Unutmaz%20Sharon%20Moalem&tbm=isch;498; ;
1497;Genel ve Endustriyel Yonetim;Henri Fayol;Genel ve Endustriyel Yonetim. Henri Fayol;released;;yes;2012;180;category?;read?;-;tbr?;reread?;G-3;homelibrary;https://www.google.com/search?q=Genel%20ve%20Endustriyel%20Yonetim%20Henri%20Fayol;https://www.google.com/search?q=Genel%20ve%20Endustriyel%20Yonetim%20Henri%20Fayol&tbm=isch;497; ;
1496;Gelecekte Bilim - Bilimde Son Gelismeler;Max Brockman;Gelecekte Bilim - Bilimde Son Gelismeler. Max Brockman;yes;;;2014;230;category?;read?;-;tbr?;reread?;D-3;homelibrary;https://www.google.com/search?q=Gelecekte%20Bilim%20-%20Bilimde%20Son%20Gelismeler%20Max%20Brockman;https://www.google.com/search?q=Gelecekte%20Bilim%20-%20Bilimde%20Son%20Gelismeler%20Max%20Brockman&tbm=isch;496; ;
1495;Gelecek Zamanda Dusunmek;Jennifer James;Gelecek Zamanda Dusunmek. Jennifer James;released;;yes;1997;271;category?;read?;-;tbr?;reread?;G-3;homelibrary;https://www.google.com/search?q=Gelecek%20Zamanda%20Dusunmek%20Jennifer%20James;https://www.google.com/search?q=Gelecek%20Zamanda%20Dusunmek%20Jennifer%20James&tbm=isch;495; ;
1494;Gelecek Nasil Gelecek;Philip Ball, Jim Al-Khalili, Lewis Dartnell, Adam Rutherford, Gaia Vince;Gelecek Nasil Gelecek. Philip Ball, Jim Al-Khalili, Lewis Dartnell, Adam Rutherford, Gaia Vince;no;;;2022;240;category?;read?;-;tbr?;reread?;H-6;homelibrary;https://www.google.com/search?q=Gelecek%20Nasil%20Gelecek%20Philip%20Ball,%20Jim%20Al-Khalili,%20Lewis%20Dartnell,%20Adam%20Rutherford,%20Gaia%20Vince;https://www.google.com/search?q=Gelecek%20Nasil%20Gelecek%20Philip%20Ball,%20Jim%20Al-Khalili,%20Lewis%20Dartnell,%20Adam%20Rutherford,%20Gaia%20Vince&tbm=isch;494; ;
1493;Gelecek Dosyalari - Gelecek 50 Yilin Tarihi;Richard Watson;Gelecek Dosyalari - Gelecek 50 Yilin Tarihi. Richard Watson;no;;;2010;288;category?;read?;-;tbr?;reread?;H-6;homelibrary;https://www.google.com/search?q=Gelecek%20Dosyalari%20-%20Gelecek%2050%20Yilin%20Tarihi%20Richard%20Watson;https://www.google.com/search?q=Gelecek%20Dosyalari%20-%20Gelecek%2050%20Yilin%20Tarihi%20Richard%20Watson&tbm=isch;493; ;
1492;Gelecek Daha Guzel Gunler Mi Getirecek?;Alain De Botton, Malcolm Gladwell, Matt Ridley, Steven Pinker;Gelecek Daha Guzel Gunler Mi Getirecek?. Alain De Botton, Malcolm Gladwell, Matt Ridley, Steven Pinker;yes;;;2017;132;category?;✅;-;tbr?;📖;D-4;homelibrary;https://www.google.com/search?q=Gelecek%20Daha%20Guzel%20Gunler%20Mi%20Getirecek?%20Alain%20De%20Botton,%20Malcolm%20Gladwell,%20Matt%20Ridley,%20Steven%20Pinker;https://www.google.com/search?q=Gelecek%20Daha%20Guzel%20Gunler%20Mi%20Getirecek?%20Alain%20De%20Botton,%20Malcolm%20Gladwell,%20Matt%20Ridley,%20Steven%20Pinker&tbm=isch;492; ;
1491;The Future of Human Resource Management - 64 Thought Leaders Explore the Critical HR Issues of Today and Tomorrow;Dave Ulrich, David Ulrich, Michael R. Losey, Mike Losey, Sue Meisinger;The Future of Human Resource Management - 64 Thought Leaders Explore the Critical HR Issues of Today and Tomorrow. Dave Ulrich, David Ulrich, Michael R. Losey, Mike Losey, Sue Meisinger;no;;;2007;448;category?;read?;-;tbr?;reread?;H-7;homelibrary;https://www.google.com/search?q=The%20Future%20of%20Human%20Resource%20Management%20-%2064%20Thought%20Leaders%20Explore%20the%20Critical%20HR%20Issues%20of%20Today%20and%20Tomorrow%20Dave%20Ulrich,%20David%20Ulrich,%20Michael%20R.%20Losey,%20Mike%20Losey,%20Sue%20Meisinger;https://www.google.com/search?q=The%20Future%20of%20Human%20Resource%20Management%20-%2064%20Thought%20Leaders%20Explore%20the%20Critical%20HR%20Issues%20of%20Today%20and%20Tomorrow%20Dave%20Ulrich,%20David%20Ulrich,%20Michael%20R.%20Losey,%20Mike%20Losey,%20Sue%20Meisinger&tbm=isch;491; ;
1490;Gelecek 50 Yil;John Brockman;Gelecek 50 Yil. John Brockman;yes;;;2010;336;category?;read?;-;tbr?;reread?;F-2;homelibrary;https://www.google.com/search?q=Gelecek%2050%20Yil%20John%20Brockman;https://www.google.com/search?q=Gelecek%2050%20Yil%20John%20Brockman&tbm=isch;490; ;
1489;Gelecek 100 Yil - 21. Yuzyil Icin Ongoruler;George Friedman;Gelecek 100 Yil - 21. Yuzyil Icin Ongoruler. George Friedman;yes;;;2017;320;category?;read?;-;tbr?;reread?;F-2;homelibrary;https://www.google.com/search?q=Gelecek%20100%20Yil%20-%2021.%20Yuzyil%20Icin%20Ongoruler%20George%20Friedman;https://www.google.com/search?q=Gelecek%20100%20Yil%20-%2021.%20Yuzyil%20Icin%20Ongoruler%20George%20Friedman&tbm=isch;489; ;
1488;Gelecek 10 Yil;George Friedman;Gelecek 10 Yil. George Friedman;yes;;;2011;320;category?;read?;-;tbr?;reread?;F-2;homelibrary;https://www.google.com/search?q=Gelecek%2010%20Yil%20George%20Friedman;https://www.google.com/search?q=Gelecek%2010%20Yil%20George%20Friedman&tbm=isch;488; ;
1487;Gelecek - Global Degisimi Yaratan 6 Dinamik;Al Gore;Gelecek - Global Degisimi Yaratan 6 Dinamik. Al Gore;no;;;2013;608;History & Political Thought;✅;-;tbr?;📖;D-9;homelibrary;https://www.google.com/search?q=Gelecek%20-%20Global%20Degisimi%20Yaratan%206%20Dinamik%20Al%20Gore;https://www.google.com/search?q=Gelecek%20-%20Global%20Degisimi%20Yaratan%206%20Dinamik%20Al%20Gore&tbm=isch;487; ;
1486;Gelecegin Tarihini Okuyanlar;Max Brockman;Gelecegin Tarihini Okuyanlar. Max Brockman;no;;;2010;224;category?;read?;-;tbr?;reread?;H-2;homelibrary;https://www.google.com/search?q=Gelecegin%20Tarihini%20Okuyanlar%20Max%20Brockman;https://www.google.com/search?q=Gelecegin%20Tarihini%20Okuyanlar%20Max%20Brockman&tbm=isch;486; ;
1485;Gelecegin Suclari - Dijital Dunyanin Karanlik Yuzu;Marc Goodman;Gelecegin Suclari - Dijital Dunyanin Karanlik Yuzu. Marc Goodman;no;;;2016;632;category?;✅;-;tbr?;reread?;C-3;homelibrary;https://www.google.com/search?q=Gelecegin%20Suclari%20-%20Dijital%20Dunyanin%20Karanlik%20Yuzu%20Marc%20Goodman;https://www.google.com/search?q=Gelecegin%20Suclari%20-%20Dijital%20Dunyanin%20Karanlik%20Yuzu%20Marc%20Goodman&tbm=isch;485; ;
1484;Gelecegin Fizigi;Michio Kaku;Gelecegin Fizigi. Michio Kaku;yes;;;2014;454;category?;✅;-;tbr?;📖;C-4;homelibrary;https://www.google.com/search?q=Gelecegin%20Fizigi%20Michio%20Kaku;https://www.google.com/search?q=Gelecegin%20Fizigi%20Michio%20Kaku&tbm=isch;484; ;
1483;Gelecegin Endustrileri;Alec Ross;Gelecegin Endustrileri. Alec Ross;yes;;;2017;286;category?;✅;-;tbr?;📖;E-3;homelibrary;https://www.google.com/search?q=Gelecegin%20Endustrileri%20Alec%20Ross;https://www.google.com/search?q=Gelecegin%20Endustrileri%20Alec%20Ross&tbm=isch;483; ;
1482;Gelecegi Yeniden Dusunmek;Kollektif;Gelecegi Yeniden Dusunmek. Kollektif;released;;yes;1997;237;category?;read?;-;tbr?;reread?;H-1;homelibrary;https://www.google.com/search?q=Gelecegi%20Yeniden%20Dusunmek%20Kollektif;https://www.google.com/search?q=Gelecegi%20Yeniden%20Dusunmek%20Kollektif&tbm=isch;482; ;
1481;Gelecegi Uretenler - Makers;Chris Anderson;Gelecegi Uretenler - Makers. Chris Anderson;released;;yes;2014;248;category?;✅;-;tbr?;reread?;E-3;homelibrary;https://www.google.com/search?q=Gelecegi%20Uretenler%20-%20Makers%20Chris%20Anderson;https://www.google.com/search?q=Gelecegi%20Uretenler%20-%20Makers%20Chris%20Anderson&tbm=isch;481; ;
1480;Gelecegi Kurgulamak;Noam Chomsky;Gelecegi Kurgulamak. Noam Chomsky;no;;;2015;272;category?;read?;-;📋;reread?;G-3;homelibrary;https://www.google.com/search?q=Gelecegi%20Kurgulamak%20Noam%20Chomsky;https://www.google.com/search?q=Gelecegi%20Kurgulamak%20Noam%20Chomsky&tbm=isch;480; ;
1479;Gelecegi Kesfedenler - Dijital Cagin Biyografisi;Walter Isaacson;Gelecegi Kesfedenler - Dijital Cagin Biyografisi. Walter Isaacson;released;;yes;2017;520;category?;read?;-;tbr?;reread?;B-2;homelibrary;https://www.google.com/search?q=Gelecegi%20Kesfedenler%20-%20Dijital%20Cagin%20Biyografisi%20Walter%20Isaacson;https://www.google.com/search?q=Gelecegi%20Kesfedenler%20-%20Dijital%20Cagin%20Biyografisi%20Walter%20Isaacson&tbm=isch;479; ;
1478;Gelecegi Kazanmak;C. K. Prahalad, Gary Hamel;Gelecegi Kazanmak. C. K. Prahalad, Gary Hamel;released;;yes;1995;383;category?;read?;-;tbr?;reread?;E-2;homelibrary;https://www.google.com/search?q=Gelecegi%20Kazanmak%20C.%20K.%20Prahalad,%20Gary%20Hamel;https://www.google.com/search?q=Gelecegi%20Kazanmak%20C.%20K.%20Prahalad,%20Gary%20Hamel&tbm=isch;478; ;
1477;Geciktigin Icin Tesekkur Ederim;Thomas Friedman;Geciktigin Icin Tesekkur Ederim. Thomas Friedman;yes;;;2018;500;category?;read?;-;📋;reread?;G-10;homelibrary;https://www.google.com/search?q=Geciktigin%20Icin%20Tesekkur%20Ederim%20Thomas%20Friedman;https://www.google.com/search?q=Geciktigin%20Icin%20Tesekkur%20Ederim%20Thomas%20Friedman&tbm=isch;477; ;
1476;Gaslight Etkisi - Psikolojik Manipulasyon;Robin Stern;Gaslight Etkisi - Psikolojik Manipulasyon. Robin Stern;yes;;;2023;312;category?;read?;-;📋;reread?;A-10;homelibrary;https://www.google.com/search?q=Gaslight%20Etkisi%20-%20%20Psikolojik%20Manipulasyon%20Robin%20Stern;https://www.google.com/search?q=Gaslight%20Etkisi%20-%20%20Psikolojik%20Manipulasyon%20Robin%20Stern&tbm=isch;476; ;
1475;Fuji Dagi'ni Nasil Tasirsiniz?;William Poundstone;Fuji Dagi'ni Nasil Tasirsiniz?. William Poundstone;yes;;;2009;259;category?;✅;-;tbr?;reread?;D-2;homelibrary;https://www.google.com/search?q=Fuji%20Dagi%27ni%20Nasil%20Tasirsiniz?%20William%20Poundstone;https://www.google.com/search?q=Fuji%20Dagi%27ni%20Nasil%20Tasirsiniz?%20William%20Poundstone&tbm=isch;475; ;
1474;Freudyen Psikolojiye Giris;Calvin S. Hall;Freudyen Psikolojiye Giris. Calvin S. Hall;yes;;;2016;128;category?;read?;-;tbr?;reread?;A-5;homelibrary;https://www.google.com/search?q=Freudyen%20Psikolojiye%20Giris%20Calvin%20S.%20Hall;https://www.google.com/search?q=Freudyen%20Psikolojiye%20Giris%20Calvin%20S.%20Hall&tbm=isch;474; ;
1473;Freud'u Okumak - Freud'un Eserlerinin Kronolojik Olarak Kesfi;Jean-Michel Quinodoz;Freud'u Okumak - Freud'un Eserlerinin Kronolojik Olarak Kesfi. Jean-Michel Quinodoz;yes;;;2016;320;category?;read?;-;tbr?;reread?;B-4;homelibrary;https://www.google.com/search?q=Freud%27u%20Okumak%20-%20Freud%27un%20Eserlerinin%20Kronolojik%20Olarak%20Kesfi%20Jean-Michel%20Quinodoz;https://www.google.com/search?q=Freud%27u%20Okumak%20-%20Freud%27un%20Eserlerinin%20Kronolojik%20Olarak%20Kesfi%20Jean-Michel%20Quinodoz&tbm=isch;473; ;
1472;Freud Yasami ve Eserleri;Ernest Jones;Freud Yasami ve Eserleri. Ernest Jones;yes;;;2004;742;category?;read?;-;tbr?;reread?;B-3;homelibrary;https://www.google.com/search?q=Freud%20Yasami%20ve%20Eserleri%20Ernest%20Jones;https://www.google.com/search?q=Freud%20Yasami%20ve%20Eserleri%20Ernest%20Jones&tbm=isch;472; ;
1471;Fransiz Kadinlari Yuzunu Gerdirmez;Mireille Guiliano;Fransiz Kadinlari Yuzunu Gerdirmez. Mireille Guiliano;no;;;2017;256;category?;read?;-;📋;reread?;E-5;homelibrary;https://www.google.com/search?q=Fransiz%20Kadinlari%20Yuzunu%20Gerdirmez%20Mireille%20Guiliano;https://www.google.com/search?q=Fransiz%20Kadinlari%20Yuzunu%20Gerdirmez%20Mireille%20Guiliano&tbm=isch;471; ;
1470;Fransiz Kadinlar Nicin Kilo Almaz?;Mireille Guiliano;Fransiz Kadinlar Nicin Kilo Almaz?. Mireille Guiliano;yes;;;2005;248;category?;read?;-;📋;reread?;E-5;homelibrary;https://www.google.com/search?q=Fransiz%20Kadinlar%20Nicin%20Kilo%20Almaz?%20Mireille%20Guiliano;https://www.google.com/search?q=Fransiz%20Kadinlar%20Nicin%20Kilo%20Almaz?%20Mireille%20Guiliano&tbm=isch;470; ;
1469;Franchise Orgutlenmeler;Jeffrey Alexander;Franchise Orgutlenmeler. Jeffrey Alexander;released;;yes;2000;208;category?;read?;-;tbr?;reread?;H-1;homelibrary;https://www.google.com/search?q=Franchise%20Orgutlenmeler%20Jeffrey%20Alexander;https://www.google.com/search?q=Franchise%20Orgutlenmeler%20Jeffrey%20Alexander&tbm=isch;469; ;
1468;Foya - Modanin Anti-Kapitalist Kitabi;Tansy E. Hoskins;Foya - Modanin Anti-Kapitalist Kitabi. Tansy E. Hoskins;released;;yes;2015;400;category?;read?;-;tbr?;reread?;H-3;homelibrary;https://www.google.com/search?q=Foya%20-%20Modanin%20Anti-Kapitalist%20Kitabi%20Tansy%20E.%20Hoskins;https://www.google.com/search?q=Foya%20-%20Modanin%20Anti-Kapitalist%20Kitabi%20Tansy%20E.%20Hoskins&tbm=isch;468; ;
1467;Fiyatlandirma Sirlari;William Poundstone;Fiyatlandirma Sirlari. William Poundstone;yes;;;2016;432;category?;read?;-;tbr?;reread?;D-2;homelibrary;https://www.google.com/search?q=Fiyatlandirma%20Sirlari%20William%20Poundstone;https://www.google.com/search?q=Fiyatlandirma%20Sirlari%20William%20Poundstone&tbm=isch;467; ;
1466;Fitoterapi (Bitkilerle Tedavi) ve Aromaterapi (Ucucu Yaglarla Tedavi);Nimet Ozata;Fitoterapi (Bitkilerle Tedavi) ve Aromaterapi (Ucucu Yaglarla Tedavi). Nimet Ozata;no;;;2009;172;category?;read?;-;tbr?;reread?;F-9;homelibrary;https://www.google.com/search?q=Fitoterapi%20(Bitkilerle%20Tedavi)%20ve%20Aromaterapi%20(Ucucu%20Yaglarla%20Tedavi)%20Nimet%20Ozata;https://www.google.com/search?q=Fitoterapi%20(Bitkilerle%20Tedavi)%20ve%20Aromaterapi%20(Ucucu%20Yaglarla%20Tedavi)%20Nimet%20Ozata&tbm=isch;466; ;
1465;Finlandiya Egitim Devrimi;Pasi Sahlberg;Finlandiya Egitim Devrimi. Pasi Sahlberg;yes;;;2021;296;category?;read?;-;📋;reread?;C-10;homelibrary;https://www.google.com/search?q=Finlandiya%20Egitim%20Devrimi%20Pasi%20Sahlberg;https://www.google.com/search?q=Finlandiya%20Egitim%20Devrimi%20Pasi%20Sahlberg&tbm=isch;465; ;
1464;Fincandaki Firtina;Helen Czerski;Fincandaki Firtina. Helen Czerski;yes;;;2017;304;category?;read?;-;📋;reread?;D-9;homelibrary;https://www.google.com/search?q=Fincandaki%20Firtina%20Helen%20Czerski;https://www.google.com/search?q=Fincandaki%20Firtina%20Helen%20Czerski&tbm=isch;464; ;
1463;Film Okulunda Orendigim 101 Sey;Neil Landau, Matthew Frederick;Film Okulunda Orendigim 101 Sey. Neil Landau, Matthew Frederick;no;;;2011;101;category?;✅;-;tbr?;reread?;A-9;homelibrary;https://www.google.com/search?q=Film%20Okulunda%20Orendigim%20101%20Sey%20Neil%20Landau,%20Matthew%20Frederick;https://www.google.com/search?q=Film%20Okulunda%20Orendigim%20101%20Sey%20Neil%20Landau,%20Matthew%20Frederick&tbm=isch;463; ;
1462;Filler ve Pireler;Charles Handy;Filler ve Pireler. Charles Handy;no;;;2001;222;category?;read?;-;tbr?;reread?;E-1;homelibrary;https://www.google.com/search?q=Filler%20ve%20Pireler%20Charles%20Handy;https://www.google.com/search?q=Filler%20ve%20Pireler%20Charles%20Handy&tbm=isch;462; ;
1461;Fikrin Sahane - Gercekten Istersen Yapabilirsin;Mr. Wonderful;Fikrin Sahane - Gercekten Istersen Yapabilirsin. Mr. Wonderful;no;;;2018;144;category?;read?;-;📋;reread?;E-5;homelibrary;https://www.google.com/search?q=Fikrin%20Sahane%20-%20Gercekten%20Istersen%20Yapabilirsin%20Mr.%20Wonderful;https://www.google.com/search?q=Fikrin%20Sahane%20-%20Gercekten%20Istersen%20Yapabilirsin%20Mr.%20Wonderful&tbm=isch;461; ;
1460;Fikirler Tek Gecer Akcenizdir;Rod Judkins;Fikirler Tek Gecer Akcenizdir. Rod Judkins;no;;;2018;240;category?;read?;-;tbr?;reread?;F-1;homelibrary;https://www.google.com/search?q=Fikirler%20Tek%20Gecer%20Akcenizdir%20Rod%20Judkins;https://www.google.com/search?q=Fikirler%20Tek%20Gecer%20Akcenizdir%20Rod%20Judkins&tbm=isch;460; ;
1459;Feng Shui Yasamla Uyum ve Denge Sanati;Mirac Atuna;Feng Shui Yasamla Uyum ve Denge Sanati. Mirac Atuna;released;;yes;1999;128;category?;✅;-;tbr?;reread?;H-8;homelibrary;https://www.google.com/search?q=Feng%20Shui%20Yasamla%20Uyum%20ve%20Denge%20Sanati%20Mirac%20Atuna;https://www.google.com/search?q=Feng%20Shui%20Yasamla%20Uyum%20ve%20Denge%20Sanati%20Mirac%20Atuna&tbm=isch;459; ;
1458;Feng Shui Ile Yasamini Yeniden Yarat;Yaron Zafran;Feng Shui Ile Yasamini Yeniden Yarat. Yaron Zafran;released;;yes;2005;150;category?;✅;-;tbr?;reread?;H-8;homelibrary;https://www.google.com/search?q=Feng%20Shui%20Ile%20Yasamini%20Yeniden%20Yarat%20Yaron%20Zafran;https://www.google.com/search?q=Feng%20Shui%20Ile%20Yasamini%20Yeniden%20Yarat%20Yaron%20Zafran&tbm=isch;458; ;
1457;Feng Shui;Kirsten M. Lagatree;Feng Shui. Kirsten M. Lagatree;no;;;1997;112;category?;✅;-;tbr?;reread?;G-6;homelibrary;https://www.google.com/search?q=Feng%20Shui%20Kirsten%20M.%20Lagatree;https://www.google.com/search?q=Feng%20Shui%20Kirsten%20M.%20Lagatree&tbm=isch;457; ;
1456;Feng Shui;Zeynep Akcay;Feng Shui. Zeynep Akcay;released;;yes;2017;200;category?;✅;-;tbr?;reread?;H-8;homelibrary;https://www.google.com/search?q=Feng%20Shui%20Zeynep%20Akcay;https://www.google.com/search?q=Feng%20Shui%20Zeynep%20Akcay&tbm=isch;456; ;
1455;Feminizmler Tarihi;Florence Rochefort;Feminizmler Tarihi. Florence Rochefort;yes;;;2020;108;category?;read?;-;tbr?;reread?;B-8;homelibrary;https://www.google.com/search?q=Feminizmler%20Tarihi%20Florence%20Rochefort;https://www.google.com/search?q=Feminizmler%20Tarihi%20Florence%20Rochefort&tbm=isch;455; ;
1454;Feminist Dusunce - Kapsamli Bir Giris;Rosemarie Tong, Tina Fernandes Botts;Feminist Dusunce - Kapsamli Bir Giris. Rosemarie Tong, Tina Fernandes Botts;yes;;;2021;487;category?;read?;-;tbr?;reread?;B-8;homelibrary;https://www.google.com/search?q=Feminist%20Dusunce%20-%20Kapsamli%20Bir%20Giris%20Rosemarie%20Tong,%20Tina%20Fernandes%20Botts;https://www.google.com/search?q=Feminist%20Dusunce%20-%20Kapsamli%20Bir%20Giris%20Rosemarie%20Tong,%20Tina%20Fernandes%20Botts&tbm=isch;454; ;
1453;Feminist Bir Yasam Surmek;Sara Ahmed;Feminist Bir Yasam Surmek. Sara Ahmed;yes;;;2021;394;category?;read?;-;📋;reread?;B-8;homelibrary;https://www.google.com/search?q=Feminist%20Bir%20Yasam%20Surmek%20Sara%20Ahmed;https://www.google.com/search?q=Feminist%20Bir%20Yasam%20Surmek%20Sara%20Ahmed&tbm=isch;453; ;
1452;Felsefenin Tesellisi;Alain De Botton;Felsefenin Tesellisi. Alain De Botton;yes;;;2015;309;category?;read?;-;📋;reread?;D-4;homelibrary;https://www.google.com/search?q=Felsefenin%20Tesellisi%20Alain%20De%20Botton;https://www.google.com/search?q=Felsefenin%20Tesellisi%20Alain%20De%20Botton&tbm=isch;452; ;
1451;The Organization Man;David Ulrich, Wayne Brockbank;The Organization Man. David Ulrich, Wayne Brockbank;no;;;1956;394;category?;read?;-;tbr?;reread?;F-7;homelibrary;https://www.google.com/search?q=The%20Organization%20Man%20David%20Ulrich,%20Wayne%20Brockbank;https://www.google.com/search?q=The%20Organization%20Man%20David%20Ulrich,%20Wayne%20Brockbank&tbm=isch;451; ;
1450;Felsefe Okuma Rehberi;Nigel Warburton;Felsefe Okuma Rehberi. Nigel Warburton;yes;;;2021;105;category?;✅;-;tbr?;reread?;D-7;homelibrary;https://www.google.com/search?q=Felsefe%20Okuma%20Rehberi%20Nigel%20Warburton;https://www.google.com/search?q=Felsefe%20Okuma%20Rehberi%20Nigel%20Warburton&tbm=isch;450; ;
1449;Felsefe Muhabbetlerine Donus;Nigel Warburton, David Edmonds;Felsefe Muhabbetlerine Donus. Nigel Warburton, David Edmonds;yes;;;2018;312;category?;read?;-;tbr?;reread?;C-3;homelibrary;https://www.google.com/search?q=Felsefe%20Muhabbetlerine%20Donus%20Nigel%20Warburton,%20David%20Edmonds;https://www.google.com/search?q=Felsefe%20Muhabbetlerine%20Donus%20Nigel%20Warburton,%20David%20Edmonds&tbm=isch;449; ;
1448;Felsefe Muhabbetlerine Devam - Gecmisin Buyuk Dusunurleri Uzerine 27 Filozofla;Nigel Warburton, David Edmonds;Felsefe Muhabbetlerine Devam - Gecmisin Buyuk Dusunurleri Uzerine 27 Filozofla. Nigel Warburton, David Edmonds;yes;;;2017;280;category?;read?;-;tbr?;reread?;C-3;homelibrary;https://www.google.com/search?q=Felsefe%20Muhabbetlerine%20Devam%20-%20Gecmisin%20Buyuk%20Dusunurleri%20Uzerine%2027%20Filozofla%20Nigel%20Warburton,%20David%20Edmonds;https://www.google.com/search?q=Felsefe%20Muhabbetlerine%20Devam%20-%20Gecmisin%20Buyuk%20Dusunurleri%20Uzerine%2027%20Filozofla%20Nigel%20Warburton,%20David%20Edmonds&tbm=isch;448; ;
1447;Felsefe Muhabbetleri - 25 Ilginc Konu Uzerine 25 Filozofla;Nigel Warburton, David Edmonds;Felsefe Muhabbetleri - 25 Ilginc Konu Uzerine 25 Filozofla. Nigel Warburton, David Edmonds;yes;;;2016;248;category?;read?;-;tbr?;reread?;C-3;homelibrary;https://www.google.com/search?q=Felsefe%20Muhabbetleri%20-%2025%20Ilginc%20Konu%20Uzerine%2025%20Filozofla%20Nigel%20Warburton,%20David%20Edmonds;https://www.google.com/search?q=Felsefe%20Muhabbetleri%20-%2025%20Ilginc%20Konu%20Uzerine%2025%20Filozofla%20Nigel%20Warburton,%20David%20Edmonds&tbm=isch;447; ;
1446;Farz Edelim ki;Randall Munroe;Farz Edelim ki. Randall Munroe;yes;;;2016;368;category?;read?;-;📋;reread?;D-9;homelibrary;https://www.google.com/search?q=Farz%20Edelim%20ki%20Randall%20Munroe;https://www.google.com/search?q=Farz%20Edelim%20ki%20Randall%20Munroe&tbm=isch;446; ;
1445;Farkindalik (25. Yil Ozel Baskisi);Ellen J. Langer;Farkindalik (25. Yil Ozel Baskisi). Ellen J. Langer;yes;;;2021;272;category?;✅;-;tbr?;📖;G-7;homelibrary;https://www.google.com/search?q=Farkindalik%20(25.%20Yil%20Ozel%20Baskisi)%20Ellen%20J.%20Langer;https://www.google.com/search?q=Farkindalik%20(25.%20Yil%20Ozel%20Baskisi)%20Ellen%20J.%20Langer&tbm=isch;445; ;
1444;Evrim Kurami ve Mekanizmalari;Cagri Mert Bakirci;Evrim Kurami ve Mekanizmalari. Cagri Mert Bakirci;no;;;2016;295;category?;✅;-;tbr?;reread?;D-3;homelibrary;https://www.google.com/search?q=Evrim%20Kurami%20ve%20Mekanizmalari%20Cagri%20Mert%20Bakirci;https://www.google.com/search?q=Evrim%20Kurami%20ve%20Mekanizmalari%20Cagri%20Mert%20Bakirci&tbm=isch;444; ;
1443;Evrim;Francisco J. Ayala;Evrim. Francisco J. Ayala;no;;;2016;216;category?;read?;-;tbr?;reread?;D-3;homelibrary;https://www.google.com/search?q=Evrim%20Francisco%20J.%20Ayala;https://www.google.com/search?q=Evrim%20Francisco%20J.%20Ayala&tbm=isch;443; ;
1442;Evrensel Yasalar - Hayatinizi Aydinlatin;Diana Cooper;Evrensel Yasalar - Hayatinizi Aydinlatin. Diana Cooper;yes;;;2021;224;category?;✅;-;tbr?;reread?;G-7;homelibrary;https://www.google.com/search?q=Evrensel%20Yasalar%20-%20Hayatinizi%20Aydinlatin%20Diana%20Cooper;https://www.google.com/search?q=Evrensel%20Yasalar%20-%20Hayatinizi%20Aydinlatin%20Diana%20Cooper&tbm=isch;442; ;
1441;Evren Sizi Destekleyecek;Gabrielle Bernstein;Evren Sizi Destekleyecek. Gabrielle Bernstein;yes;;;2018;192;category?;✅;-;tbr?;📖;H-8;homelibrary;https://www.google.com/search?q=Evren%20Sizi%20Destekleyecek%20Gabrielle%20Bernstein;https://www.google.com/search?q=Evren%20Sizi%20Destekleyecek%20Gabrielle%20Bernstein&tbm=isch;441; ;
1440;Evinizdeki Terapist;Dennis Greenberger, Christine A. Padesky;Evinizdeki Terapist. Dennis Greenberger, Christine A. Padesky;yes;;;2019;464;category?;read?;-;📋;reread?;B-6;homelibrary;https://www.google.com/search?q=Evinizdeki%20Terapist%20Dennis%20Greenberger,%20Christine%20A.%20Padesky;https://www.google.com/search?q=Evinizdeki%20Terapist%20Dennis%20Greenberger,%20Christine%20A.%20Padesky&tbm=isch;440; ;
1439;Etobur - Otobur Ikilemi;Michael Pollan;Etobur - Otobur Ikilemi. Michael Pollan;yes;;;2009;512;category?;✅;-;tbr?;📖;F-6;homelibrary;https://www.google.com/search?q=Etobur%20-%20Otobur%20Ikilemi%20Michael%20Pollan;https://www.google.com/search?q=Etobur%20-%20Otobur%20Ikilemi%20Michael%20Pollan&tbm=isch;439; ;
1438;Etkin Yonetime Giden Yol Yeni Grid;Robert R. Blake, Jane Srygley Mouton;Etkin Yonetime Giden Yol Yeni Grid. Robert R. Blake, Jane Srygley Mouton;no;;;1989;124;category?;read?;-;tbr?;reread?;H-3;homelibrary;https://www.google.com/search?q=Etkin%20Yonetime%20Giden%20Yol%20Yeni%20Grid%20Robert%20R.%20Blake,%20Jane%20Srygley%20Mouton;https://www.google.com/search?q=Etkin%20Yonetime%20Giden%20Yol%20Yeni%20Grid%20Robert%20R.%20Blake,%20Jane%20Srygley%20Mouton&tbm=isch;438; ;
1437;Etkili Ogrenme Yontemleri;Barbara Oakley, Olav Schewe;Etkili Ogrenme Yontemleri. Barbara Oakley, Olav Schewe;yes;;;2021;160;category?;read?;-;📋;reread?;D-7;homelibrary;https://www.google.com/search?q=Etkili%20Ogrenme%20Yontemleri%20Barbara%20Oakley,%20Olav%20Schewe;https://www.google.com/search?q=Etkili%20Ogrenme%20Yontemleri%20Barbara%20Oakley,%20Olav%20Schewe&tbm=isch;437; ;
1436;Etin Cinsel Politikasi - Feminist - Vejetaryen Elestirel Kuram;Carol J. Adams;Etin Cinsel Politikasi - Feminist - Vejetaryen Elestirel Kuram. Carol J. Adams;yes;;;2017;400;category?;✅;-;tbr?;📖;G-4;homelibrary;https://www.google.com/search?q=Etin%20Cinsel%20Politikasi%20-%20Feminist%20-%20Vejetaryen%20Elestirel%20Kuram%20Carol%20J.%20Adams;https://www.google.com/search?q=Etin%20Cinsel%20Politikasi%20-%20Feminist%20-%20Vejetaryen%20Elestirel%20Kuram%20Carol%20J.%20Adams&tbm=isch;436; ;
1435;Esyanin Dilinden Anlamak;Matthew B. Crawford;Esyanin Dilinden Anlamak. Matthew B. Crawford;yes;;;2019;240;category?;read?;-;tbr?;reread?;B-6;homelibrary;https://www.google.com/search?q=Esyanin%20Dilinden%20Anlamak%20Matthew%20B.%20Crawford;https://www.google.com/search?q=Esyanin%20Dilinden%20Anlamak%20Matthew%20B.%20Crawford&tbm=isch;435; ;
1434;Esyalarin Patriyarkasi - Dunya Kadinlara Neden Uymaz?;Rebekka Endler;Esyalarin Patriyarkasi - Dunya Kadinlara Neden Uymaz?. Rebekka Endler;yes;;;2023;312;category?;✅;-;tbr?;📖;B-6;homelibrary;https://www.google.com/search?q=Esyalarin%20Patriyarkasi%20-%20Dunya%20Kadinlara%20Neden%20Uymaz?%20Rebekka%20%20Endler;https://www.google.com/search?q=Esyalarin%20Patriyarkasi%20-%20Dunya%20Kadinlara%20Neden%20Uymaz?%20Rebekka%20%20Endler&tbm=isch;434; ;
1433;Estetik Cerrahi ve Kulkedisi Masali;Ahmet Karacalar;Estetik Cerrahi ve Kulkedisi Masali. Ahmet Karacalar;yes;;;2011;192;category?;read?;-;tbr?;reread?;B-9;homelibrary;https://www.google.com/search?q=Estetik%20Cerrahi%20ve%20Kulkedisi%20Masali%20Ahmet%20Karacalar;https://www.google.com/search?q=Estetik%20Cerrahi%20ve%20Kulkedisi%20Masali%20Ahmet%20Karacalar&tbm=isch;433; ;
1432;Esitsizligin Bedeli - Bugunun Bolunmus Toplumu Gelecegimizi Nasil Tehlikeye Atiyor ?;Joseph E. Stiglitz;Esitsizligin Bedeli - Bugunun Bolunmus Toplumu Gelecegimizi Nasil Tehlikeye Atiyor ?. Joseph E. Stiglitz;yes;;;2016;375;category?;read?;-;tbr?;reread?;H-1;homelibrary;https://www.google.com/search?q=Esitsizligin%20Bedeli%20-%20Bugunun%20Bolunmus%20Toplumu%20Gelecegimizi%20Nasil%20Tehlikeye%20Atiyor%20?%20Joseph%20E.%20Stiglitz;https://www.google.com/search?q=Esitsizligin%20Bedeli%20-%20Bugunun%20Bolunmus%20Toplumu%20Gelecegimizi%20Nasil%20Tehlikeye%20Atiyor%20?%20Joseph%20E.%20Stiglitz&tbm=isch;432; ;
1431;Erteleme Sanati - Oyalanma, Savsaklama ve Kaytarma Rehberi;John Perry;Erteleme Sanati - Oyalanma, Savsaklama ve Kaytarma Rehberi. John Perry;released;;yes;2016;118;category?;read?;-;tbr?;reread?;H-3;homelibrary;https://www.google.com/search?q=Erteleme%20Sanati%20-%20Oyalanma,%20Savsaklama%20ve%20Kaytarma%20Rehberi%20John%20Perry;https://www.google.com/search?q=Erteleme%20Sanati%20-%20Oyalanma,%20Savsaklama%20ve%20Kaytarma%20Rehberi%20John%20Perry&tbm=isch;431; ;
1430;Erteleme - Nedenleri ve Cozumleri;Nihan Kaya;Erteleme - Nedenleri ve Cozumleri. Nihan Kaya;yes;;;2023;200;category?;✅;-;tbr?;📖;A-9;homelibrary;https://www.google.com/search?q=Erteleme%20-%20Nedenleri%20ve%20Cozumleri%20Nihan%20Kaya;https://www.google.com/search?q=Erteleme%20-%20Nedenleri%20ve%20Cozumleri%20Nihan%20Kaya&tbm=isch;430; ;
1429;Erkeklerin Gelecegi;Ira Matathia, Ann O'Relly, Marian Salzman;Erkeklerin Gelecegi. Ira Matathia, Ann O'Relly, Marian Salzman;released;;yes;2006;384;category?;read?;-;tbr?;reread?;A-2;homelibrary;https://www.google.com/search?q=Erkeklerin%20Gelecegi%20Ira%20Matathia,%20Ann%20O%27Relly,%20Marian%20Salzman;https://www.google.com/search?q=Erkeklerin%20Gelecegi%20Ira%20Matathia,%20Ann%20O%27Relly,%20Marian%20Salzman&tbm=isch;429; ;
1428;Erkeklere Pazarlama;Mark Tungate;Erkeklere Pazarlama. Mark Tungate;no;;;2008;240;category?;read?;-;tbr?;reread?;A-3;homelibrary;https://www.google.com/search?q=Erkeklere%20Pazarlama%20Mark%20Tungate;https://www.google.com/search?q=Erkeklere%20Pazarlama%20Mark%20Tungate&tbm=isch;428; ;
1427;Ergen Beyninin Gizli Yasami;Sarah Jayne Blakemore;Ergen Beyninin Gizli Yasami. Sarah Jayne Blakemore;yes;;;2022;296;category?;read?;-;📋;reread?;A-4;homelibrary;https://www.google.com/search?q=Ergen%20Beyninin%20Gizli%20Yasami%20Sarah%20Jayne%20Blakemore;https://www.google.com/search?q=Ergen%20Beyninin%20Gizli%20Yasami%20Sarah%20Jayne%20Blakemore&tbm=isch;427; ;
1426;Ergen Beyni;Frances E. Jensen, Amy Ellis Nut;Ergen Beyni. Frances E. Jensen, Amy Ellis Nut;yes;;;2021;376;category?;read?;-;📋;reread?;A-4;homelibrary;https://www.google.com/search?q=Ergen%20Beyni%20Frances%20E.%20Jensen,%20Amy%20Ellis%20Nut;https://www.google.com/search?q=Ergen%20Beyni%20Frances%20E.%20Jensen,%20Amy%20Ellis%20Nut&tbm=isch;426; ;
1425;Entropi - Dunyaya Yeni Bir Bakis;Jeremy Rifkin, Ted Howard;Entropi - Dunyaya Yeni Bir Bakis. Jeremy Rifkin, Ted Howard;yes;;;2010;280;category?;read?;-;tbr?;reread?;F-2;homelibrary;https://www.google.com/search?q=Entropi%20-%20Dunyaya%20Yeni%20Bir%20Bakis%20Jeremy%20Rifkin,%20Ted%20Howard;https://www.google.com/search?q=Entropi%20-%20Dunyaya%20Yeni%20Bir%20Bakis%20Jeremy%20Rifkin,%20Ted%20Howard&tbm=isch;425; ;
1424;Entellektuel Sermaye;Thomas A. Stewart;Entellektuel Sermaye. Thomas A. Stewart;no;;;2000;338;category?;read?;-;tbr?;reread?;E-1;homelibrary;https://www.google.com/search?q=Entellektuel%20Sermaye%20Thomas%20A.%20Stewart;https://www.google.com/search?q=Entellektuel%20Sermaye%20Thomas%20A.%20Stewart&tbm=isch;424; ;
1423;Entelektuelin Gelecegi;Alvin W. Gouldner;Entelektuelin Gelecegi. Alvin W. Gouldner;yes;;;1993;190;category?;read?;-;tbr?;reread?;C-9;homelibrary;https://www.google.com/search?q=Entelektuelin%20Gelecegi%20Alvin%20W.%20Gouldner;https://www.google.com/search?q=Entelektuelin%20Gelecegi%20Alvin%20W.%20Gouldner&tbm=isch;423; ;
1422;Entelektuel - Surgun Marjinal Yabanci;Edward W. Said;Entelektuel - Surgun Marjinal Yabanci. Edward W. Said;n/a;;;2021;128;category?;read?;-;tbr?;reread?;F-5;house-2;https://www.google.com/search?q=Entelektuel%20-%20Surgun%20Marjinal%20Yabanci%20Edward%20W.%20Said;https://www.google.com/search?q=Entelektuel%20-%20Surgun%20Marjinal%20Yabanci%20Edward%20W.%20Said&tbm=isch;422; ;
1421;Engel Yolun Kendisidir;Ryan Holiday;Engel Yolun Kendisidir. Ryan Holiday;released;;yes;2015;192;category?;read?;-;tbr?;reread?;B-1;homelibrary;https://www.google.com/search?q=Engel%20Yolun%20Kendisidir%20Ryan%20Holiday;https://www.google.com/search?q=Engel%20Yolun%20Kendisidir%20Ryan%20Holiday&tbm=isch;421; ;
1420;Enformasyonun Sosyal Yasami;John Seely Brown, Paul Duguid;Enformasyonun Sosyal Yasami. John Seely Brown, Paul Duguid;released;;yes;2001;256;category?;read?;-;tbr?;reread?;D-1;homelibrary;https://www.google.com/search?q=Enformasyonun%20Sosyal%20Yasami%20John%20Seely%20Brown,%20Paul%20Duguid;https://www.google.com/search?q=Enformasyonun%20Sosyal%20Yasami%20John%20Seely%20Brown,%20Paul%20Duguid&tbm=isch;420; ;
1419;Enformasyon ve Modern Sirket;James W. Cortada;Enformasyon ve Modern Sirket. James W. Cortada;no;;;2017;160;category?;read?;-;tbr?;reread?;E-2;homelibrary;https://www.google.com/search?q=Enformasyon%20ve%20Modern%20Sirket%20James%20W.%20Cortada;https://www.google.com/search?q=Enformasyon%20ve%20Modern%20Sirket%20James%20W.%20Cortada&tbm=isch;419; ;
1418;Enformasyon Bombasi;Paul Virilio;Enformasyon Bombasi. Paul Virilio;n/a;;;2021;144;Technology & the Digital World;✅;-;tbr?;📖;C-7;house-2;https://www.google.com/search?q=Enformasyon%20Bombasi%20Paul%20Virilio;https://www.google.com/search?q=Enformasyon%20Bombasi%20Paul%20Virilio&tbm=isch;418; ;
1417;Enformasyon;James Gleick;Enformasyon. James Gleick;yes;;;2014;456;category?;read?;-;tbr?;reread?;D-6;homelibrary;https://www.google.com/search?q=Enformasyon%20James%20Gleick;https://www.google.com/search?q=Enformasyon%20James%20Gleick&tbm=isch;417; ;
1416;Enfokrasi - Dijitallesme ve Demokrasinin Krizi;Byung-Chul Han;Enfokrasi - Dijitallesme ve Demokrasinin Krizi. Byung-Chul Han;yes;;;2022;72;category?;read?;-;📋;reread?;C-8;homelibrary;https://www.google.com/search?q=Enfokrasi%20-%20Dijitallesme%20ve%20Demokrasinin%20Krizi%20Byung-Chul%20Han;https://www.google.com/search?q=Enfokrasi%20-%20Dijitallesme%20ve%20Demokrasinin%20Krizi%20Byung-Chul%20Han&tbm=isch;416; ;
1415;Enfes Dunya Kahveleri;Kollektif;Enfes Dunya Kahveleri. Kollektif;no;;;2016;64;category?;read?;-;tbr?;reread?;G-6;homelibrary;https://www.google.com/search?q=Enfes%20Dunya%20Kahveleri%20Kollektif;https://www.google.com/search?q=Enfes%20Dunya%20Kahveleri%20Kollektif&tbm=isch;415; ;
1414;En Iyi Elemani Ise Almak ve Elde Tutmak;Richard Luecke;En Iyi Elemani Ise Almak ve Elde Tutmak. Richard Luecke;no;;;2009;200;category?;read?;-;tbr?;reread?;H-1;homelibrary;https://www.google.com/search?q=En%20Iyi%20Elemani%20Ise%20Almak%20ve%20Elde%20Tutmak%20Richard%20Luecke;https://www.google.com/search?q=En%20Iyi%20Elemani%20Ise%20Almak%20ve%20Elde%20Tutmak%20Richard%20Luecke&tbm=isch;414; ;
1413;Elon Musk - Tesla, Spacex ve Muhtesem Gelecegin Pesinde;Ashlee Vance;Elon Musk - Tesla, Spacex ve Muhtesem Gelecegin Pesinde. Ashlee Vance;no;;;2016;448;category?;✅;-;tbr?;reread?;D-3;homelibrary;https://www.google.com/search?q=Elon%20Musk%20-%20Tesla,%20Spacex%20ve%20Muhtesem%20Gelecegin%20Pesinde%20Ashlee%20Vance;https://www.google.com/search?q=Elon%20Musk%20-%20Tesla,%20Spacex%20ve%20Muhtesem%20Gelecegin%20Pesinde%20Ashlee%20Vance&tbm=isch;413; ;
1412;Elestirel Dusunme Kilavuzu;Tracy Bowell, Gary Kem;Elestirel Dusunme Kilavuzu. Tracy Bowell, Gary Kem;yes;;;2018;353;category?;read?;-;📋;reread?;D-6;homelibrary;https://www.google.com/search?q=Elestirel%20Dusunme%20Kilavuzu%20Tracy%20Bowell,%20Gary%20Kem;https://www.google.com/search?q=Elestirel%20Dusunme%20Kilavuzu%20Tracy%20Bowell,%20Gary%20Kem&tbm=isch;412; ;
1411;Elestirel Dusunme Icin Bir Rehber;Vincent Ryan Ruggiero;Elestirel Dusunme Icin Bir Rehber. Vincent Ryan Ruggiero;yes;;;2017;367;category?;read?;-;📋;reread?;C-9;homelibrary;https://www.google.com/search?q=Elestirel%20Dusunme%20Icin%20Bir%20Rehber%20Vincent%20Ryan%20Ruggiero;https://www.google.com/search?q=Elestirel%20Dusunme%20Icin%20Bir%20Rehber%20Vincent%20Ryan%20Ruggiero&tbm=isch;411; ;
1410;Ekspres;Eda Albayrak;Ekspres. Eda Albayrak;yes;;;2017;136;category?;read?;-;tbr?;reread?;D-9;homelibrary;https://www.google.com/search?q=Ekspres%20Eda%20Albayrak;https://www.google.com/search?q=Ekspres%20Eda%20Albayrak&tbm=isch;410; ;
1409;Ekonominin Cokusu;Alvin Toffler;Ekonominin Cokusu. Alvin Toffler;yes;;;1996;128;category?;read?;-;📋;reread?;E-3;homelibrary;https://www.google.com/search?q=Ekonominin%20Cokusu%20Alvin%20Toffler;https://www.google.com/search?q=Ekonominin%20Cokusu%20Alvin%20Toffler&tbm=isch;409; ;
1408;Ekonomi Rehberi;Ha-Joon Chang;Ekonomi Rehberi. Ha-Joon Chang;no;;;2017;448;category?;read?;-;tbr?;reread?;A-8;homelibrary;https://www.google.com/search?q=Ekonomi%20Rehberi%20Ha-Joon%20Chang;https://www.google.com/search?q=Ekonomi%20Rehberi%20Ha-Joon%20Chang&tbm=isch;408; ;
1407;Ekokoy Findhorn;Kolektif;Ekokoy Findhorn. Kolektif;no;;;2018;304;category?;read?;-;tbr?;reread?;F-6;homelibrary;https://www.google.com/search?q=Ekokoy%20Findhorn%20Kolektif;https://www.google.com/search?q=Ekokoy%20Findhorn%20Kolektif&tbm=isch;407; ;
1406;Ekofeminizm;Vandana Shiva, Maria Mies;Ekofeminizm. Vandana Shiva, Maria Mies;yes;;;2018;500;category?;read?;-;tbr?;reread?;B-8;homelibrary;https://www.google.com/search?q=Ekofeminizm%20Vandana%20Shiva,%20Maria%20Mies;https://www.google.com/search?q=Ekofeminizm%20Vandana%20Shiva,%20Maria%20Mies&tbm=isch;406; ;
1405;Ego Dusmanindir;Ryan Holiday;Ego Dusmanindir. Ryan Holiday;released;;yes;2017;220;category?;read?;-;tbr?;reread?;B-1;homelibrary;https://www.google.com/search?q=Ego%20Dusmanindir%20Ryan%20Holiday;https://www.google.com/search?q=Ego%20Dusmanindir%20Ryan%20Holiday&tbm=isch;405; ;
1404;Egitimli Akil - Olaylarin ve Standart Testlerin Otesinde, Her Cocugun Hak Ettigi Egitim Sistemi;Howard Gardner;Egitimli Akil - Olaylarin ve Standart Testlerin Otesinde, Her Cocugun Hak Ettigi Egitim Sistemi. Howard Gardner;yes;;;2006;263;category?;read?;-;tbr?;reread?;A-10;homelibrary;https://www.google.com/search?q=Egitimli%20Akil%20-%20Olaylarin%20ve%20Standart%20Testlerin%20Otesinde,%20Her%20Cocugun%20Hak%20Ettigi%20Egitim%20Sistemi%20Howard%20Gardner;https://www.google.com/search?q=Egitimli%20Akil%20-%20Olaylarin%20ve%20Standart%20Testlerin%20Otesinde,%20Her%20Cocugun%20Hak%20Ettigi%20Egitim%20Sistemi%20Howard%20Gardner&tbm=isch;404; ;
1403;Egitimde Finlandiya Modeli;Pasi Sahlberg;Egitimde Finlandiya Modeli. Pasi Sahlberg;yes;;;2018;128;Society & Culture;✅;-;tbr?;reread?;C-10;homelibrary;https://www.google.com/search?q=Egitimde%20Finlandiya%20Modeli%20Pasi%20Sahlberg;https://www.google.com/search?q=Egitimde%20Finlandiya%20Modeli%20Pasi%20Sahlberg&tbm=isch;403; ;
1402;Egitim - Bir Kitle Imha Silahi;John Taylor Gatto;Egitim - Bir Kitle Imha Silahi. John Taylor Gatto;yes;;;2017;276;category?;read?;-;tbr?;reread?;A-10;homelibrary;https://www.google.com/search?q=Egitim%20-%20Bir%20Kitle%20Imha%20Silahi%20John%20Taylor%20Gatto;https://www.google.com/search?q=Egitim%20-%20Bir%20Kitle%20Imha%20Silahi%20John%20Taylor%20Gatto&tbm=isch;402; ;
1401;Egitim Programlarinin Gelistirilmesinde Ihtiyac Analizi El Kitabi;Oktay Cem Adiguzel;Egitim Programlarinin Gelistirilmesinde Ihtiyac Analizi El Kitabi. Oktay Cem Adiguzel;no;;;2016;136;category?;read?;-;tbr?;reread?;A-1;homelibrary;https://www.google.com/search?q=Egitim%20Programlarinin%20Gelistirilmesinde%20Ihtiyac%20Analizi%20El%20Kitabi%20Oktay%20Cem%20Adiguzel;https://www.google.com/search?q=Egitim%20Programlarinin%20Gelistirilmesinde%20Ihtiyac%20Analizi%20El%20Kitabi%20Oktay%20Cem%20Adiguzel&tbm=isch;401; ;
1400;Efsaneler ve Gercekler - Pazarlama Nasil Yapilir?;Temel Aksoy;Efsaneler ve Gercekler - Pazarlama Nasil Yapilir?. Temel Aksoy;released;;yes;2017;292;category?;read?;-;tbr?;reread?;F-1;homelibrary;https://www.google.com/search?q=Efsaneler%20ve%20Gercekler%20-%20Pazarlama%20Nasil%20Yapilir?%20Temel%20Aksoy;https://www.google.com/search?q=Efsaneler%20ve%20Gercekler%20-%20Pazarlama%20Nasil%20Yapilir?%20Temel%20Aksoy&tbm=isch;400; ;
1399;Editor Ne Is Yapar? - Sanat, Zanaat ve Ticaret Ucgeninde Kitap Editorlugu;Peter Ginna;Editor Ne Is Yapar? - Sanat, Zanaat ve Ticaret Ucgeninde Kitap Editorlugu. Peter Ginna;yes;;;2020;328;category?;read?;-;📋;reread?;D-5;homelibrary;https://www.google.com/search?q=Editor%20Ne%20Is%20Yapar?%20-%20Sanat,%20Zanaat%20ve%20Ticaret%20Ucgeninde%20Kitap%20Editorlugu%20Peter%20Ginna;https://www.google.com/search?q=Editor%20Ne%20Is%20Yapar?%20-%20Sanat,%20Zanaat%20ve%20Ticaret%20Ucgeninde%20Kitap%20Editorlugu%20Peter%20Ginna&tbm=isch;399; ;
1398;Ebeveynlerimize Neden Borclu Degiliz?;Barbara Bleisch;Ebeveynlerimize Neden Borclu Degiliz?. Barbara Bleisch;yes;;;2022;144;category?;✅;-;tbr?;📖;B-6;homelibrary;https://www.google.com/search?q=Ebeveynlerimize%20Neden%20Borclu%20Degiliz?%20Barbara%20Bleisch;https://www.google.com/search?q=Ebeveynlerimize%20Neden%20Borclu%20Degiliz?%20Barbara%20Bleisch&tbm=isch;398; ;
1397;Tomorrow's - 48 Thought Leaders Call for Change;Dave Ulrich, Michael R. Losey, Gerry Lake;Tomorrow's - 48 Thought Leaders Call for Change. Dave Ulrich, Michael R. Losey, Gerry Lake;no;;;1997;387;category?;read?;-;tbr?;reread?;H-7;homelibrary;https://www.google.com/search?q=Tomorrow%27s%20-%2048%20Thought%20Leaders%20Call%20for%20Change%20Dave%20Ulrich,%20Michael%20R.%20Losey,%20Gerry%20Lake;https://www.google.com/search?q=Tomorrow%27s%20-%2048%20Thought%20Leaders%20Call%20for%20Change%20Dave%20Ulrich,%20Michael%20R.%20Losey,%20Gerry%20Lake&tbm=isch;397; ;
1396;E-Sosyal Toplum - Dijital Cagda Sosyal Medyanin Is ve Gundelik Hayata Etkisi;Jeff Jarvis;E-Sosyal Toplum - Dijital Cagda Sosyal Medyanin Is ve Gundelik Hayata Etkisi. Jeff Jarvis;no;;;2012;304;Technology & the Digital World;✅;-;tbr?;📖;G-1;homelibrary;https://www.google.com/search?q=E-Sosyal%20Toplum%20-%20Dijital%20Cagda%20Sosyal%20Medyanin%20Is%20ve%20Gundelik%20Hayata%20Etkisi%20Jeff%20Jarvis;https://www.google.com/search?q=E-Sosyal%20Toplum%20-%20Dijital%20Cagda%20Sosyal%20Medyanin%20Is%20ve%20Gundelik%20Hayata%20Etkisi%20Jeff%20Jarvis&tbm=isch;396; ;
1395;Duz Dunyada Rekabet;Yoram Jerry Wind, Victor K. Fung, William K. Fung;Duz Dunyada Rekabet. Yoram Jerry Wind, Victor K. Fung, William K. Fung;released;;yes;2009;268;category?;read?;-;tbr?;reread?;H-2;homelibrary;https://www.google.com/search?q=Duz%20Dunyada%20Rekabet%20Yoram%20Jerry%20Wind,%20Victor%20K.%20Fung,%20William%20K.%20Fung;https://www.google.com/search?q=Duz%20Dunyada%20Rekabet%20Yoram%20Jerry%20Wind,%20Victor%20K.%20Fung,%20William%20K.%20Fung&tbm=isch;395; ;
1394;Duyular ve Marka;Martin Lindstrom;Duyular ve Marka. Martin Lindstrom;no;;;2006;250;category?;read?;-;tbr?;reread?;A-2;homelibrary;https://www.google.com/search?q=Duyular%20ve%20Marka%20Martin%20Lindstrom;https://www.google.com/search?q=Duyular%20ve%20Marka%20Martin%20Lindstrom&tbm=isch;394; ;
1393;The HR Scorecard - Linking People, Strategy, and Performance;Brian E. Becker, Mark A. Huselid, David Ulrich;The HR Scorecard - Linking People, Strategy, and Performance. Brian E. Becker, Mark A. Huselid, David Ulrich;no;;;2001;235;category?;read?;-;tbr?;reread?;H-7;homelibrary;https://www.google.com/search?q=The%20HR%20Scorecard%20-%20Linking%20People,%20Strategy,%20and%20Performance%20Brian%20E.%20Becker,%20Mark%20A.%20Huselid,%20David%20Ulrich;https://www.google.com/search?q=The%20HR%20Scorecard%20-%20Linking%20People,%20Strategy,%20and%20Performance%20Brian%20E.%20Becker,%20Mark%20A.%20Huselid,%20David%20Ulrich&tbm=isch;393; ;
1392;Duygusal Zeka;Daniel Goleman;Duygusal Zeka. Daniel Goleman;yes;;;2018;440;category?;read?;-;tbr?;reread?;B-1;homelibrary;https://www.google.com/search?q=Duygusal%20Zeka%20Daniel%20Goleman;https://www.google.com/search?q=Duygusal%20Zeka%20Daniel%20Goleman&tbm=isch;392; ;
1391;Duygusal Miras - Bir Terapist, Danisanlari ve Kalitsal Aile Travmalari;Galit Atlas;Duygusal Miras - Bir Terapist, Danisanlari ve Kalitsal Aile Travmalari. Galit Atlas;yes;;;2022;224;category?;read?;-;📋;reread?;A-7;homelibrary;https://www.google.com/search?q=Duygusal%20Miras%20-%20Bir%20Terapist,%20Danisanlari%20ve%20Kalitsal%20Aile%20Travmalari%20Galit%20Atlas;https://www.google.com/search?q=Duygusal%20Miras%20-%20Bir%20Terapist,%20Danisanlari%20ve%20Kalitsal%20Aile%20Travmalari%20Galit%20Atlas&tbm=isch;391; ;
1390;Duygusal Devlet - Devletler Icin Mutluluk Yonetimi;Zeki Turgut Gezgez;Duygusal Devlet - Devletler Icin Mutluluk Yonetimi. Zeki Turgut Gezgez;no;;;2015;152;category?;read?;-;tbr?;reread?;G-2;homelibrary;https://www.google.com/search?q=Duygusal%20Devlet%20-%20Devletler%20Icin%20Mutluluk%20Yonetimi%20Zeki%20Turgut%20Gezgez;https://www.google.com/search?q=Duygusal%20Devlet%20-%20Devletler%20Icin%20Mutluluk%20Yonetimi%20Zeki%20Turgut%20Gezgez&tbm=isch;390; ;
1389;Duygusal Denklemler;Chip Conley;Duygusal Denklemler. Chip Conley;yes;;;2013;336;category?;read?;-;📋;reread?;C-7;homelibrary;https://www.google.com/search?q=Duygusal%20Denklemler%20Chip%20Conley;https://www.google.com/search?q=Duygusal%20Denklemler%20Chip%20Conley&tbm=isch;389; ;
1388;Duygusal Ceviklik;Susan David;Duygusal Ceviklik. Susan David;yes;;;2018;296;category?;read?;-;📋;reread?;C-6;homelibrary;https://www.google.com/search?q=Duygusal%20Ceviklik%20Susan%20David;https://www.google.com/search?q=Duygusal%20Ceviklik%20Susan%20David&tbm=isch;388; ;
1387;Duygusal Aclik;Doreen Virtue;Duygusal Aclik. Doreen Virtue;yes;;;2020;376;category?;✅;-;tbr?;📖;B-6;homelibrary;https://www.google.com/search?q=Duygusal%20Aclik%20Doreen%20Virtue;https://www.google.com/search?q=Duygusal%20Aclik%20Doreen%20Virtue&tbm=isch;387; ;
1386;Duygularin Kulturel Politikasi;Sara Ahmed;Duygularin Kulturel Politikasi. Sara Ahmed;n/a;;;2019;280;category?;read?;-;📋;reread?;B-6;house-2;https://www.google.com/search?q=Duygularin%20Kulturel%20Politikasi%20Sara%20Ahmed;https://www.google.com/search?q=Duygularin%20Kulturel%20Politikasi%20Sara%20Ahmed&tbm=isch;386; ;
1385;Duyarli Makine - Yapay Zekanin Olgunluk Cagi;Amir Husain;Duyarli Makine - Yapay Zekanin Olgunluk Cagi. Amir Husain;yes;;;2019;218;category?;✅;-;tbr?;reread?;C-5;homelibrary;https://www.google.com/search?q=Duyarli%20Makine%20-%20Yapay%20Zekanin%20Olgunluk%20Cagi%20Amir%20Husain;https://www.google.com/search?q=Duyarli%20Makine%20-%20Yapay%20Zekanin%20Olgunluk%20Cagi%20Amir%20Husain&tbm=isch;385; ;
1384;Duyarli - Gurultulu, Hizli ve Surekli Ustumuze Gelen Dunyada Asiri Hassas Olmanin Sakli Gucu;Jenn Granneman, Andre Sólo;Duyarli - Gurultulu, Hizli ve Surekli Ustumuze Gelen Dunyada Asiri Hassas Olmanin Sakli Gucu. Jenn Granneman, Andre Sólo;yes;;;2023;320;category?;read?;-;📋;reread?;C-6;homelibrary;https://www.google.com/search?q=Duyarli%20-%20Gurultulu,%20Hizli%20ve%20Surekli%20Ustumuze%20Gelen%20Dunyada%20Asiri%20Hassas%20Olmanin%20Sakli%20Gucu%20Jenn%20Granneman,%20Andre%20S%C3%B3lo;https://www.google.com/search?q=Duyarli%20-%20Gurultulu,%20Hizli%20ve%20Surekli%20Ustumuze%20Gelen%20Dunyada%20Asiri%20Hassas%20Olmanin%20Sakli%20Gucu%20Jenn%20Granneman,%20Andre%20S%C3%B3lo&tbm=isch;384; ;
1383;Dusunuyorum Oyleyse Deliyim;Jochen Mai, Daniel Rettig;Dusunuyorum Oyleyse Deliyim. Jochen Mai, Daniel Rettig;yes;;;2015;384;category?;read?;-;tbr?;reread?;D-6;homelibrary;https://www.google.com/search?q=Dusunuyorum%20Oyleyse%20Deliyim%20Jochen%20Mai,%20Daniel%20Rettig;https://www.google.com/search?q=Dusunuyorum%20Oyleyse%20Deliyim%20Jochen%20Mai,%20Daniel%20Rettig&tbm=isch;383; ;
1382;Dusunmeden Satin Aldiklarimizin Ardindaki Sasirtici Kuvvetler;Harry Beckwith;Dusunmeden Satin Aldiklarimizin Ardindaki Sasirtici Kuvvetler. Harry Beckwith;no;;;2012;252;category?;read?;-;tbr?;reread?;A-2;homelibrary;https://www.google.com/search?q=Dusunmeden%20Satin%20Aldiklarimizin%20Ardindaki%20Sasirtici%20Kuvvetler%20Harry%20Beckwith;https://www.google.com/search?q=Dusunmeden%20Satin%20Aldiklarimizin%20Ardindaki%20Sasirtici%20Kuvvetler%20Harry%20Beckwith&tbm=isch;382; ;
1381;Dusunme Konusunda Neden Dusundugumuzden Daha Kotuyuz;Alan Jacobs;Dusunme Konusunda Neden Dusundugumuzden Daha Kotuyuz. Alan Jacobs;yes;;;2019;144;category?;read?;-;📋;reread?;D-5;homelibrary;https://www.google.com/search?q=Dusunme%20Konusunda%20Neden%20Dusundugumuzden%20Daha%20Kotuyuz%20Alan%20Jacobs;https://www.google.com/search?q=Dusunme%20Konusunda%20Neden%20Dusundugumuzden%20Daha%20Kotuyuz%20Alan%20Jacobs&tbm=isch;381; ;
1380;Dusuncenin Iyilestirici Gucu;Louise L. Hay;Dusuncenin Iyilestirici Gucu. Louise L. Hay;yes;;;2019;225;category?;read?;-;📋;reread?;G-7;homelibrary;https://www.google.com/search?q=Dusuncenin%20Iyilestirici%20Gucu%20Louise%20L.%20Hay;https://www.google.com/search?q=Dusuncenin%20Iyilestirici%20Gucu%20Louise%20L.%20Hay&tbm=isch;380; ;
1379;Dusuncenin Gucu - Insan Ne Dusunuyorsa Odur;James Allen;Dusuncenin Gucu - Insan Ne Dusunuyorsa Odur. James Allen;yes;;;2008;152;category?;read?;-;📋;reread?;G-6;homelibrary;https://www.google.com/search?q=Dusuncenin%20Gucu%20-%20Insan%20Ne%20Dusunuyorsa%20Odur%20James%20Allen;https://www.google.com/search?q=Dusuncenin%20Gucu%20-%20Insan%20Ne%20Dusunuyorsa%20Odur%20James%20Allen&tbm=isch;379; ;
1378;Dusuncenin Cografyasi;Richard E. Nisbett;Dusuncenin Cografyasi. Richard E. Nisbett;yes;;;2017;200;category?;read?;-;📋;reread?;C-6;homelibrary;https://www.google.com/search?q=Dusuncenin%20Cografyasi%20Richard%20E.%20Nisbett;https://www.google.com/search?q=Dusuncenin%20Cografyasi%20Richard%20E.%20Nisbett&tbm=isch;378; ;
1377;Dusuncenin Acimasiz Basitligi;Maurice Saatchi;Dusuncenin Acimasiz Basitligi. Maurice Saatchi;yes;;;2015;112;category?;✅;-;tbr?;📖;E-4;homelibrary;https://www.google.com/search?q=Dusuncenin%20Acimasiz%20Basitligi%20Maurice%20Saatchi;https://www.google.com/search?q=Dusuncenin%20Acimasiz%20Basitligi%20Maurice%20Saatchi&tbm=isch;377; ;
1376;Dusuncede Kaybolus;Zena Hitz;Dusuncede Kaybolus. Zena Hitz;yes;;;2023;231;category?;read?;-;📋;reread?;D-6;homelibrary;https://www.google.com/search?q=Dusuncede%20Kaybolus%20Zena%20Hitz;https://www.google.com/search?q=Dusuncede%20Kaybolus%20Zena%20Hitz&tbm=isch;376; ;
1375;Dusunce Hizinda Calismak;Bill Gates;Dusunce Hizinda Calismak. Bill Gates;released;;yes;1999;422;category?;read?;-;tbr?;reread?;H-1;homelibrary;https://www.google.com/search?q=Dusunce%20Hizinda%20Calismak%20Bill%20Gates;https://www.google.com/search?q=Dusunce%20Hizinda%20Calismak%20Bill%20Gates&tbm=isch;375; ;
1374;Dusunce Gucuyle Tedavi;Louise L. Hay;Dusunce Gucuyle Tedavi. Louise L. Hay;yes;;;2019;208;category?;✅;-;tbr?;reread?;F-3;homelibrary;https://www.google.com/search?q=Dusunce%20Gucuyle%20Tedavi%20Louise%20L.%20Hay;https://www.google.com/search?q=Dusunce%20Gucuyle%20Tedavi%20Louise%20L.%20Hay&tbm=isch;374; ;
1373;Dus Toplumu;Rolf Jensen;Dus Toplumu. Rolf Jensen;yes;;;2003;213;category?;read?;-;tbr?;reread?;F-3;homelibrary;https://www.google.com/search?q=Dus%20Toplumu%20Rolf%20Jensen;https://www.google.com/search?q=Dus%20Toplumu%20Rolf%20Jensen&tbm=isch;373; ;
1372;Durustluk Cagi - Dijital Dunyada Iletisim ve Itibar Yonetimi;Gini Dietrich;Durustluk Cagi - Dijital Dunyada Iletisim ve Itibar Yonetimi. Gini Dietrich;no;;;2016;20;category?;read?;-;tbr?;reread?;C-3;homelibrary;https://www.google.com/search?q=Durustluk%20Cagi%20-%20Dijital%20Dunyada%20Iletisim%20ve%20Itibar%20Yonetimi%20Gini%20Dietrich;https://www.google.com/search?q=Durustluk%20Cagi%20-%20Dijital%20Dunyada%20Iletisim%20ve%20Itibar%20Yonetimi%20Gini%20Dietrich&tbm=isch;372; ;
1371;Durust Olmamanin Ardindaki (Durust) Gercek;Dan Ariely;Durust Olmamanin Ardindaki (Durust) Gercek. Dan Ariely;yes;;;2013;253;category?;✅;-;tbr?;📖;D-7;homelibrary;https://www.google.com/search?q=Durust%20Olmamanin%20Ardindaki%20(Durust)%20Gercek%20Dan%20Ariely;https://www.google.com/search?q=Durust%20Olmamanin%20Ardindaki%20(Durust)%20Gercek%20Dan%20Ariely&tbm=isch;371; ;
1370;Durtu - Sebebini Bilmeden Yaptiklarimizin Arkasindaki Neden;David Lewis;Durtu - Sebebini Bilmeden Yaptiklarimizin Arkasindaki Neden. David Lewis;yes;;;2015;312;category?;read?;-;tbr?;reread?;C-10;homelibrary;https://www.google.com/search?q=Durtu%20-%20Sebebini%20Bilmeden%20Yaptiklarimizin%20Arkasindaki%20Neden%20David%20Lewis;https://www.google.com/search?q=Durtu%20-%20Sebebini%20Bilmeden%20Yaptiklarimizin%20Arkasindaki%20Neden%20David%20Lewis&tbm=isch;370; ;
1369;Durtme;Cass R. Sunstein, Richard H. Thaler;Durtme. Cass R. Sunstein, Richard H. Thaler;n/a;;;2013;336;category?;read?;-;📋;reread?;D-6;house-2;https://www.google.com/search?q=Durtme%20Cass%20R.%20Sunstein,%20Richard%20H.%20Thaler;https://www.google.com/search?q=Durtme%20Cass%20R.%20Sunstein,%20Richard%20H.%20Thaler&tbm=isch;369; ;
1368;Durdugum Yer Benim Degil;Cigdem Anad;Durdugum Yer Benim Degil. Cigdem Anad;yes;;;2019;192;category?;✅;-;tbr?;reread?;A-3;homelibrary;https://www.google.com/search?q=Durdugum%20Yer%20Benim%20Degil%20Cigdem%20Anad;https://www.google.com/search?q=Durdugum%20Yer%20Benim%20Degil%20Cigdem%20Anad&tbm=isch;368; ;
1367;Dunya’nin Oykusu;Robert M. Hazen;Dunya’nin Oykusu. Robert M. Hazen;yes;;;2018;344;category?;read?;-;tbr?;reread?;H-6;homelibrary;https://www.google.com/search?q=Dunya%E2%80%99nin%20Oykusu%20Robert%20M.%20Hazen;https://www.google.com/search?q=Dunya%E2%80%99nin%20Oykusu%20Robert%20M.%20Hazen&tbm=isch;367; ;
1366;Dunyayi Yoneten Sirketler;David C. Korten;Dunyayi Yoneten Sirketler. David C. Korten;no;;;2008;424;category?;read?;-;tbr?;reread?;G-2;homelibrary;https://www.google.com/search?q=Dunyayi%20Yoneten%20Sirketler%20David%20C.%20Korten;https://www.google.com/search?q=Dunyayi%20Yoneten%20Sirketler%20David%20C.%20Korten&tbm=isch;366; ;
1365;Dunyayi Salata Sosuyla Nasil Kurtarirsiniz? ve Diger Acimasiz Bilim Sirlari;Thomas Byrne, Tom Cassidy;Dunyayi Salata Sosuyla Nasil Kurtarirsiniz? ve Diger Acimasiz Bilim Sirlari. Thomas Byrne, Tom Cassidy;released;;yes;2015;144;category?;read?;-;tbr?;reread?;D-3;homelibrary;https://www.google.com/search?q=Dunyayi%20Salata%20Sosuyla%20Nasil%20Kurtarirsiniz?%20ve%20Diger%20Acimasiz%20Bilim%20Sirlari%20Thomas%20Byrne,%20Tom%20Cassidy;https://www.google.com/search?q=Dunyayi%20Salata%20Sosuyla%20Nasil%20Kurtarirsiniz?%20ve%20Diger%20Acimasiz%20Bilim%20Sirlari%20Thomas%20Byrne,%20Tom%20Cassidy&tbm=isch;365; ;
1364;Dunyayi Nasil Bir Gelecek Bekliyor?;Alvin Toffler;Dunyayi Nasil Bir Gelecek Bekliyor?. Alvin Toffler;yes;;;1995;256;category?;read?;-;📋;reread?;H-6;homelibrary;https://www.google.com/search?q=Dunyayi%20Nasil%20Bir%20Gelecek%20Bekliyor?%20Alvin%20Toffler;https://www.google.com/search?q=Dunyayi%20Nasil%20Bir%20Gelecek%20Bekliyor?%20Alvin%20Toffler&tbm=isch;364; ;
1363;Dunyayi Degistiren Gizli Anlasmalar;Jacques Peretti;Dunyayi Degistiren Gizli Anlasmalar. Jacques Peretti;yes;;;2018;448;category?;✅;-;tbr?;reread?;G-1;homelibrary;https://www.google.com/search?q=Dunyayi%20Degistiren%20Gizli%20Anlasmalar%20Jacques%20Peretti;https://www.google.com/search?q=Dunyayi%20Degistiren%20Gizli%20Anlasmalar%20Jacques%20Peretti&tbm=isch;363; ;
1362;Dunyanin En Mutlu Cocuklari;Michael Hutchinson, Rina Mae Acosta;Dunyanin En Mutlu Cocuklari. Michael Hutchinson, Rina Mae Acosta;yes;;;2022;256;category?;read?;-;📋;reread?;E-6;homelibrary;https://www.google.com/search?q=Dunyanin%20En%20Mutlu%20Cocuklari%20Michael%20Hutchinson,%20Rina%20Mae%20Acosta;https://www.google.com/search?q=Dunyanin%20En%20Mutlu%20Cocuklari%20Michael%20Hutchinson,%20Rina%20Mae%20Acosta&tbm=isch;362; ;
1361;Dunyamizi Nasil Degistiririz;John-Paul Flintoff;Dunyamizi Nasil Degistiririz. John-Paul Flintoff;yes;;;2013;152;category?;✅;-;tbr?;📖;D-4;homelibrary;https://www.google.com/search?q=Dunyamizi%20Nasil%20Degistiririz%20John-Paul%20Flintoff;https://www.google.com/search?q=Dunyamizi%20Nasil%20Degistiririz%20John-Paul%20Flintoff&tbm=isch;361; ;
1360;Dunya'nin Tum Dertleri;Marcus Chown;Dunya'nin Tum Dertleri. Marcus Chown;no;;;2016;384;category?;✅;-;tbr?;reread?;E-8;homelibrary;https://www.google.com/search?q=Dunya%27nin%20Tum%20Dertleri%20Marcus%20Chown;https://www.google.com/search?q=Dunya%27nin%20Tum%20Dertleri%20Marcus%20Chown&tbm=isch;360; ;
1359;Dunya'nin Ikizini Aramak;Stuart Clark;Dunya'nin Ikizini Aramak. Stuart Clark;yes;;;2017;216;category?;read?;-;tbr?;reread?;H-6;homelibrary;https://www.google.com/search?q=Dunya%27nin%20Ikizini%20Aramak%20Stuart%20Clark;https://www.google.com/search?q=Dunya%27nin%20Ikizini%20Aramak%20Stuart%20Clark&tbm=isch;359; ;
1358;Dunya Tarihi;Chris Brazier;Dunya Tarihi. Chris Brazier;no;;;2018;192;category?;read?;-;tbr?;reread?;H-5;homelibrary;https://www.google.com/search?q=Dunya%20Tarihi%20Chris%20Brazier;https://www.google.com/search?q=Dunya%20Tarihi%20Chris%20Brazier&tbm=isch;358; ;
1357;Dunya Isletme Tarihi;Franco Amatori, Geoffrey Jones;Dunya Isletme Tarihi. Franco Amatori, Geoffrey Jones;no;;;2007;456;category?;read?;-;tbr?;reread?;G-3;homelibrary;https://www.google.com/search?q=Dunya%20Isletme%20Tarihi%20Franco%20Amatori,%20Geoffrey%20Jones;https://www.google.com/search?q=Dunya%20Isletme%20Tarihi%20Franco%20Amatori,%20Geoffrey%20Jones&tbm=isch;357; ;
1356;Dunya Duzeni - Eskisi Yenisi;Noam Chomsky;Dunya Duzeni - Eskisi Yenisi. Noam Chomsky;no;;;2003;438;category?;read?;-;tbr?;reread?;G-3;homelibrary;https://www.google.com/search?q=Dunya%20Duzeni%20-%20Eskisi%20Yenisi%20Noam%20Chomsky;https://www.google.com/search?q=Dunya%20Duzeni%20-%20Eskisi%20Yenisi%20Noam%20Chomsky&tbm=isch;356; ;
1355;Dunya Duzeni;Henry Kissinger;Dunya Duzeni. Henry Kissinger;n/a;;;2016;448;category?;read?;-;📋;reread?;H-3;house-2;https://www.google.com/search?q=Dunya%20Duzeni%20Henry%20Kissinger;https://www.google.com/search?q=Dunya%20Duzeni%20Henry%20Kissinger&tbm=isch;355; ;
1354;Dunya Duzdur - Yirmi Birinci Yuzyilin Kisa Tarihi;Thomas Friedman;Dunya Duzdur - Yirmi Birinci Yuzyilin Kisa Tarihi. Thomas Friedman;yes;;;2006;470;category?;read?;-;📋;reread?;G-10;homelibrary;https://www.google.com/search?q=Dunya%20Duzdur%20-%20Yirmi%20Birinci%20Yuzyilin%20Kisa%20Tarihi%20Thomas%20Friedman;https://www.google.com/search?q=Dunya%20Duzdur%20-%20Yirmi%20Birinci%20Yuzyilin%20Kisa%20Tarihi%20Thomas%20Friedman&tbm=isch;354; ;
1353;Dunya Bitkileri;Stefano Mancuso;Dunya Bitkileri. Stefano Mancuso;released;;yes;2022;192;category?;read?;-;tbr?;reread?;F-6;homelibrary;https://www.google.com/search?q=Dunya%20Bitkileri%20Stefano%20Mancuso;https://www.google.com/search?q=Dunya%20Bitkileri%20Stefano%20Mancuso&tbm=isch;353; ;
1352;Drive - Nasil Motive Oluruz? Nasil Motive Ederiz?;Daniel H. Pink;Drive - Nasil Motive Oluruz? Nasil Motive Ederiz?. Daniel H. Pink;no;;;2017;256;category?;✅;-;tbr?;📖;D-2;homelibrary;https://www.google.com/search?q=Drive%20-%20Nasil%20Motive%20Oluruz?%20Nasil%20Motive%20Ederiz?%20Daniel%20H.%20Pink;https://www.google.com/search?q=Drive%20-%20Nasil%20Motive%20Oluruz?%20Nasil%20Motive%20Ederiz?%20Daniel%20H.%20Pink&tbm=isch;352; ;
1351;Dort Gelecek - Kapitalizmden Sonra Hayat;Peter Frase;Dort Gelecek - Kapitalizmden Sonra Hayat. Peter Frase;yes;;;2017;123;category?;✅;-;tbr?;📖;B-7;homelibrary;https://www.google.com/search?q=Dort%20Gelecek%20-%20Kapitalizmden%20Sonra%20Hayat%20Peter%20Frase;https://www.google.com/search?q=Dort%20Gelecek%20-%20Kapitalizmden%20Sonra%20Hayat%20Peter%20Frase&tbm=isch;351; ;
1350;Dort Atli;Daniel C. Dennett, Richard Dawkins, Christopher Hitchens, Sam Harris;Dort Atli. Daniel C. Dennett, Richard Dawkins, Christopher Hitchens, Sam Harris;yes;;;2019;200;category?;read?;-;tbr?;reread?;G-10;homelibrary;https://www.google.com/search?q=Dort%20Atli%20Daniel%20C.%20Dennett,%20Richard%20Dawkins,%20Christopher%20Hitchens,%20Sam%20Harris;https://www.google.com/search?q=Dort%20Atli%20Daniel%20C.%20Dennett,%20Richard%20Dawkins,%20Christopher%20Hitchens,%20Sam%20Harris&tbm=isch;350; ;
1349;Dort Arketip;Carl Gustav Jung;Dort Arketip. Carl Gustav Jung;yes;;;2019;168;category?;read?;-;📋;reread?;A-6;homelibrary;https://www.google.com/search?q=Dort%20Arketip%20Carl%20Gustav%20Jung;https://www.google.com/search?q=Dort%20Arketip%20Carl%20Gustav%20Jung&tbm=isch;349; ;
1348;Dort Anlasma - Toltek Bilgelik Kitabi;Don Miguel Ruiz;Dort Anlasma - Toltek Bilgelik Kitabi. Don Miguel Ruiz;yes;;;2018;122;category?;✅;-;tbr?;📖;G-7;homelibrary;https://www.google.com/search?q=Dort%20Anlasma%20-%20Toltek%20Bilgelik%20Kitabi%20Don%20Miguel%20Ruiz;https://www.google.com/search?q=Dort%20Anlasma%20-%20Toltek%20Bilgelik%20Kitabi%20Don%20Miguel%20Ruiz&tbm=isch;348; ;
1347;Dorduncu Sanayi Devrimini Sekillendirmek;Klaus Schwab;Dorduncu Sanayi Devrimini Sekillendirmek. Klaus Schwab;yes;;;2019;360;category?;read?;-;tbr?;reread?;C-6;homelibrary;https://www.google.com/search?q=Dorduncu%20Sanayi%20Devrimini%20Sekillendirmek%20Klaus%20Schwab;https://www.google.com/search?q=Dorduncu%20Sanayi%20Devrimini%20Sekillendirmek%20Klaus%20Schwab&tbm=isch;347; ;
1346;Dorduncu Sanayi Devrimi;Klaus Schwab;Dorduncu Sanayi Devrimi. Klaus Schwab;yes;;;2016;196;category?;✅;-;tbr?;📖;C-6;homelibrary;https://www.google.com/search?q=Dorduncu%20Sanayi%20Devrimi%20Klaus%20Schwab;https://www.google.com/search?q=Dorduncu%20Sanayi%20Devrimi%20Klaus%20Schwab&tbm=isch;346; ;
1345;Donusum Zamani - Ruhunuzun Amacini Kesfedin;Diana Cooper;Donusum Zamani - Ruhunuzun Amacini Kesfedin. Diana Cooper;yes;;;2020;192;category?;✅;-;tbr?;reread?;G-7;homelibrary;https://www.google.com/search?q=Donusum%20Zamani%20-%20Ruhunuzun%20Amacini%20Kesfedin%20Diana%20Cooper;https://www.google.com/search?q=Donusum%20Zamani%20-%20Ruhunuzun%20Amacini%20Kesfedin%20Diana%20Cooper&tbm=isch;345; ;
1344;Dolce Vegan - Kolay, Geleneksel ve Saglikli Vegan Tatlilar;Virginia Elena Patrone;Dolce Vegan - Kolay, Geleneksel ve Saglikli Vegan Tatlilar. Virginia Elena Patrone;no;;;2018;184;category?;read?;-;tbr?;reread?;F-4;homelibrary;https://www.google.com/search?q=Dolce%20Vegan%20-%20Kolay,%20Geleneksel%20ve%20Saglikli%20Vegan%20Tatlilar%20Virginia%20Elena%20Patrone;https://www.google.com/search?q=Dolce%20Vegan%20-%20Kolay,%20Geleneksel%20ve%20Saglikli%20Vegan%20Tatlilar%20Virginia%20Elena%20Patrone&tbm=isch;344; ;
1343;Dolayli Yol;John Kay;Dolayli Yol. John Kay;released;;yes;2011;200;category?;read?;-;tbr?;reread?;A-2;homelibrary;https://www.google.com/search?q=Dolayli%20Yol%20John%20Kay;https://www.google.com/search?q=Dolayli%20Yol%20John%20Kay&tbm=isch;343; ;
1342;Dogustan Yalanci - Neden Yalan Soylemeden Yasayamiyoruz?;Ian Leslie;Dogustan Yalanci - Neden Yalan Soylemeden Yasayamiyoruz?. Ian Leslie;no;;;2014;288;category?;read?;-;tbr?;reread?;D-3;homelibrary;https://www.google.com/search?q=Dogustan%20Yalanci%20-%20Neden%20Yalan%20Soylemeden%20Yasayamiyoruz?%20Ian%20Leslie;https://www.google.com/search?q=Dogustan%20Yalanci%20-%20Neden%20Yalan%20Soylemeden%20Yasayamiyoruz?%20Ian%20Leslie&tbm=isch;342; ;
1341;Dogulu Beden Batili Zihin;Anodea Judith;Dogulu Beden Batili Zihin. Anodea Judith;yes;;;2019;479;category?;read?;-;tbr?;reread?;G-9;homelibrary;https://www.google.com/search?q=Dogulu%20Beden%20Batili%20Zihin%20Anodea%20Judith;https://www.google.com/search?q=Dogulu%20Beden%20Batili%20Zihin%20Anodea%20Judith&tbm=isch;341; ;
1340;Dogmamis Cocugun Gizli Yasami;Thomas Verny, John Kelly;Dogmamis Cocugun Gizli Yasami. Thomas Verny, John Kelly;yes;;;2019;192;category?;read?;-;📋;reread?;A-6;homelibrary;https://www.google.com/search?q=Dogmamis%20Cocugun%20Gizli%20Yasami%20Thomas%20Verny,%20John%20Kelly;https://www.google.com/search?q=Dogmamis%20Cocugun%20Gizli%20Yasami%20Thomas%20Verny,%20John%20Kelly&tbm=isch;340; ;
1339;Dogaustu Olmak;Joe Dispenza;Dogaustu Olmak. Joe Dispenza;yes;;;2020;416;category?;read?;-;tbr?;reread?;G-8;homelibrary;https://www.google.com/search?q=Dogaustu%20Olmak%20Joe%20Dispenza;https://www.google.com/search?q=Dogaustu%20Olmak%20Joe%20Dispenza&tbm=isch;339; ;
1338;Doganin Isaretlerini Okumanin Kaybolmus Sanati;Tristan Gooley;Doganin Isaretlerini Okumanin Kaybolmus Sanati. Tristan Gooley;no;;;2019;392;category?;read?;-;tbr?;reread?;F-6;homelibrary;https://www.google.com/search?q=Doganin%20Isaretlerini%20Okumanin%20Kaybolmus%20Sanati%20Tristan%20Gooley;https://www.google.com/search?q=Doganin%20Isaretlerini%20Okumanin%20Kaybolmus%20Sanati%20Tristan%20Gooley&tbm=isch;338; ;
1337;Dogal Yontemlerle Hazirlanan Bitkisel Parfumler Kolonyalar Kokular;Nancy M. Booth;Dogal Yontemlerle Hazirlanan Bitkisel Parfumler Kolonyalar Kokular. Nancy M. Booth;no;;;2001;214;category?;read?;-;tbr?;reread?;G-8;homelibrary;https://www.google.com/search?q=Dogal%20Yontemlerle%20Hazirlanan%20Bitkisel%20Parfumler%20Kolonyalar%20Kokular%20Nancy%20M.%20Booth;https://www.google.com/search?q=Dogal%20Yontemlerle%20Hazirlanan%20Bitkisel%20Parfumler%20Kolonyalar%20Kokular%20Nancy%20M.%20Booth&tbm=isch;337; ;
1336;Dogal Iktisat - Neden Iktisat Neredeyse Herseyi Aciklar;Robert H. Frank;Dogal Iktisat - Neden Iktisat Neredeyse Herseyi Aciklar. Robert H. Frank;yes;;;2014;288;category?;read?;-;tbr?;reread?;A-8;homelibrary;https://www.google.com/search?q=Dogal%20Iktisat%20-%20Neden%20Iktisat%20Neredeyse%20Herseyi%20Aciklar%20Robert%20H.%20Frank;https://www.google.com/search?q=Dogal%20Iktisat%20-%20Neden%20Iktisat%20Neredeyse%20Herseyi%20Aciklar%20Robert%20H.%20Frank&tbm=isch;336; ;
1335;Doga Kitabi - Bitkiler, Hayvanlar ve Gezegenimiz;Marianne Taylor;Doga Kitabi - Bitkiler, Hayvanlar ve Gezegenimiz. Marianne Taylor;yes;;;2019;192;category?;read?;-;tbr?;reread?;F-6;homelibrary;https://www.google.com/search?q=Doga%20Kitabi%20-%20Bitkiler,%20Hayvanlar%20ve%20Gezegenimiz%20Marianne%20Taylor;https://www.google.com/search?q=Doga%20Kitabi%20-%20Bitkiler,%20Hayvanlar%20ve%20Gezegenimiz%20Marianne%20Taylor&tbm=isch;335; ;
1334;Dizilerde Psikoloji ve Anormal Davranislar;Tarik Solmus;Dizilerde Psikoloji ve Anormal Davranislar. Tarik Solmus;released;;yes;2013;368;category?;read?;-;tbr?;reread?;D-3;homelibrary;https://www.google.com/search?q=Dizilerde%20Psikoloji%20ve%20Anormal%20Davranislar%20Tarik%20Solmus;https://www.google.com/search?q=Dizilerde%20Psikoloji%20ve%20Anormal%20Davranislar%20Tarik%20Solmus&tbm=isch;334; ;
1333;Disa Bakan Ruya Gorur Ice Bakan Uyanir;Carl Gustav Jung;Disa Bakan Ruya Gorur Ice Bakan Uyanir. Carl Gustav Jung;yes;;;2020;128;category?;✅;-;tbr?;📖;A-6;homelibrary;https://www.google.com/search?q=Disa%20Bakan%20Ruya%20Gorur%20Ice%20Bakan%20Uyanir%20Carl%20Gustav%20Jung;https://www.google.com/search?q=Disa%20Bakan%20Ruya%20Gorur%20Ice%20Bakan%20Uyanir%20Carl%20Gustav%20Jung&tbm=isch;333; ;
1332;Dip - Vazgecmeyi ve Vazgecmemeyi Ogreten Kucuk Bir Kitap;Seth Godin;Dip - Vazgecmeyi ve Vazgecmemeyi Ogreten Kucuk Bir Kitap. Seth Godin;no;;;2018;80;category?;✅;-;tbr?;📖;C-2;homelibrary;https://www.google.com/search?q=Dip%20-%20Vazgecmeyi%20ve%20Vazgecmemeyi%20Ogreten%20Kucuk%20Bir%20Kitap%20Seth%20Godin;https://www.google.com/search?q=Dip%20-%20Vazgecmeyi%20ve%20Vazgecmemeyi%20Ogreten%20Kucuk%20Bir%20Kitap%20Seth%20Godin&tbm=isch;332; ;
1331;Dinlen;Alex Soojung, Kim Pang;Dinlen. Alex Soojung, Kim Pang;released;;yes;2018;224;category?;read?;-;tbr?;reread?;H-3;homelibrary;https://www.google.com/search?q=Dinlen%20Alex%20Soojung,%20Kim%20Pang;https://www.google.com/search?q=Dinlen%20Alex%20Soojung,%20Kim%20Pang&tbm=isch;331; ;
1330;Dinleme Yolu;Julia Cameron;Dinleme Yolu. Julia Cameron;yes;;;2022;248;category?;read?;-;📋;reread?;E-8;homelibrary;https://www.google.com/search?q=Dinleme%20Yolu%20Julia%20Cameron;https://www.google.com/search?q=Dinleme%20Yolu%20Julia%20Cameron&tbm=isch;330; ;
1329;Dinginligin Gucu;Eckhart Tolle;Dinginligin Gucu. Eckhart Tolle;yes;;;2003;120;category?;read?;-;tbr?;reread?;G-7;homelibrary;https://www.google.com/search?q=Dinginligin%20Gucu%20Eckhart%20Tolle;https://www.google.com/search?q=Dinginligin%20Gucu%20Eckhart%20Tolle&tbm=isch;329; ;
1328;Dikkat Tacirleri - Insan Zihnine Girmek Icin Verilen Amansiz Mucadele;Tim Wu;Dikkat Tacirleri - Insan Zihnine Girmek Icin Verilen Amansiz Mucadele. Tim Wu;yes;;;2017;448;Consumer & Marketing;✅;-;tbr?;📖;C-7;homelibrary;https://www.google.com/search?q=Dikkat%20Tacirleri%20-%20Insan%20Zihnine%20Girmek%20Icin%20Verilen%20Amansiz%20Mucadele%20Tim%20Wu;https://www.google.com/search?q=Dikkat%20Tacirleri%20-%20Insan%20Zihnine%20Girmek%20Icin%20Verilen%20Amansiz%20Mucadele%20Tim%20Wu&tbm=isch;328; ;
1327;Dikkat Ekonomisi - Is Dunyasinin Yeni Degerini Anlamak;Thomas H. Davenport,John C. Beck;Dikkat Ekonomisi - Is Dunyasinin Yeni Degerini Anlamak. Thomas H. Davenport,John C. Beck;yes;;;2010;240;category?;✅;-;tbr?;📖;C-8;homelibrary;https://www.google.com/search?q=Dikkat%20Ekonomisi%20-%20Is%20Dunyasinin%20Yeni%20Degerini%20Anlamak%20Thomas%20H.%20Davenport,John%20C.%20Beck;https://www.google.com/search?q=Dikkat%20Ekonomisi%20-%20Is%20Dunyasinin%20Yeni%20Degerini%20Anlamak%20Thomas%20H.%20Davenport,John%20C.%20Beck&tbm=isch;327; ;
1326;Dikkat Dagitici Bir Cagda Okumanin Hazzi;Alan Jacobs;Dikkat Dagitici Bir Cagda Okumanin Hazzi. Alan Jacobs;yes;;;2021;176;category?;read?;-;📋;reread?;D-5;homelibrary;https://www.google.com/search?q=Dikkat%20Dagitici%20Bir%20Cagda%20Okumanin%20Hazzi%20Alan%20Jacobs;https://www.google.com/search?q=Dikkat%20Dagitici%20Bir%20Cagda%20Okumanin%20Hazzi%20Alan%20Jacobs&tbm=isch;326; ;
1325;Dijital Reklamin Gizli Dunyasi - Icerik Pazarlamasi ve Dogal Gorunen Reklamlar;Mara Einstein;Dijital Reklamin Gizli Dunyasi - Icerik Pazarlamasi ve Dogal Gorunen Reklamlar. Mara Einstein;yes;;;2018;264;category?;✅;-;tbr?;reread?;B-3;homelibrary;https://www.google.com/search?q=Dijital%20Reklamin%20Gizli%20Dunyasi%20-%20Icerik%20Pazarlamasi%20ve%20Dogal%20Gorunen%20Reklamlar%20Mara%20Einstein;https://www.google.com/search?q=Dijital%20Reklamin%20Gizli%20Dunyasi%20-%20Icerik%20Pazarlamasi%20ve%20Dogal%20Gorunen%20Reklamlar%20Mara%20Einstein&tbm=isch;325; ;
1324;Dijital Ekonomi;Don Tapscott;Dijital Ekonomi. Don Tapscott;yes;;;1998;304;category?;read?;-;tbr?;reread?;D-2;homelibrary;https://www.google.com/search?q=Dijital%20Ekonomi%20Don%20Tapscott;https://www.google.com/search?q=Dijital%20Ekonomi%20Don%20Tapscott&tbm=isch;324; ;
1323;Dijital Dunya;Nicholas Negroponte;Dijital Dunya. Nicholas Negroponte;released;;yes;1995;210;category?;read?;-;tbr?;reread?;G-2;homelibrary;https://www.google.com/search?q=Dijital%20Dunya%20Nicholas%20Negroponte;https://www.google.com/search?q=Dijital%20Dunya%20Nicholas%20Negroponte&tbm=isch;323; ;
1322;Dijital Donusumde Oyunun Kurallari;David Rogers;Dijital Donusumde Oyunun Kurallari. David Rogers;released;;yes;2017;312;category?;read?;-;tbr?;reread?;E-2;homelibrary;https://www.google.com/search?q=Dijital%20Donusumde%20Oyunun%20Kurallari%20David%20Rogers;https://www.google.com/search?q=Dijital%20Donusumde%20Oyunun%20Kurallari%20David%20Rogers&tbm=isch;322; ;
1321;Dijital Caga Nasil Uyum Saglariz;Tom Chatfield;Dijital Caga Nasil Uyum Saglariz. Tom Chatfield;yes;;;2013;160;category?;✅;-;tbr?;📖;D-4;homelibrary;https://www.google.com/search?q=Dijital%20Caga%20Nasil%20Uyum%20Saglariz%20Tom%20Chatfield;https://www.google.com/search?q=Dijital%20Caga%20Nasil%20Uyum%20Saglariz%20Tom%20Chatfield&tbm=isch;321; ;
1320;Devrimin Basina Gecin;Gary Hamel;Devrimin Basina Gecin. Gary Hamel;released;;yes;2000;375;category?;read?;-;tbr?;reread?;F-9;homelibrary;https://www.google.com/search?q=Devrimin%20Basina%20Gecin%20Gary%20Hamel;https://www.google.com/search?q=Devrimin%20Basina%20Gecin%20Gary%20Hamel&tbm=isch;320; ;
1319;Devlet Insasi - Yirmi Birinci Yuzyilda Yonetisim ve Dunya Duzeni;Francis Fukuyama;Devlet Insasi - Yirmi Birinci Yuzyilda Yonetisim ve Dunya Duzeni. Francis Fukuyama;no;;;2015;168;category?;read?;-;tbr?;reread?;G-1;homelibrary;https://www.google.com/search?q=Devlet%20Insasi%20-%20Yirmi%20Birinci%20Yuzyilda%20Yonetisim%20ve%20Dunya%20Duzeni%20Francis%20Fukuyama;https://www.google.com/search?q=Devlet%20Insasi%20-%20Yirmi%20Birinci%20Yuzyilda%20Yonetisim%20ve%20Dunya%20Duzeni%20Francis%20Fukuyama&tbm=isch;319; ;
1318;Devam Edebilmek;Austin Kleon;Devam Edebilmek. Austin Kleon;yes;;;2020;224;category?;✅;-;tbr?;📖;E-4;homelibrary;https://www.google.com/search?q=Devam%20Edebilmek%20Austin%20Kleon;https://www.google.com/search?q=Devam%20Edebilmek%20Austin%20Kleon&tbm=isch;318; ;
1317;Derin Dusunce - Yapay Zekanin Yetmeyip Insan Yaraticiliginin Basladigi Yer;Garry Kasparov;Derin Dusunce - Yapay Zekanin Yetmeyip Insan Yaraticiliginin Basladigi Yer. Garry Kasparov;no;;;2020;328;category?;read?;-;tbr?;reread?;E-9;homelibrary;https://www.google.com/search?q=Derin%20Dusunce%20-%20Yapay%20Zekanin%20Yetmeyip%20Insan%20Yaraticiliginin%20Basladigi%20Yer%20Garry%20Kasparov;https://www.google.com/search?q=Derin%20Dusunce%20-%20Yapay%20Zekanin%20Yetmeyip%20Insan%20Yaraticiliginin%20Basladigi%20Yer%20Garry%20Kasparov&tbm=isch;317; ;
1316;Depresyona Giris Rehberi;Dana Eagle;Depresyona Giris Rehberi. Dana Eagle;no;;;2018;144;category?;read?;-;tbr?;reread?;E-5;homelibrary;https://www.google.com/search?q=Depresyona%20Giris%20Rehberi%20Dana%20Eagle;https://www.google.com/search?q=Depresyona%20Giris%20Rehberi%20Dana%20Eagle&tbm=isch;316; ;
1315;Deneyim Ekonomisi;James H. Gilmore, Joseph Pine;Deneyim Ekonomisi. James H. Gilmore, Joseph Pine;yes;;;2012;372;category?;✅;-;tbr?;reread?;C-3;homelibrary;https://www.google.com/search?q=Deneyim%20Ekonomisi%20James%20H.%20Gilmore,%20Joseph%20Pine;https://www.google.com/search?q=Deneyim%20Ekonomisi%20James%20H.%20Gilmore,%20Joseph%20Pine&tbm=isch;315; ;
1314;Deney;Stanley Milgram;Deney. Stanley Milgram;no;;;2015;192;category?;read?;-;tbr?;reread?;D-3;homelibrary;https://www.google.com/search?q=Deney%20Stanley%20Milgram;https://www.google.com/search?q=Deney%20Stanley%20Milgram&tbm=isch;314; ;
1313;Deneme Yazmanin Temel Kurallari;Nigel Warburton;Deneme Yazmanin Temel Kurallari. Nigel Warburton;no;;;2018;120;category?;✅;-;tbr?;reread?;D-6;homelibrary;https://www.google.com/search?q=Deneme%20Yazmanin%20Temel%20Kurallari%20Nigel%20Warburton;https://www.google.com/search?q=Deneme%20Yazmanin%20Temel%20Kurallari%20Nigel%20Warburton&tbm=isch;313; ;
1312;Demokratik Okullar;Yaacov Hecht;Demokratik Okullar. Yaacov Hecht;yes;;;2022;280;category?;read?;-;tbr?;reread?;A-10;homelibrary;https://www.google.com/search?q=Demokratik%20Okullar%20Yaacov%20Hecht;https://www.google.com/search?q=Demokratik%20Okullar%20Yaacov%20Hecht&tbm=isch;312; ;
1311;Delifiseklik;Kjell A. Nordstrom, Jonas Ridderstrale;Delifiseklik. Kjell A. Nordstrom, Jonas Ridderstrale;released;;yes;2002;257;category?;read?;-;tbr?;reread?;F-9;homelibrary;https://www.google.com/search?q=Delifiseklik%20Kjell%20A.%20Nordstrom,%20Jonas%20Ridderstrale;https://www.google.com/search?q=Delifiseklik%20Kjell%20A.%20Nordstrom,%20Jonas%20Ridderstrale&tbm=isch;311; ;
1310;Degisimi Tetiklemek;Jonah Berger;Degisimi Tetiklemek. Jonah Berger;yes;;;2021;244;category?;read?;-;tbr?;reread?;C-8;homelibrary;https://www.google.com/search?q=Degisimi%20Tetiklemek%20Jonah%20Berger;https://www.google.com/search?q=Degisimi%20Tetiklemek%20Jonah%20Berger&tbm=isch;310; ;
1309;Delivering Results - A New Mandate for Human Resource Professionals;David Ulrich;Delivering Results - A New Mandate for Human Resource Professionals. David Ulrich;no;;;1998;349;category?;read?;-;tbr?;reread?;H-7;homelibrary;https://www.google.com/search?q=Delivering%20Results%20-%20A%20New%20Mandate%20for%20Human%20Resource%20Professionals%20David%20Ulrich;https://www.google.com/search?q=Delivering%20Results%20-%20A%20New%20Mandate%20for%20Human%20Resource%20Professionals%20David%20Ulrich&tbm=isch;309; ;
1308;Human Value Management - The Value-Adding Human Resource Management Strategy for the 1990s;Jac Fitz-Enz;Human Value Management - The Value-Adding Human Resource Management Strategy for the 1990s. Jac Fitz-Enz;no;;;1990;346;category?;read?;-;tbr?;reread?;H-7;homelibrary;https://www.google.com/search?q=Human%20Value%20Management%20-%20The%20Value-Adding%20Human%20Resource%20Management%20Strategy%20for%20the%201990s%20Jac%20Fitz-Enz;https://www.google.com/search?q=Human%20Value%20Management%20-%20The%20Value-Adding%20Human%20Resource%20Management%20Strategy%20for%20the%201990s%20Jac%20Fitz-Enz&tbm=isch;308; ;
1307;Degisim Kitabi - Dunyanin Nasil Sekillendigini Aciklamak Icin Elli Model;Mikael Krogerus, Roman Tschappeler;Degisim Kitabi - Dunyanin Nasil Sekillendigini Aciklamak Icin Elli Model. Mikael Krogerus, Roman Tschappeler;no;;;2013;176;category?;read?;-;tbr?;reread?;F-1;homelibrary;https://www.google.com/search?q=Degisim%20Kitabi%20-%20Dunyanin%20Nasil%20Sekillendigini%20Aciklamak%20Icin%20Elli%20Model%20Mikael%20Krogerus,%20Roman%20Tschappeler;https://www.google.com/search?q=Degisim%20Kitabi%20-%20Dunyanin%20Nasil%20Sekillendigini%20Aciklamak%20Icin%20Elli%20Model%20Mikael%20Krogerus,%20Roman%20Tschappeler&tbm=isch;307; ;
1306;Degisen Tuketici Kim? - Nicin Satin Aliyor? Ne Satin Aliyor?;Rob Walker;Degisen Tuketici Kim? - Nicin Satin Aliyor? Ne Satin Aliyor?. Rob Walker;no;;;2010;270;category?;read?;-;tbr?;reread?;A-2;homelibrary;https://www.google.com/search?q=Degisen%20Tuketici%20Kim?%20-%20Nicin%20Satin%20Aliyor?%20Ne%20Satin%20Aliyor?%20Rob%20Walker;https://www.google.com/search?q=Degisen%20Tuketici%20Kim?%20-%20Nicin%20Satin%20Aliyor?%20Ne%20Satin%20Aliyor?%20Rob%20Walker&tbm=isch;306; ;
1305;Deger Odakli Kurumlar;Richard Barrett;Deger Odakli Kurumlar. Richard Barrett;no;;;2017;384;category?;read?;-;tbr?;reread?;A-1;homelibrary;https://www.google.com/search?q=Deger%20Odakli%20Kurumlar%20Richard%20Barrett;https://www.google.com/search?q=Deger%20Odakli%20Kurumlar%20Richard%20Barrett&tbm=isch;305; ;
1304;Davut ve Golyat;Malcolm Gladwell;Davut ve Golyat. Malcolm Gladwell;yes;;;2014;276;category?;✅;-;tbr?;📖;C-7;homelibrary;https://www.google.com/search?q=Davut%20ve%20Golyat%20Malcolm%20Gladwell;https://www.google.com/search?q=Davut%20ve%20Golyat%20Malcolm%20Gladwell&tbm=isch;304; ;
1303;Davranis - En Iyi ve En Kotu Haliyle Insan Biyolojisi;Robert M. Sapolsky;Davranis - En Iyi ve En Kotu Haliyle Insan Biyolojisi. Robert M. Sapolsky;yes;;;2021;800;category?;✅;-;tbr?;reread?;B-9;homelibrary;https://www.google.com/search?q=Davranis%20-%20En%20Iyi%20ve%20En%20Kotu%20Haliyle%20Insan%20Biyolojisi%20Robert%20M.%20Sapolsky;https://www.google.com/search?q=Davranis%20-%20En%20Iyi%20ve%20En%20Kotu%20Haliyle%20Insan%20Biyolojisi%20Robert%20M.%20Sapolsky&tbm=isch;303; ;
1302;Darwin'in Cokusu;Jeremy Rifkin;Darwin'in Cokusu. Jeremy Rifkin;yes;;;2002;144;category?;read?;-;tbr?;reread?;D-9;homelibrary;https://www.google.com/search?q=Darwin%27in%20Cokusu%20Jeremy%20Rifkin;https://www.google.com/search?q=Darwin%27in%20Cokusu%20Jeremy%20Rifkin&tbm=isch;302; ;
1301;Darwin Hack'leniyor - Genetik Muhendislik ve Insanligin Gelecegi;Jamie Metzl;Darwin Hack'leniyor - Genetik Muhendislik ve Insanligin Gelecegi. Jamie Metzl;yes;;;2021;400;category?;read?;-;tbr?;reread?;C-10;homelibrary;https://www.google.com/search?q=Darwin%20Hack%27leniyor%20-%20Genetik%20Muhendislik%20ve%20Insanligin%20Gelecegi%20Jamie%20Metzl;https://www.google.com/search?q=Darwin%20Hack%27leniyor%20-%20Genetik%20Muhendislik%20ve%20Insanligin%20Gelecegi%20Jamie%20Metzl&tbm=isch;301; ;
1300;Darwin Ekonomisi - Ozgurluk, Rekabet ve Kamu Yarari;Robert H. Frank;Darwin Ekonomisi - Ozgurluk, Rekabet ve Kamu Yarari. Robert H. Frank;yes;;;2013;344;category?;read?;-;📋;reread?;A-8;homelibrary;https://www.google.com/search?q=Darwin%20Ekonomisi%20-%20Ozgurluk,%20Rekabet%20ve%20Kamu%20Yarari%20Robert%20H.%20Frank;https://www.google.com/search?q=Darwin%20Ekonomisi%20-%20Ozgurluk,%20Rekabet%20ve%20Kamu%20Yarari%20Robert%20H.%20Frank&tbm=isch;300; ;
1299;Dark Net - Internetin Yeralti Dunyasi;Jamie Bartlett;Dark Net - Internetin Yeralti Dunyasi. Jamie Bartlett;yes;;;2016;304;Technology & the Digital World;✅;-;tbr?;reread?;C-9;homelibrary;https://www.google.com/search?q=Dark%20Net%20-%20Internetin%20Yeralti%20Dunyasi%20Jamie%20Bartlett;https://www.google.com/search?q=Dark%20Net%20-%20Internetin%20Yeralti%20Dunyasi%20Jamie%20Bartlett&tbm=isch;299; ;
1298;Dar Koridor;Daron Acemoglu, James A. Robinson;Dar Koridor. Daron Acemoglu, James A. Robinson;n/a;;;2020;648;category?;read?;-;📋;reread?;C-8;house-2;https://www.google.com/search?q=Dar%20Koridor%20Daron%20Acemoglu,%20James%20A.%20Robinson;https://www.google.com/search?q=Dar%20Koridor%20Daron%20Acemoglu,%20James%20A.%20Robinson&tbm=isch;298; ;
1297;Danimarkali Gibi Mutlu;Malene Rydahl;Danimarkali Gibi Mutlu. Malene Rydahl;yes;;;2017;144;Society & Culture;✅;-;tbr?;📖;E-6;homelibrary;https://www.google.com/search?q=Danimarkali%20Gibi%20Mutlu%20Malene%20Rydahl;https://www.google.com/search?q=Danimarkali%20Gibi%20Mutlu%20Malene%20Rydahl&tbm=isch;297; ;
1296;Dakikalar Icinde Sanat - Aninda Aciklanan 200 Temel Kavram;Susie Hodge;Dakikalar Icinde Sanat - Aninda Aciklanan 200 Temel Kavram. Susie Hodge;no;;;2022;416;category?;read?;-;tbr?;reread?;B-3;homelibrary;https://www.google.com/search?q=Dakikalar%20Icinde%20Sanat%20-%20Aninda%20Aciklanan%20200%20Temel%20Kavram%20Susie%20Hodge;https://www.google.com/search?q=Dakikalar%20Icinde%20Sanat%20-%20Aninda%20Aciklanan%20200%20Temel%20Kavram%20Susie%20Hodge&tbm=isch;296; ;
1295;Dakikalar Icinde Psikoloji - Aninda Aciklanan 200 Temel Kavram;Marcus Weeks;Dakikalar Icinde Psikoloji - Aninda Aciklanan 200 Temel Kavram. Marcus Weeks;no;;;2022;416;category?;read?;-;tbr?;reread?;B-3;homelibrary;https://www.google.com/search?q=Dakikalar%20Icinde%20Psikoloji%20-%20Aninda%20Aciklanan%20200%20Temel%20Kavram%20Marcus%20Weeks;https://www.google.com/search?q=Dakikalar%20Icinde%20Psikoloji%20-%20Aninda%20Aciklanan%20200%20Temel%20Kavram%20Marcus%20Weeks&tbm=isch;295; ;
1294;Dahilerin Oynadigi Oyunlar;Michael Michalko;Dahilerin Oynadigi Oyunlar. Michael Michalko;no;;;2016;488;category?;read?;-;tbr?;reread?;D-7;homelibrary;https://www.google.com/search?q=Dahilerin%20Oynadigi%20Oyunlar%20Michael%20Michalko;https://www.google.com/search?q=Dahilerin%20Oynadigi%20Oyunlar%20Michael%20Michalko&tbm=isch;294; ;
1293;Talent Management - Strategies for Success from Six Leading Companies;Larry Israelite;Talent Management - Strategies for Success from Six Leading Companies. Larry Israelite;no;;;2010;360;category?;read?;-;tbr?;reread?;H-7;homelibrary;https://www.google.com/search?q=Talent%20Management%20-%20Strategies%20for%20Success%20from%20Six%20Leading%20Companies%20Larry%20Israelite;https://www.google.com/search?q=Talent%20Management%20-%20Strategies%20for%20Success%20from%20Six%20Leading%20Companies%20Larry%20Israelite&tbm=isch;293; ;
1292;Cuvalladin!;Erik Kessels;Cuvalladin!. Erik Kessels;yes;;;2017;168;category?;✅;-;tbr?;📖;E-4;homelibrary;https://www.google.com/search?q=Cuvalladin!%20Erik%20Kessels;https://www.google.com/search?q=Cuvalladin!%20Erik%20Kessels&tbm=isch;292; ;
1291;Crowdsourcing - Kalabaliklarin Gucu Bir Isin Gelecegine Nasil Sekil Verebilir?;Jeff Howe;Crowdsourcing - Kalabaliklarin Gucu Bir Isin Gelecegine Nasil Sekil Verebilir?. Jeff Howe;yes;;;2010;248;Business & Economics;✅;-;tbr?;📖;C-8;homelibrary;https://www.google.com/search?q=Crowdsourcing%20-%20Kalabaliklarin%20Gucu%20Bir%20Isin%20Gelecegine%20Nasil%20Sekil%20Verebilir?%20Jeff%20Howe;https://www.google.com/search?q=Crowdsourcing%20-%20Kalabaliklarin%20Gucu%20Bir%20Isin%20Gelecegine%20Nasil%20Sekil%20Verebilir?%20Jeff%20Howe&tbm=isch;291; ;
1290;Cozumler - Cocuklukta Ihmalin Izi;Jonice Webb;Cozumler - Cocuklukta Ihmalin Izi. Jonice Webb;yes;;;2021;264;Psychology & Mental Life;✅;-;tbr?;reread?;A-6;homelibrary;https://www.google.com/search?q=Cozumler%20-%20Cocuklukta%20Ihmalin%20Izi%20Jonice%20Webb;https://www.google.com/search?q=Cozumler%20-%20Cocuklukta%20Ihmalin%20Izi%20Jonice%20Webb&tbm=isch;290; ;
1289;Cozum Bulma Sanati;Hamish McRae;Cozum Bulma Sanati. Hamish McRae;released;;yes;2011;366;category?;read?;-;tbr?;reread?;B-1;homelibrary;https://www.google.com/search?q=Cozum%20Bulma%20Sanati%20Hamish%20McRae;https://www.google.com/search?q=Cozum%20Bulma%20Sanati%20Hamish%20McRae&tbm=isch;289; ;
1288;Contagious - Bir Urunu veya Fikri Populer Yapan Nedir?;Jonah Berger;Contagious - Bir Urunu veya Fikri Populer Yapan Nedir?. Jonah Berger;yes;;;2014;224;category?;✅;-;tbr?;reread?;C-8;homelibrary;https://www.google.com/search?q=Contagious%20-%20Bir%20Urunu%20veya%20Fikri%20Populer%20Yapan%20Nedir?%20Jonah%20Berger;https://www.google.com/search?q=Contagious%20-%20Bir%20Urunu%20veya%20Fikri%20Populer%20Yapan%20Nedir?%20Jonah%20Berger&tbm=isch;288; ;
1287;Col mu Cennet mi?;Sepp Holzer;Col mu Cennet mi?. Sepp Holzer;released;;yes;2021;264;category?;read?;-;tbr?;reread?;F-6;homelibrary;https://www.google.com/search?q=Col%20mu%20Cennet%20mi?%20Sepp%20Holzer;https://www.google.com/search?q=Col%20mu%20Cennet%20mi?%20Sepp%20Holzer&tbm=isch;287; ;
1286;Cokus - Toplumlar Basarisizligi ya da Basariyi Nasil Secerler?;Jared Diamond;Cokus - Toplumlar Basarisizligi ya da Basariyi Nasil Secerler?. Jared Diamond;yes;;;2019;744;category?;read?;-;📋;reread?;G-10;homelibrary;https://www.google.com/search?q=Cokus%20-%20Toplumlar%20Basarisizligi%20ya%20da%20Basariyi%20Nasil%20Secerler?%20Jared%20Diamond;https://www.google.com/search?q=Cokus%20-%20Toplumlar%20Basarisizligi%20ya%20da%20Basariyi%20Nasil%20Secerler?%20Jared%20Diamond&tbm=isch;286; ;
1285;Coklu Zeka - Yeni Ufuklar;Howard Gardner;Coklu Zeka - Yeni Ufuklar. Howard Gardner;yes;;;2013;330;category?;read?;-;tbr?;reread?;B-2;homelibrary;https://www.google.com/search?q=Coklu%20Zeka%20-%20Yeni%20Ufuklar%20Howard%20Gardner;https://www.google.com/search?q=Coklu%20Zeka%20-%20Yeni%20Ufuklar%20Howard%20Gardner&tbm=isch;285; ;
1284;Cok Yonlu Basari Icin Neden Cok Seyle Ilgilenmeliyiz?;David Epstein;Cok Yonlu Basari Icin Neden Cok Seyle Ilgilenmeliyiz?. David Epstein;yes;;;2020;352;category?;✅;-;tbr?;📖;A-10;homelibrary;https://www.google.com/search?q=Cok%20Yonlu%20Basari%20Icin%20Neden%20Cok%20Seyle%20Ilgilenmeliyiz?%20David%20Epstein;https://www.google.com/search?q=Cok%20Yonlu%20Basari%20Icin%20Neden%20Cok%20Seyle%20Ilgilenmeliyiz?%20David%20Epstein&tbm=isch;284; ;
1283;Cogu Insan Iyidir - Yeni Bir Insanlik Tarihi;Rutger Bregman;Cogu Insan Iyidir - Yeni Bir Insanlik Tarihi. Rutger Bregman;n/a;;;2022;456;category?;read?;-;📋;reread?;A-6;house-2;https://www.google.com/search?q=Cogu%20Insan%20Iyidir%20-%20Yeni%20Bir%20Insanlik%20Tarihi%20Rutger%20%20Bregman;https://www.google.com/search?q=Cogu%20Insan%20Iyidir%20-%20Yeni%20Bir%20Insanlik%20Tarihi%20Rutger%20%20Bregman&tbm=isch;283; ;
1282;Coco Chanel Efsanesi ve Hayati;Justine Picardie;Coco Chanel Efsanesi ve Hayati. Justine Picardie;no;;;2017;400;category?;read?;-;tbr?;reread?;E-10;homelibrary;https://www.google.com/search?q=Coco%20Chanel%20Efsanesi%20ve%20Hayati%20Justine%20Picardie;https://www.google.com/search?q=Coco%20Chanel%20Efsanesi%20ve%20Hayati%20Justine%20Picardie&tbm=isch;282; ;
1281;Coca Cola'da CEO Olmak;Neville Isdell, David Beasley;Coca Cola'da CEO Olmak. Neville Isdell, David Beasley;released;;yes;2014;250;category?;read?;-;tbr?;reread?;C-2;homelibrary;https://www.google.com/search?q=Coca%20Cola%27da%20CEO%20Olmak%20Neville%20Isdell,%20David%20Beasley;https://www.google.com/search?q=Coca%20Cola%27da%20CEO%20Olmak%20Neville%20Isdell,%20David%20Beasley&tbm=isch;281; ;
1280;Cluetrain Manifestosu;Rick Levine, Doc Searls, Christopher Locke, David Weinberger;Cluetrain Manifestosu. Rick Levine, Doc Searls, Christopher Locke, David Weinberger;released;;yes;2016;352;category?;read?;-;tbr?;reread?;C-2;homelibrary;https://www.google.com/search?q=Cluetrain%20Manifestosu%20Rick%20Levine,%20Doc%20Searls,%20Christopher%20Locke,%20David%20Weinberger;https://www.google.com/search?q=Cluetrain%20Manifestosu%20Rick%20Levine,%20Doc%20Searls,%20Christopher%20Locke,%20David%20Weinberger&tbm=isch;280; ;
1279;Cizgilerle Uzunkuyruk - Neden Ticaretin Gelecegi Daha Fazla Urunden Daha Az Satmak Olacaktir?;Chris Anderson;Cizgilerle Uzunkuyruk - Neden Ticaretin Gelecegi Daha Fazla Urunden Daha Az Satmak Olacaktir?. Chris Anderson;no;;;2013;64;category?;read?;-;tbr?;reread?;H-9;homelibrary;https://www.google.com/search?q=Cizgilerle%20Uzunkuyruk%20-%20Neden%20Ticaretin%20Gelecegi%20Daha%20Fazla%20Urunden%20Daha%20Az%20Satmak%20Olacaktir?%20Chris%20Anderson;https://www.google.com/search?q=Cizgilerle%20Uzunkuyruk%20-%20Neden%20Ticaretin%20Gelecegi%20Daha%20Fazla%20Urunden%20Daha%20Az%20Satmak%20Olacaktir?%20Chris%20Anderson&tbm=isch;279; ;
1278;Cirkin Amerikalilar;Ben Mezrich;Cirkin Amerikalilar. Ben Mezrich;yes;;;2006;355;category?;read?;-;📋;reread?;C-1;homelibrary;https://www.google.com/search?q=Cirkin%20Amerikalilar%20Ben%20Mezrich;https://www.google.com/search?q=Cirkin%20Amerikalilar%20Ben%20Mezrich&tbm=isch;278; ;
1277;Cipler, Klonlar ve 100 Yas Otesi Yasam;Joyce A.Schoemaker, Paul J.H.Schoemaker;Cipler, Klonlar ve 100 Yas Otesi Yasam. Joyce A.Schoemaker, Paul J.H.Schoemaker;yes;;;2013;290;category?;read?;-;tbr?;reread?;B-7;homelibrary;https://www.google.com/search?q=Cipler,%20Klonlar%20ve%20100%20Yas%20Otesi%20Yasam%20Joyce%20A.Schoemaker,%20Paul%20J.H.Schoemaker;https://www.google.com/search?q=Cipler,%20Klonlar%20ve%20100%20Yas%20Otesi%20Yasam%20Joyce%20A.Schoemaker,%20Paul%20J.H.Schoemaker&tbm=isch;277; ;
1276;Ciplak Ekonomi;Charles Wheelan;Ciplak Ekonomi. Charles Wheelan;no;;;2015;336;category?;read?;-;📋;reread?;A-8;homelibrary;https://www.google.com/search?q=Ciplak%20Ekonomi%20Charles%20Wheelan;https://www.google.com/search?q=Ciplak%20Ekonomi%20Charles%20Wheelan&tbm=isch;276; ;
1275;Cinsiyet, Toplumsal Cinsiyet ve Cinsellikler - Feminist Teoriye Giris;Elsa Dorlin;Cinsiyet, Toplumsal Cinsiyet ve Cinsellikler - Feminist Teoriye Giris. Elsa Dorlin;yes;;;2023;120;category?;read?;-;📋;reread?;B-6;homelibrary;https://www.google.com/search?q=Cinsiyet,%20Toplumsal%20Cinsiyet%20ve%20Cinsellikler%20-%20Feminist%20Teoriye%20Giris%20Elsa%20Dorlin;https://www.google.com/search?q=Cinsiyet,%20Toplumsal%20Cinsiyet%20ve%20Cinsellikler%20-%20Feminist%20Teoriye%20Giris%20Elsa%20Dorlin&tbm=isch;275; ;
1274;How To Think More About Sex;Alain De Botton;How To Think More About Sex. Alain De Botton;yes;;;2013;144;category?;✅;-;tbr?;📖;D-4;homelibrary;https://www.google.com/search?q=How%20To%20Think%20More%20About%20Sex%20Alain%20De%20Botton;https://www.google.com/search?q=How%20To%20Think%20More%20About%20Sex%20Alain%20De%20Botton&tbm=isch;274; ;
1273;Cin Mucizesi;Thomas M. Campbell, T. Colin Campbell;Cin Mucizesi. Thomas M. Campbell, T. Colin Campbell;yes;;;2010;596;category?;✅;-;tbr?;📖;F-6;homelibrary;https://www.google.com/search?q=Cin%20Mucizesi%20Thomas%20M.%20Campbell,%20T.%20Colin%20Campbell;https://www.google.com/search?q=Cin%20Mucizesi%20Thomas%20M.%20Campbell,%20T.%20Colin%20Campbell&tbm=isch;273; ;
1272;Checklist Manifesto - Isler Nasil Dogru Yapilir;Atul Gawande;Checklist Manifesto - Isler Nasil Dogru Yapilir. Atul Gawande;released;;yes;2011;216;category?;read?;-;tbr?;reread?;C-2;homelibrary;https://www.google.com/search?q=Checklist%20Manifesto%20-%20Isler%20Nasil%20Dogru%20Yapilir%20Atul%20Gawande;https://www.google.com/search?q=Checklist%20Manifesto%20-%20Isler%20Nasil%20Dogru%20Yapilir%20Atul%20Gawande&tbm=isch;272; ;
1271;Chakra El Kitabi;B. J. Baginski, S. Sharamon;Chakra El Kitabi. B. J. Baginski, S. Sharamon;yes;;;2003;283;category?;✅;-;tbr?;📖;H-8;homelibrary;https://www.google.com/search?q=Chakra%20El%20Kitabi%20B.%20J.%20Baginski,%20S.%20Sharamon;https://www.google.com/search?q=Chakra%20El%20Kitabi%20B.%20J.%20Baginski,%20S.%20Sharamon&tbm=isch;271; ;
1270;Cevik Sirket;Rodney Heisterberg, Alakh Verma;Cevik Sirket. Rodney Heisterberg, Alakh Verma;no;;;2015;351;category?;read?;-;tbr?;reread?;E-2;homelibrary;https://www.google.com/search?q=Cevik%20Sirket%20Rodney%20Heisterberg,%20Alakh%20Verma;https://www.google.com/search?q=Cevik%20Sirket%20Rodney%20Heisterberg,%20Alakh%20Verma&tbm=isch;270; ;
1269;Cevaplar Kitabi;Carol Bolt;Cevaplar Kitabi. Carol Bolt;no;;;2019;704;category?;read?;-;tbr?;reread?;E-5;homelibrary;https://www.google.com/search?q=Cevaplar%20Kitabi%20Carol%20Bolt;https://www.google.com/search?q=Cevaplar%20Kitabi%20Carol%20Bolt&tbm=isch;269; ;
1268;Cesur Yeni Dunya;William Knoke;Cesur Yeni Dunya. William Knoke;released;;yes;1997;368;category?;read?;-;tbr?;reread?;E-2;homelibrary;https://www.google.com/search?q=Cesur%20Yeni%20Dunya%20William%20Knoke;https://www.google.com/search?q=Cesur%20Yeni%20Dunya%20William%20Knoke&tbm=isch;268; ;
1267;Cesur Yeni Beyin;Nancy C. Andreasen;Cesur Yeni Beyin. Nancy C. Andreasen;yes;;;2014;416;category?;read?;-;tbr?;reread?;E-9;homelibrary;https://www.google.com/search?q=Cesur%20Yeni%20Beyin%20Nancy%20C.%20Andreasen;https://www.google.com/search?q=Cesur%20Yeni%20Beyin%20Nancy%20C.%20Andreasen&tbm=isch;267; ;
1266;Cercop Avcisi;Keri Smith;Cercop Avcisi. Keri Smith;no;;;2018;208;category?;read?;-;📋;reread?;E-5;homelibrary;https://www.google.com/search?q=Cercop%20Avcisi%20Keri%20Smith;https://www.google.com/search?q=Cercop%20Avcisi%20Keri%20Smith&tbm=isch;266; ;
1265;Cennetin Dibi;Gunduz Vassaf;Cennetin Dibi. Gunduz Vassaf;yes;;;2015;251;category?;✅;-;tbr?;reread?;B-7;homelibrary;https://www.google.com/search?q=Cennetin%20Dibi%20Gunduz%20Vassaf;https://www.google.com/search?q=Cennetin%20Dibi%20Gunduz%20Vassaf&tbm=isch;265; ;
1264;Cekim Yasasi Sirri;Joe Vitale;Cekim Yasasi Sirri. Joe Vitale;yes;;;2021;272;category?;read?;-;tbr?;reread?;G-8;homelibrary;https://www.google.com/search?q=Cekim%20Yasasi%20Sirri%20Joe%20Vitale;https://www.google.com/search?q=Cekim%20Yasasi%20Sirri%20Joe%20Vitale&tbm=isch;264; ;
1263;Cehenneme Ovgu - Gundelik Hayatta Totalitarizm;Gunduz Vassaf;Cehenneme Ovgu - Gundelik Hayatta Totalitarizm. Gunduz Vassaf;yes;;;2021;279;category?;✅;-;tbr?;reread?;B-7;homelibrary;https://www.google.com/search?q=Cehenneme%20Ovgu%20-%20Gundelik%20Hayatta%20Totalitarizm%20Gunduz%20Vassaf;https://www.google.com/search?q=Cehenneme%20Ovgu%20-%20Gundelik%20Hayatta%20Totalitarizm%20Gunduz%20Vassaf&tbm=isch;263; ;
1262;Cay ve Zen;Okakura Kakuzo;Cay ve Zen. Okakura Kakuzo;released;;yes;2014;160;category?;read?;-;tbr?;reread?;H-8;homelibrary;https://www.google.com/search?q=Cay%20ve%20Zen%20Okakura%20Kakuzo;https://www.google.com/search?q=Cay%20ve%20Zen%20Okakura%20Kakuzo&tbm=isch;262; ;
1261;Cay Kitabi;Kakuzo Okakura;Cay Kitabi. Kakuzo Okakura;released;;yes;2014;80;category?;read?;-;tbr?;reread?;H-8;homelibrary;https://www.google.com/search?q=Cay%20Kitabi%20Kakuzo%20Okakura;https://www.google.com/search?q=Cay%20Kitabi%20Kakuzo%20Okakura&tbm=isch;261; ;
1260;Canli Devre - Durmaksizin Degisen Beynin Icyuzu;David Eagleman;Canli Devre - Durmaksizin Degisen Beynin Icyuzu. David Eagleman;yes;;;2021;328;category?;read?;-;tbr?;reread?;D-9;homelibrary;https://www.google.com/search?q=Canli%20Devre%20-%20Durmaksizin%20Degisen%20Beynin%20Icyuzu%20David%20Eagleman;https://www.google.com/search?q=Canli%20Devre%20-%20Durmaksizin%20Degisen%20Beynin%20Icyuzu%20David%20Eagleman&tbm=isch;260; ;
1259;Can Cekisen Kuresel Guc;Jean Baudrillard;Can Cekisen Kuresel Guc. Jean Baudrillard;no;;;2017;93;category?;read?;-;tbr?;reread?;H-4;homelibrary;https://www.google.com/search?q=Can%20Cekisen%20Kuresel%20Guc%20Jean%20Baudrillard;https://www.google.com/search?q=Can%20Cekisen%20Kuresel%20Guc%20Jean%20Baudrillard&tbm=isch;259; ;
1258;Calismaya Ruh Verenler;Roger Lewin, Birute Regine;Calismaya Ruh Verenler. Roger Lewin, Birute Regine;released;;yes;2000;400;category?;read?;-;tbr?;reread?;D-1;homelibrary;https://www.google.com/search?q=Calismaya%20Ruh%20Verenler%20Roger%20Lewin,%20Birute%20Regine;https://www.google.com/search?q=Calismaya%20Ruh%20Verenler%20Roger%20Lewin,%20Birute%20Regine&tbm=isch;258; ;
1257;Calismanin Mutlulugu ve Sikintisi;Alain De Botton;Calismanin Mutlulugu ve Sikintisi. Alain De Botton;yes;;;2018;329;category?;✅;-;tbr?;📖;D-4;homelibrary;https://www.google.com/search?q=Calismanin%20Mutlulugu%20ve%20Sikintisi%20Alain%20De%20Botton;https://www.google.com/search?q=Calismanin%20Mutlulugu%20ve%20Sikintisi%20Alain%20De%20Botton&tbm=isch;257; ;
1256;Calismanin Mitolojisi - Kapitalizm Kendine Ragmen Nasil Ayakta Kaliyor?;Peter Fleming;Calismanin Mitolojisi - Kapitalizm Kendine Ragmen Nasil Ayakta Kaliyor?. Peter Fleming;n/a;;;2017;263;Work & Career;✅;-;tbr?;📖;B-7;house-2;https://www.google.com/search?q=Calismanin%20Mitolojisi%20-%20Kapitalizm%20Kendine%20Ragmen%20Nasil%20Ayakta%20Kaliyor?%20Peter%20Fleming;https://www.google.com/search?q=Calismanin%20Mitolojisi%20-%20Kapitalizm%20Kendine%20Ragmen%20Nasil%20Ayakta%20Kaliyor?%20Peter%20Fleming&tbm=isch;256; ;
1255;Calisma Dusuncesi;John W. Budd;Calisma Dusuncesi. John W. Budd;n/a;;;2016;384;category?;read?;-;📋;reread?;E-7;house-2;https://www.google.com/search?q=Calisma%20Dusuncesi%20John%20W.%20Budd;https://www.google.com/search?q=Calisma%20Dusuncesi%20John%20W.%20Budd&tbm=isch;255; ;
1254;Calisma(ma)'nin Keyfi;Ernie J. Zelinski;Calisma(ma)'nin Keyfi. Ernie J. Zelinski;yes;;;2004;276;Work & Career;✅;-;tbr?;reread?;A-10;homelibrary;https://www.google.com/search?q=Calisma(ma)%27nin%20Keyfi%20Ernie%20J.%20Zelinski;https://www.google.com/search?q=Calisma(ma)%27nin%20Keyfi%20Ernie%20J.%20Zelinski&tbm=isch;254; ;
1253;Calisilmayan Bir Dunya;Daniel Susskind;Calisilmayan Bir Dunya. Daniel Susskind;yes;;;2021;344;category?;✅;-;tbr?;📖;C-5;homelibrary;https://www.google.com/search?q=Calisilmayan%20Bir%20Dunya%20Daniel%20Susskind;https://www.google.com/search?q=Calisilmayan%20Bir%20Dunya%20Daniel%20Susskind&tbm=isch;253; ;
1252;Calis(ma)mak - Daha Ciddi Bir Mesai;Josh Cohen;Calis(ma)mak - Daha Ciddi Bir Mesai. Josh Cohen;n/a;;;2021;264;category?;read?;-;📋;reread?;A-10;house-2;https://www.google.com/search?q=Calis(ma)mak%20-%20Daha%20Ciddi%20Bir%20Mesai%20Josh%20Cohen;https://www.google.com/search?q=Calis(ma)mak%20-%20Daha%20Ciddi%20Bir%20Mesai%20Josh%20Cohen&tbm=isch;252; ;
1251;Calinan Dikkat;Johann Hari;Calinan Dikkat. Johann Hari;n/a;;;2022;320;category?;read?;-;📋;reread?;B-5;house-2;https://www.google.com/search?q=Calinan%20Dikkat%20Johann%20Hari;https://www.google.com/search?q=Calinan%20Dikkat%20Johann%20Hari&tbm=isch;251; ;
1250;Cakralar;Anodea Judith;Cakralar. Anodea Judith;yes;;;2018;216;category?;✅;-;tbr?;📖;F-3;homelibrary;https://www.google.com/search?q=Cakralar%20Anodea%20Judith;https://www.google.com/search?q=Cakralar%20Anodea%20Judith&tbm=isch;250; ;
1249;Cakra Meditasyonu;Paul Grilley;Cakra Meditasyonu. Paul Grilley;yes;;;2021;78;category?;✅;-;tbr?;reread?;G-6;homelibrary;https://www.google.com/search?q=Cakra%20Meditasyonu%20Paul%20Grilley;https://www.google.com/search?q=Cakra%20Meditasyonu%20Paul%20Grilley&tbm=isch;249; ;
1248;Cakra Enerji Kartlari (Kutulu 156 Kart ve Kitapcik);Walter Lubeck;Cakra Enerji Kartlari (Kutulu 156 Kart ve Kitapcik). Walter Lubeck;yes;;;2012;248;category?;read?;-;tbr?;reread?;D-5;homelibrary;https://www.google.com/search?q=Cakra%20Enerji%20Kartlari%20(Kutulu%20156%20Kart%20ve%20Kitapcik)%20Walter%20Lubeck;https://www.google.com/search?q=Cakra%20Enerji%20Kartlari%20(Kutulu%20156%20Kart%20ve%20Kitapcik)%20Walter%20Lubeck&tbm=isch;248; ;
1247;Cagimizin Nevrotik Kisiligi;Karen Horney;Cagimizin Nevrotik Kisiligi. Karen Horney;yes;;;2017;200;category?;✅;-;tbr?;📖;A-5;homelibrary;https://www.google.com/search?q=Cagimizin%20Nevrotik%20Kisiligi%20Karen%20Horney;https://www.google.com/search?q=Cagimizin%20Nevrotik%20Kisiligi%20Karen%20Horney&tbm=isch;247; ;
1246;Buyusu Bozulmus Dunyayi Buyulemek;George Ritzer;Buyusu Bozulmus Dunyayi Buyulemek. George Ritzer;n/a;;;2016;336;category?;read?;-;📋;reread?;E-7;house-2;https://www.google.com/search?q=Buyusu%20Bozulmus%20Dunyayi%20Buyulemek%20George%20Ritzer;https://www.google.com/search?q=Buyusu%20Bozulmus%20Dunyayi%20Buyulemek%20George%20Ritzer&tbm=isch;246; ;
1245;Buyumek Diye Bir Sey Yok;Sarah Andersen;Buyumek Diye Bir Sey Yok. Sarah Andersen;no;;;2017;112;category?;read?;-;tbr?;reread?;E-10;homelibrary;https://www.google.com/search?q=Buyumek%20Diye%20Bir%20Sey%20Yok%20Sarah%20Andersen;https://www.google.com/search?q=Buyumek%20Diye%20Bir%20Sey%20Yok%20Sarah%20Andersen&tbm=isch;245; ;
1244;Buyume Korsanligi Pazarlamasi;Ryan Holiday;Buyume Korsanligi Pazarlamasi. Ryan Holiday;released;;yes;2017;144;category?;read?;-;tbr?;reread?;B-1;homelibrary;https://www.google.com/search?q=Buyume%20Korsanligi%20Pazarlamasi%20Ryan%20Holiday;https://www.google.com/search?q=Buyume%20Korsanligi%20Pazarlamasi%20Ryan%20Holiday&tbm=isch;244; ;
1243;Buyuk Veri ve Gelecek;Eric Siegel;Buyuk Veri ve Gelecek. Eric Siegel;no;;;2016;348;category?;read?;-;tbr?;reread?;D-1;homelibrary;https://www.google.com/search?q=Buyuk%20Veri%20ve%20Gelecek%20Eric%20Siegel;https://www.google.com/search?q=Buyuk%20Veri%20ve%20Gelecek%20Eric%20Siegel&tbm=isch;243; ;
1242;Buyuk Veri Is Basinda;Bernard Marr;Buyuk Veri Is Basinda. Bernard Marr;released;;yes;2017;296;category?;read?;-;tbr?;reread?;D-1;homelibrary;https://www.google.com/search?q=Buyuk%20Veri%20Is%20Basinda%20Bernard%20Marr;https://www.google.com/search?q=Buyuk%20Veri%20Is%20Basinda%20Bernard%20Marr&tbm=isch;242; ;
1241;Buyuk Veri - Yasama, Calisma ve Dusunme Seklimizi Donusturecek Bir Devrim;Viktor Mayer Schonberger, Kenneth Cukier;Buyuk Veri - Yasama, Calisma ve Dusunme Seklimizi Donusturecek Bir Devrim. Viktor Mayer Schonberger, Kenneth Cukier;no;;;2013;240;category?;read?;-;tbr?;reread?;C-2;homelibrary;https://www.google.com/search?q=Buyuk%20Veri%20-%20Yasama,%20Calisma%20ve%20Dusunme%20Seklimizi%20Donusturecek%20Bir%20Devrim%20Viktor%20Mayer%20Schonberger,%20Kenneth%20Cukier;https://www.google.com/search?q=Buyuk%20Veri%20-%20Yasama,%20Calisma%20ve%20Dusunme%20Seklimizi%20Donusturecek%20Bir%20Devrim%20Viktor%20Mayer%20Schonberger,%20Kenneth%20Cukier&tbm=isch;241; ;
1240;Buyuk Teknolojik Donusum;Kevin Kelly;Buyuk Teknolojik Donusum. Kevin Kelly;yes;;;2017;368;Technology & the Digital World;✅;-;tbr?;📖;E-1;homelibrary;https://www.google.com/search?q=Buyuk%20Teknolojik%20Donusum%20Kevin%20Kelly;https://www.google.com/search?q=Buyuk%20Teknolojik%20Donusum%20Kevin%20Kelly&tbm=isch;240; ;
1239;Buyuk Mor Inek;Seth Godin;Buyuk Mor Inek. Seth Godin;no;;;2006;176;category?;read?;-;tbr?;reread?;C-2;homelibrary;https://www.google.com/search?q=Buyuk%20Mor%20Inek%20Seth%20Godin;https://www.google.com/search?q=Buyuk%20Mor%20Inek%20Seth%20Godin&tbm=isch;239; ;
1238;Buyuk Kuruluslar Insani Nasil Degerlendiriyor Olaganustu Kuruluslardan Uygulamalar;Jac Fitz-Enz;Buyuk Kuruluslar Insani Nasil Degerlendiriyor Olaganustu Kuruluslardan Uygulamalar. Jac Fitz-Enz;no;;;1999;207;category?;read?;-;tbr?;reread?;E-1;homelibrary;https://www.google.com/search?q=Buyuk%20Kuruluslar%20Insani%20Nasil%20Degerlendiriyor%20Olaganustu%20Kuruluslardan%20Uygulamalar%20Jac%20Fitz-Enz;https://www.google.com/search?q=Buyuk%20Kuruluslar%20Insani%20Nasil%20Degerlendiriyor%20Olaganustu%20Kuruluslardan%20Uygulamalar%20Jac%20Fitz-Enz&tbm=isch;238; ;
1237;Buyuk Guclerin Yukselis ve Cokusleri;Paul Kennedy;Buyuk Guclerin Yukselis ve Cokusleri. Paul Kennedy;no;;;2017;762;category?;read?;-;📋;reread?;H-5;homelibrary;https://www.google.com/search?q=Buyuk%20Guclerin%20Yukselis%20ve%20Cokusleri%20Paul%20Kennedy;https://www.google.com/search?q=Buyuk%20Guclerin%20Yukselis%20ve%20Cokusleri%20Paul%20Kennedy&tbm=isch;237; ;
1236;Buyuk Gerileme - Zamanimizin Ruhu Uzerine Uluslararasi Bir Tartisma;Heinrich Geiselberger;Buyuk Gerileme - Zamanimizin Ruhu Uzerine Uluslararasi Bir Tartisma. Heinrich Geiselberger;yes;;;2017;232;category?;read?;-;tbr?;reread?;F-5;homelibrary;https://www.google.com/search?q=Buyuk%20Gerileme%20-%20Zamanimizin%20Ruhu%20Uzerine%20Uluslararasi%20Bir%20Tartisma%20Heinrich%20Geiselberger;https://www.google.com/search?q=Buyuk%20Gerileme%20-%20Zamanimizin%20Ruhu%20Uzerine%20Uluslararasi%20Bir%20Tartisma%20Heinrich%20Geiselberger&tbm=isch;236; ;
1235;Buyuk Cozulme;Francis Fukuyama;Buyuk Cozulme. Francis Fukuyama;yes;;;2009;456;category?;read?;-;📋;reread?;G-3;homelibrary;https://www.google.com/search?q=Buyuk%20Cozulme%20Francis%20Fukuyama;https://www.google.com/search?q=Buyuk%20Cozulme%20Francis%20Fukuyama&tbm=isch;235; ;
1234;Buyuk Acik - Kiyamet Carkinin Icinde;Michael Lewis;Buyuk Acik - Kiyamet Carkinin Icinde. Michael Lewis;yes;;;2011;346;category?;✅;-;tbr?;reread?;C-2;homelibrary;https://www.google.com/search?q=Buyuk%20Acik%20-%20Kiyamet%20Carkinin%20Icinde%20Michael%20Lewis;https://www.google.com/search?q=Buyuk%20Acik%20-%20Kiyamet%20Carkinin%20Icinde%20Michael%20Lewis&tbm=isch;234; ;
1233;Buyology - Satin Almaya Dair Bildigimiz Her Sey Neden Yanlis?;Martin Lindstrom;Buyology - Satin Almaya Dair Bildigimiz Her Sey Neden Yanlis?. Martin Lindstrom;no;;;2011;230;Consumer & Marketing;✅;-;tbr?;📖;A-2;homelibrary;https://www.google.com/search?q=Buyology%20-%20Satin%20Almaya%20Dair%20Bildigimiz%20Her%20Sey%20Neden%20Yanlis?%20Martin%20Lindstrom;https://www.google.com/search?q=Buyology%20-%20Satin%20Almaya%20Dair%20Bildigimiz%20Her%20Sey%20Neden%20Yanlis?%20Martin%20Lindstrom&tbm=isch;233; ;
1232;Butun Cocuklar Iyidir;Nihan Kaya;Butun Cocuklar Iyidir. Nihan Kaya;yes;;;2020;72;category?;✅;-;tbr?;📖;A-9;homelibrary;https://www.google.com/search?q=Butun%20Cocuklar%20Iyidir%20Nihan%20Kaya;https://www.google.com/search?q=Butun%20Cocuklar%20Iyidir%20Nihan%20Kaya&tbm=isch;232; ;
1231;Business Romantik;Tim Leberecht;Business Romantik. Tim Leberecht;no;;;2015;348;Creativity & Expression;✅;-;tbr?;reread?;C-2;homelibrary;https://www.google.com/search?q=Business%20Romantik%20Tim%20Leberecht;https://www.google.com/search?q=Business%20Romantik%20Tim%20Leberecht&tbm=isch;231; ;
1230;Bunlar Daha Iyi Gunlerimiz - Kapitalizm Sonrasinda Hayatta Kalmak Icin Bir Rehber;Peter Fleming;Bunlar Daha Iyi Gunlerimiz - Kapitalizm Sonrasinda Hayatta Kalmak Icin Bir Rehber. Peter Fleming;yes;;;2021;119;category?;read?;-;📋;reread?;A-10;homelibrary;https://www.google.com/search?q=Bunlar%20Daha%20Iyi%20Gunlerimiz%20-%20Kapitalizm%20Sonrasinda%20Hayatta%20Kalmak%20Icin%20Bir%20Rehber%20Peter%20Fleming;https://www.google.com/search?q=Bunlar%20Daha%20Iyi%20Gunlerimiz%20-%20Kapitalizm%20Sonrasinda%20Hayatta%20Kalmak%20Icin%20Bir%20Rehber%20Peter%20Fleming&tbm=isch;230; ;
1229;Bumerang - Yeni Ucuncu Dunyaya Yolculuk;Michael Lewis;Bumerang - Yeni Ucuncu Dunyaya Yolculuk. Michael Lewis;yes;;;2013;224;category?;read?;-;tbr?;reread?;C-1;homelibrary;https://www.google.com/search?q=Bumerang%20-%20Yeni%20Ucuncu%20Dunyaya%20Yolculuk%20Michael%20Lewis;https://www.google.com/search?q=Bumerang%20-%20Yeni%20Ucuncu%20Dunyaya%20Yolculuk%20Michael%20Lewis&tbm=isch;229; ;
1228;Bulut Bilisim Icin Yonetim Stratejileri;Charles Babcock;Bulut Bilisim Icin Yonetim Stratejileri. Charles Babcock;no;;;2011;204;category?;read?;-;tbr?;reread?;E-2;homelibrary;https://www.google.com/search?q=Bulut%20Bilisim%20Icin%20Yonetim%20Stratejileri%20Charles%20Babcock;https://www.google.com/search?q=Bulut%20Bilisim%20Icin%20Yonetim%20Stratejileri%20Charles%20Babcock&tbm=isch;228; ;
1227;Bugun En Guzel Gun Olsun;Fatos Ayvaz;Bugun En Guzel Gun Olsun. Fatos Ayvaz;released;;yes;2018;400;category?;read?;-;tbr?;reread?;E-5;homelibrary;https://www.google.com/search?q=Bugun%20En%20Guzel%20Gun%20Olsun%20Fatos%20Ayvaz;https://www.google.com/search?q=Bugun%20En%20Guzel%20Gun%20Olsun%20Fatos%20Ayvaz&tbm=isch;227; ;
1226;Bu Ulkeden Gitmek;H. Ilksen Mavituna, Gozde Kazaz;Bu Ulkeden Gitmek. H. Ilksen Mavituna, Gozde Kazaz;yes;;;2018;136;category?;✅;-;tbr?;reread?;A-3;homelibrary;https://www.google.com/search?q=Bu%20Ulkeden%20Gitmek%20H.%20Ilksen%20Mavituna,%20Gozde%20Kazaz;https://www.google.com/search?q=Bu%20Ulkeden%20Gitmek%20H.%20Ilksen%20Mavituna,%20Gozde%20Kazaz&tbm=isch;226; ;
1225;Bu Kitap Senin Icin;Worry Lines;Bu Kitap Senin Icin. Worry Lines;no;;;2022;208;category?;✅;-;tbr?;📖;E-5;homelibrary;https://www.google.com/search?q=Bu%20Kitap%20Senin%20Icin%20Worry%20Lines;https://www.google.com/search?q=Bu%20Kitap%20Senin%20Icin%20Worry%20Lines&tbm=isch;225; ;
1224;Bu Kitabi Bitir;Keri Smith;Bu Kitabi Bitir. Keri Smith;yes;;;2018;208;category?;read?;-;tbr?;reread?;D-9;homelibrary;https://www.google.com/search?q=Bu%20Kitabi%20Bitir%20Keri%20Smith;https://www.google.com/search?q=Bu%20Kitabi%20Bitir%20Keri%20Smith&tbm=isch;224; ;
1223;Bu Bir Kitap Degil;Keri Smith;Bu Bir Kitap Degil. Keri Smith;no;;;2016;232;category?;read?;-;📋;reread?;E-5;homelibrary;https://www.google.com/search?q=Bu%20Bir%20Kitap%20Degil%20Keri%20Smith;https://www.google.com/search?q=Bu%20Bir%20Kitap%20Degil%20Keri%20Smith&tbm=isch;223; ;
1222;Brandwashed - Pazarlama ve Reklamcilik Sektorunun Uyguladigi Hilelere Carpici Bir Bakis;Martin Lindstrom;Brandwashed - Pazarlama ve Reklamcilik Sektorunun Uyguladigi Hilelere Carpici Bir Bakis. Martin Lindstrom;no;;;2012;318;Consumer & Marketing;✅;-;tbr?;📖;A-2;homelibrary;https://www.google.com/search?q=Brandwashed%20-%20Pazarlama%20ve%20Reklamcilik%20Sektorunun%20Uyguladigi%20Hilelere%20Carpici%20Bir%20Bakis%20Martin%20Lindstrom;https://www.google.com/search?q=Brandwashed%20-%20Pazarlama%20ve%20Reklamcilik%20Sektorunun%20Uyguladigi%20Hilelere%20Carpici%20Bir%20Bakis%20Martin%20Lindstrom&tbm=isch;222; ;
1221;Brand Child Gunumuz Dunya Cocuklarinin Satinalma Gucleri, Tuketim Tercihleri ve Markalarla Olan Iliskileri;Martin Lindstrom;Brand Child Gunumuz Dunya Cocuklarinin Satinalma Gucleri, Tuketim Tercihleri ve Markalarla Olan Iliskileri. Martin Lindstrom;no;;;2003;321;category?;read?;-;tbr?;reread?;A-2;homelibrary;https://www.google.com/search?q=Brand%20Child%20Gunumuz%20Dunya%20Cocuklarinin%20Satinalma%20Gucleri,%20Tuketim%20Tercihleri%20ve%20Markalarla%20Olan%20Iliskileri%20Martin%20Lindstrom;https://www.google.com/search?q=Brand%20Child%20Gunumuz%20Dunya%20Cocuklarinin%20Satinalma%20Gucleri,%20Tuketim%20Tercihleri%20ve%20Markalarla%20Olan%20Iliskileri%20Martin%20Lindstrom&tbm=isch;221; ;
1220;Brain Up - Beyninizi Yeniden Yapilandirin;John B. Arden;Brain Up - Beyninizi Yeniden Yapilandirin. John B. Arden;yes;;;2017;308;category?;read?;-;tbr?;reread?;E-8;homelibrary;https://www.google.com/search?q=Brain%20Up%20-%20Beyninizi%20Yeniden%20Yapilandirin%20John%20B.%20Arden;https://www.google.com/search?q=Brain%20Up%20-%20Beyninizi%20Yeniden%20Yapilandirin%20John%20B.%20Arden&tbm=isch;220; ;
1219;Bozuk Parcan Yok;Richard C. Schwartz;Bozuk Parcan Yok. Richard C. Schwartz;yes;;;2022;264;category?;read?;-;📋;reread?;B-5;homelibrary;https://www.google.com/search?q=Bozuk%20Parcan%20Yok%20Richard%20C.%20Schwartz;https://www.google.com/search?q=Bozuk%20Parcan%20Yok%20Richard%20C.%20Schwartz&tbm=isch;219; ;
1218;Boyle Bir Dunyaya Cocuk Getirmek;Tom Whyman;Boyle Bir Dunyaya Cocuk Getirmek. Tom Whyman;yes;;;2021;212;category?;✅;-;tbr?;📖;B-6;homelibrary;https://www.google.com/search?q=Boyle%20Bir%20Dunyaya%20Cocuk%20Getirmek%20Tom%20Whyman;https://www.google.com/search?q=Boyle%20Bir%20Dunyaya%20Cocuk%20Getirmek%20Tom%20Whyman&tbm=isch;218; ;
1217;Bosluk Hissi - Cocuklukta Ihmalin Izi;Jonice Webb, Christine Musello;Bosluk Hissi - Cocuklukta Ihmalin Izi. Jonice Webb, Christine Musello;yes;;;2021;308;Psychology & Mental Life;✅;-;tbr?;reread?;A-6;homelibrary;https://www.google.com/search?q=Bosluk%20Hissi%20-%20Cocuklukta%20Ihmalin%20Izi%20Jonice%20Webb,%20Christine%20Musello;https://www.google.com/search?q=Bosluk%20Hissi%20-%20Cocuklukta%20Ihmalin%20Izi%20Jonice%20Webb,%20Christine%20Musello&tbm=isch;217; ;
1216;Bos Sayfa - Insan Dogasinin Modern Inkar;Steven Pinker;Bos Sayfa - Insan Dogasinin Modern Inkar. Steven Pinker;yes;;;2016;581;category?;read?;-;tbr?;reread?;B-3;homelibrary;https://www.google.com/search?q=Bos%20Sayfa%20-%20Insan%20Dogasinin%20Modern%20Inkar%20Steven%20Pinker;https://www.google.com/search?q=Bos%20Sayfa%20-%20Insan%20Dogasinin%20Modern%20Inkar%20Steven%20Pinker&tbm=isch;216; ;
1215;Bos Gezegen;Darrell Bricker, John Ibbitson;Bos Gezegen. Darrell Bricker, John Ibbitson;yes;;;2022;312;category?;read?;-;tbr?;reread?;H-6;homelibrary;https://www.google.com/search?q=Bos%20Gezegen%20Darrell%20Bricker,%20John%20Ibbitson;https://www.google.com/search?q=Bos%20Gezegen%20Darrell%20Bricker,%20John%20Ibbitson&tbm=isch;215; ;
1214;Bos Ayna;Karyl McBride;Bos Ayna. Karyl McBride;yes;;;2019;280;category?;read?;-;tbr?;reread?;B-5;homelibrary;https://www.google.com/search?q=Bos%20Ayna%20Karyl%20McBride;https://www.google.com/search?q=Bos%20Ayna%20Karyl%20McBride&tbm=isch;214; ;
1213;Bolunmus Bir Dunyada Akil Sagligimizi Nasil Koruruz;Elif Safak;Bolunmus Bir Dunyada Akil Sagligimizi Nasil Koruruz. Elif Safak;yes;;;2022;120;category?;✅;-;tbr?;📖;E-7;homelibrary;https://www.google.com/search?q=Bolunmus%20Bir%20Dunyada%20Akil%20Sagligimizi%20Nasil%20Koruruz%20Elif%20Safak;https://www.google.com/search?q=Bolunmus%20Bir%20Dunyada%20Akil%20Sagligimizi%20Nasil%20Koruruz%20Elif%20Safak&tbm=isch;213; ;
1212;Bolluk Paradoksu;Barry Schwartz;Bolluk Paradoksu. Barry Schwartz;yes;;;2018;280;category?;✅;-;tbr?;📖;C-6;homelibrary;https://www.google.com/search?q=Bolluk%20Paradoksu%20Barry%20Schwartz;https://www.google.com/search?q=Bolluk%20Paradoksu%20Barry%20Schwartz&tbm=isch;212; ;
1211;Bolluk - Gelecek Cok Daha Guzel Olacak;Peter H. Diamandis, Steven Kotler;Bolluk - Gelecek Cok Daha Guzel Olacak. Peter H. Diamandis, Steven Kotler;no;;;2013;397;Science & Discovery;✅;-;tbr?;📖;H-6;homelibrary;https://www.google.com/search?q=Bolluk%20-%20Gelecek%20Cok%20Daha%20Guzel%20Olacak%20Peter%20H.%20Diamandis,%20Steven%20Kotler;https://www.google.com/search?q=Bolluk%20-%20Gelecek%20Cok%20Daha%20Guzel%20Olacak%20Peter%20H.%20Diamandis,%20Steven%20Kotler&tbm=isch;211; ;
1210;Blink - Dusunmeden Dusunebilmenin Gucu;Malcolm Gladwell;Blink - Dusunmeden Dusunebilmenin Gucu. Malcolm Gladwell;yes;;;2014;284;category?;✅;-;tbr?;📖;C-7;homelibrary;https://www.google.com/search?q=Blink%20-%20Dusunmeden%20Dusunebilmenin%20Gucu%20Malcolm%20Gladwell;https://www.google.com/search?q=Blink%20-%20Dusunmeden%20Dusunebilmenin%20Gucu%20Malcolm%20Gladwell&tbm=isch;210; ;
1209;Biz ve Onlar - Hayvanlarla Bagimizi Anlamak;Leslie Irvine;Biz ve Onlar - Hayvanlarla Bagimizi Anlamak. Leslie Irvine;yes;;;2011;262;category?;read?;-;📋;reread?;G-4;homelibrary;https://www.google.com/search?q=Biz%20ve%20Onlar%20-%20Hayvanlarla%20Bagimizi%20Anlamak%20Leslie%20Irvine;https://www.google.com/search?q=Biz%20ve%20Onlar%20-%20Hayvanlarla%20Bagimizi%20Anlamak%20Leslie%20Irvine&tbm=isch;209; ;
1208;Biyoteknoloji Yuzyili;Jeremy Rifkin;Biyoteknoloji Yuzyili. Jeremy Rifkin;no;;;1998;326;category?;read?;-;tbr?;reread?;C-7;homelibrary;https://www.google.com/search?q=Biyoteknoloji%20Yuzyili%20Jeremy%20Rifkin;https://www.google.com/search?q=Biyoteknoloji%20Yuzyili%20Jeremy%20Rifkin&tbm=isch;208; ;
1207;Biyocesitlilik;Stefano Mancuso, Carlo Petrini;Biyocesitlilik. Stefano Mancuso, Carlo Petrini;released;;yes;2021;80;category?;read?;-;tbr?;reread?;F-6;homelibrary;https://www.google.com/search?q=Biyocesitlilik%20Stefano%20Mancuso,%20Carlo%20Petrini;https://www.google.com/search?q=Biyocesitlilik%20Stefano%20Mancuso,%20Carlo%20Petrini&tbm=isch;207; ;
1206;Biyo-Inovasyon;Renato Bruni;Biyo-Inovasyon. Renato Bruni;yes;;;2019;224;category?;read?;-;tbr?;reread?;F-6;homelibrary;https://www.google.com/search?q=Biyo-Inovasyon%20Renato%20Bruni;https://www.google.com/search?q=Biyo-Inovasyon%20Renato%20Bruni&tbm=isch;206; ;
1205;Bitkilerin Inanilmaz Yolculugu;Stefano Mancuso;Bitkilerin Inanilmaz Yolculugu. Stefano Mancuso;released;;yes;2022;168;category?;read?;-;tbr?;reread?;F-6;homelibrary;https://www.google.com/search?q=Bitkilerin%20Inanilmaz%20Yolculugu%20Stefano%20Mancuso;https://www.google.com/search?q=Bitkilerin%20Inanilmaz%20Yolculugu%20Stefano%20Mancuso&tbm=isch;205; ;
1204;Bitkilere Asik Adamlar;Stefano Mancuso;Bitkilere Asik Adamlar. Stefano Mancuso;released;;yes;2020;144;category?;read?;-;tbr?;reread?;F-6;homelibrary;https://www.google.com/search?q=Bitkilere%20Asik%20Adamlar%20Stefano%20Mancuso;https://www.google.com/search?q=Bitkilere%20Asik%20Adamlar%20Stefano%20Mancuso&tbm=isch;204; ;
1203;Bitki Zekasi;Stefano Mancuso, Alessandra Viola;Bitki Zekasi. Stefano Mancuso, Alessandra Viola;no;;;2019;144;category?;read?;-;tbr?;reread?;F-6;homelibrary;https://www.google.com/search?q=Bitki%20Zekasi%20Stefano%20Mancuso,%20Alessandra%20Viola;https://www.google.com/search?q=Bitki%20Zekasi%20Stefano%20Mancuso,%20Alessandra%20Viola&tbm=isch;203; ;
1202;Bitki Ulusu;Stefano Mancuso;Bitki Ulusu. Stefano Mancuso;released;;yes;2022;120;category?;read?;-;tbr?;reread?;F-6;homelibrary;https://www.google.com/search?q=Bitki%20Ulusu%20Stefano%20Mancuso;https://www.google.com/search?q=Bitki%20Ulusu%20Stefano%20Mancuso&tbm=isch;202; ;
1201;Bitki Devrimi;Stefano Mancuso;Bitki Devrimi. Stefano Mancuso;no;;;2021;224;category?;read?;-;tbr?;reread?;F-6;homelibrary;https://www.google.com/search?q=Bitki%20Devrimi%20Stefano%20Mancuso;https://www.google.com/search?q=Bitki%20Devrimi%20Stefano%20Mancuso&tbm=isch;201; ;
1200;Biskuviyi Caya Yatay Bandirin - Gundelik Hayata Dair 104 Garip Bilimsel Gercek;Rik Kuiper, Tonie Mudde;Biskuviyi Caya Yatay Bandirin - Gundelik Hayata Dair 104 Garip Bilimsel Gercek. Rik Kuiper, Tonie Mudde;released;;yes;2011;216;category?;✅;-;tbr?;reread?;D-3;homelibrary;https://www.google.com/search?q=Biskuviyi%20Caya%20Yatay%20Bandirin%20-%20Gundelik%20Hayata%20Dair%20104%20Garip%20Bilimsel%20Gercek%20Rik%20Kuiper,%20Tonie%20Mudde;https://www.google.com/search?q=Biskuviyi%20Caya%20Yatay%20Bandirin%20-%20Gundelik%20Hayata%20Dair%20104%20Garip%20Bilimsel%20Gercek%20Rik%20Kuiper,%20Tonie%20Mudde&tbm=isch;200; ;
1199;Birakmak;David R. Hawkins;Birakmak. David R. Hawkins;released;;yes;2023;336;category?;read?;-;tbr?;reread?;F-3;homelibrary;https://www.google.com/search?q=Birakmak%20David%20R.%20Hawkins;https://www.google.com/search?q=Birakmak%20David%20R.%20Hawkins&tbm=isch;199; ;
1198;Birak Daginik Kalsin - Kaza ve Hatalar Kilavuzu;Keri Smith;Birak Daginik Kalsin - Kaza ve Hatalar Kilavuzu. Keri Smith;yes;;;2015;224;category?;read?;-;📋;reread?;E-5;homelibrary;https://www.google.com/search?q=Birak%20Daginik%20Kalsin%20-%20Kaza%20ve%20Hatalar%20Kilavuzu%20Keri%20Smith;https://www.google.com/search?q=Birak%20Daginik%20Kalsin%20-%20Kaza%20ve%20Hatalar%20Kilavuzu%20Keri%20Smith&tbm=isch;198; ;
1197;Birak Daginik Kalsin;Rik Kuiper, Tonie Mudde;Birak Daginik Kalsin. Rik Kuiper, Tonie Mudde;released;;yes;2013;200;category?;✅;-;tbr?;reread?;D-3;homelibrary;https://www.google.com/search?q=Birak%20Daginik%20Kalsin%20Rik%20Kuiper,%20Tonie%20Mudde;https://www.google.com/search?q=Birak%20Daginik%20Kalsin%20Rik%20Kuiper,%20Tonie%20Mudde&tbm=isch;197; ;
1196;Bir Zihin Yaratmak - Insan Dusuncesinin Esrari;Ray Kurzweil;Bir Zihin Yaratmak - Insan Dusuncesinin Esrari. Ray Kurzweil;yes;;;2015;282;category?;read?;-;tbr?;reread?;C-9;homelibrary;https://www.google.com/search?q=Bir%20Zihin%20Yaratmak%20-%20Insan%20Dusuncesinin%20Esrari%20Ray%20Kurzweil;https://www.google.com/search?q=Bir%20Zihin%20Yaratmak%20-%20Insan%20Dusuncesinin%20Esrari%20Ray%20Kurzweil&tbm=isch;196; ;
1195;Bir Zamanlar Amerika;Thomas Friedman, Michael Mandelbaum;Bir Zamanlar Amerika. Thomas Friedman, Michael Mandelbaum;no;;;2015;420;category?;read?;-;tbr?;reread?;G-10;homelibrary;https://www.google.com/search?q=Bir%20Zamanlar%20Amerika%20Thomas%20Friedman,%20Michael%20Mandelbaum;https://www.google.com/search?q=Bir%20Zamanlar%20Amerika%20Thomas%20Friedman,%20Michael%20Mandelbaum&tbm=isch;195; ;
1194;Bir Yogi'nin Otobiyografisi;Sri Sri Paramahansa Yogananda;Bir Yogi'nin Otobiyografisi. Sri Sri Paramahansa Yogananda;yes;;;2015;576;category?;read?;-;tbr?;reread?;G-9;homelibrary;https://www.google.com/search?q=Bir%20Yogi%27nin%20Otobiyografisi%20Sri%20Sri%20Paramahansa%20Yogananda;https://www.google.com/search?q=Bir%20Yogi%27nin%20Otobiyografisi%20Sri%20Sri%20Paramahansa%20Yogananda&tbm=isch;194; ;
1193;Bir Vegan ile Evlendim - Maalesef Gercek Bir Hikaye;Fausto Brizzi;Bir Vegan ile Evlendim - Maalesef Gercek Bir Hikaye. Fausto Brizzi;released;;yes;2020;144;category?;✅;-;tbr?;reread?;F-4;homelibrary;https://www.google.com/search?q=Bir%20Vegan%20ile%20Evlendim%20-%20Maalesef%20Gercek%20Bir%20Hikaye%20Fausto%20Brizzi;https://www.google.com/search?q=Bir%20Vegan%20ile%20Evlendim%20-%20Maalesef%20Gercek%20Bir%20Hikaye%20Fausto%20Brizzi&tbm=isch;193; ;
1192;Bir Tek Sey;Gary Keller, Jay Papasan;Bir Tek Sey. Gary Keller, Jay Papasan;released;;yes;2017;256;category?;✅;-;tbr?;reread?;F-3;homelibrary;https://www.google.com/search?q=Bir%20Tek%20Sey%20Gary%20Keller,%20Jay%20Papasan;https://www.google.com/search?q=Bir%20Tek%20Sey%20Gary%20Keller,%20Jay%20Papasan&tbm=isch;192; ;
1191;Bir Sanatci Gibi Araklayin - Yaratici Olmak Hakkinda Kimsenin Size Soylemedigi 10 Sey;Austin Kleon;Bir Sanatci Gibi Araklayin - Yaratici Olmak Hakkinda Kimsenin Size Soylemedigi 10 Sey. Austin Kleon;yes;;;2012;160;category?;✅;-;tbr?;📖;E-4;homelibrary;https://www.google.com/search?q=Bir%20Sanatci%20Gibi%20Araklayin%20-%20Yaratici%20Olmak%20Hakkinda%20Kimsenin%20Size%20Soylemedigi%2010%20Sey%20Austin%20Kleon;https://www.google.com/search?q=Bir%20Sanatci%20Gibi%20Araklayin%20-%20Yaratici%20Olmak%20Hakkinda%20Kimsenin%20Size%20Soylemedigi%2010%20Sey%20Austin%20Kleon&tbm=isch;191; ;
1190;Bir Sahtekar Gibi Dusunmek;Maria Konnikova;Bir Sahtekar Gibi Dusunmek. Maria Konnikova;no;;;2017;336;category?;read?;-;tbr?;reread?;F-3;homelibrary;https://www.google.com/search?q=Bir%20Sahtekar%20Gibi%20Dusunmek%20Maria%20Konnikova;https://www.google.com/search?q=Bir%20Sahtekar%20Gibi%20Dusunmek%20Maria%20Konnikova&tbm=isch;190; ;
1189;Bir Kustan Oburune - Hayat ve Yazmak Uzerine Tavsiyeler;Anne Lamott;Bir Kustan Oburune - Hayat ve Yazmak Uzerine Tavsiyeler. Anne Lamott;yes;;;2021;240;category?;read?;-;📋;reread?;D-5;homelibrary;https://www.google.com/search?q=Bir%20Kustan%20Oburune%20-%20Hayat%20ve%20Yazmak%20Uzerine%20Tavsiyeler%20Anne%20Lamott;https://www.google.com/search?q=Bir%20Kustan%20Oburune%20-%20Hayat%20ve%20Yazmak%20Uzerine%20Tavsiyeler%20Anne%20Lamott&tbm=isch;189; ;
1188;Made in Japan - Akio Morita and Sony;Akio Morita;Made in Japan - Akio Morita and Sony. Akio Morita;released;;yes;1988;343;category?;read?;-;tbr?;reread?;F-1;homelibrary;https://www.google.com/search?q=Made%20in%20Japan%20-%20Akio%20Morita%20and%20Sony%20Akio%20Morita;https://www.google.com/search?q=Made%20in%20Japan%20-%20Akio%20Morita%20and%20Sony%20Akio%20Morita&tbm=isch;188; ;
1187;Bir Issizin Gunlugu ve Is Arayanlara Oneriler;Dogan Satmis;Bir Issizin Gunlugu ve Is Arayanlara Oneriler. Dogan Satmis;released;;yes;2015;254;category?;read?;-;tbr?;reread?;A-3;homelibrary;https://www.google.com/search?q=Bir%20Issizin%20Gunlugu%20ve%20Is%20Arayanlara%20Oneriler%20Dogan%20Satmis;https://www.google.com/search?q=Bir%20Issizin%20Gunlugu%20ve%20Is%20Arayanlara%20Oneriler%20Dogan%20Satmis&tbm=isch;187; ;
1186;Bir Gunde MBA;Steven Stralser;Bir Gunde MBA. Steven Stralser;no;;;2015;296;category?;read?;-;tbr?;reread?;D-1;homelibrary;https://www.google.com/search?q=Bir%20Gunde%20MBA%20Steven%20Stralser;https://www.google.com/search?q=Bir%20Gunde%20MBA%20Steven%20Stralser&tbm=isch;186; ;
1185;Bir Gunde Bir Milyon Yil;Greg Jenner;Bir Gunde Bir Milyon Yil. Greg Jenner;no;;;2016;384;category?;read?;-;tbr?;reread?;G-3;homelibrary;https://www.google.com/search?q=Bir%20Gunde%20Bir%20Milyon%20Yil%20Greg%20Jenner;https://www.google.com/search?q=Bir%20Gunde%20Bir%20Milyon%20Yil%20Greg%20Jenner&tbm=isch;185; ;
1184;Bir Ekonomik Tetikcinin Yeni Itiraflari;John Perkins;Bir Ekonomik Tetikcinin Yeni Itiraflari. John Perkins;no;;;2017;408;category?;read?;-;📋;reread?;A-8;homelibrary;https://www.google.com/search?q=Bir%20Ekonomik%20Tetikcinin%20Yeni%20Itiraflari%20John%20Perkins;https://www.google.com/search?q=Bir%20Ekonomik%20Tetikcinin%20Yeni%20Itiraflari%20John%20Perkins&tbm=isch;184; ;
1183;Bir Ekonomik Tetikcinin Itiraflari 3;Steven Hiatt;Bir Ekonomik Tetikcinin Itiraflari 3. Steven Hiatt;no;;;2014;558;category?;read?;-;📋;reread?;A-8;homelibrary;https://www.google.com/search?q=Bir%20Ekonomik%20Tetikcinin%20Itiraflari%203%20Steven%20Hiatt;https://www.google.com/search?q=Bir%20Ekonomik%20Tetikcinin%20Itiraflari%203%20Steven%20Hiatt&tbm=isch;183; ;
1182;Bir Ekonomik Tetikcinin Itiraflari 2;John Perkins;Bir Ekonomik Tetikcinin Itiraflari 2. John Perkins;no;;;2014;508;category?;read?;-;📋;reread?;A-8;homelibrary;https://www.google.com/search?q=Bir%20Ekonomik%20Tetikcinin%20Itiraflari%202%20John%20Perkins;https://www.google.com/search?q=Bir%20Ekonomik%20Tetikcinin%20Itiraflari%202%20John%20Perkins&tbm=isch;182; ;
1181;Bir Ekonomik Tetikcinin Itiraflari;John Perkins;Bir Ekonomik Tetikcinin Itiraflari. John Perkins;no;;;2014;400;category?;read?;-;📋;reread?;A-8;homelibrary;https://www.google.com/search?q=Bir%20Ekonomik%20Tetikcinin%20Itiraflari%20John%20Perkins;https://www.google.com/search?q=Bir%20Ekonomik%20Tetikcinin%20Itiraflari%20John%20Perkins&tbm=isch;181; ;
1180;Bir Bakista Psikoloji;Nick Hayes, Sarah Tomley;Bir Bakista Psikoloji. Nick Hayes, Sarah Tomley;no;;;2021;176;category?;read?;-;tbr?;reread?;E-10;homelibrary;https://www.google.com/search?q=Bir%20Bakista%20Psikoloji%20Nick%20Hayes,%20Sarah%20Tomley;https://www.google.com/search?q=Bir%20Bakista%20Psikoloji%20Nick%20Hayes,%20Sarah%20Tomley&tbm=isch;180; ;
1179;Bilmek Seni Ozgur Kilacak;Alice Miller;Bilmek Seni Ozgur Kilacak. Alice Miller;yes;;;2021;168;category?;read?;-;📋;reread?;A-5;homelibrary;https://www.google.com/search?q=Bilmek%20Seni%20Ozgur%20Kilacak%20Alice%20Miller;https://www.google.com/search?q=Bilmek%20Seni%20Ozgur%20Kilacak%20Alice%20Miller&tbm=isch;179; ;
1178;Bilincaltinin Gucu - Zihinsel ve Bedensel Iyilesme;Joseph Murphy;Bilincaltinin Gucu - Zihinsel ve Bedensel Iyilesme. Joseph Murphy;yes;;;2020;286;category?;read?;-;📋;reread?;G-6;homelibrary;https://www.google.com/search?q=Bilincaltinin%20Gucu%20-%20Zihinsel%20ve%20Bedensel%20Iyilesme%20Joseph%20Murphy;https://www.google.com/search?q=Bilincaltinin%20Gucu%20-%20Zihinsel%20ve%20Bedensel%20Iyilesme%20Joseph%20Murphy&tbm=isch;178; ;
1177;Bilincaltini Ayartmak - Reklam Psikolojisi;Robert Heath;Bilincaltini Ayartmak - Reklam Psikolojisi. Robert Heath;yes;;;2022;288;category?;read?;-;📋;reread?;C-10;homelibrary;https://www.google.com/search?q=Bilincaltini%20Ayartmak%20-%20Reklam%20Psikolojisi%20Robert%20Heath;https://www.google.com/search?q=Bilincaltini%20Ayartmak%20-%20Reklam%20Psikolojisi%20Robert%20Heath&tbm=isch;177; ;
1176;Bilincaltindaki Reklamlar - Reklamlar Bizi Nasil Etkiler?;Robert Heath;Bilincaltindaki Reklamlar - Reklamlar Bizi Nasil Etkiler?. Robert Heath;yes;;;2013;352;category?;read?;-;📋;reread?;C-10;homelibrary;https://www.google.com/search?q=Bilincaltindaki%20Reklamlar%20-%20Reklamlar%20Bizi%20Nasil%20Etkiler?%20Robert%20Heath;https://www.google.com/search?q=Bilincaltindaki%20Reklamlar%20-%20Reklamlar%20Bizi%20Nasil%20Etkiler?%20Robert%20Heath&tbm=isch;176; ;
1175;Bilincalti Zihninizin Gucu;C. James Jensen;Bilincalti Zihninizin Gucu. C. James Jensen;yes;;;2019;224;category?;✅;-;tbr?;reread?;F-3;homelibrary;https://www.google.com/search?q=Bilincalti%20Zihninizin%20Gucu%20C.%20James%20Jensen;https://www.google.com/search?q=Bilincalti%20Zihninizin%20Gucu%20C.%20James%20Jensen&tbm=isch;175; ;
1174;Bilimsel Yonetimin Ilkeleri;Frederick Winslon Taylor;Bilimsel Yonetimin Ilkeleri. Frederick Winslon Taylor;released;;yes;2005;92;category?;read?;-;tbr?;reread?;G-3;homelibrary;https://www.google.com/search?q=Bilimsel%20Yonetimin%20Ilkeleri%20Frederick%20Winslon%20Taylor;https://www.google.com/search?q=Bilimsel%20Yonetimin%20Ilkeleri%20Frederick%20Winslon%20Taylor&tbm=isch;174; ;
1173;Bilime Sevdalanmak - Akilda Kalan Nesneler;Sherry Turkle;Bilime Sevdalanmak - Akilda Kalan Nesneler. Sherry Turkle;yes;;;2009;304;category?;read?;-;tbr?;reread?;C-6;homelibrary;https://www.google.com/search?q=Bilime%20Sevdalanmak%20-%20Akilda%20Kalan%20Nesneler%20Sherry%20Turkle;https://www.google.com/search?q=Bilime%20Sevdalanmak%20-%20Akilda%20Kalan%20Nesneler%20Sherry%20Turkle&tbm=isch;173; ;
1172;Bilim Aslinda Cok Eglencelidir;Ben Miller;Bilim Aslinda Cok Eglencelidir. Ben Miller;no;;;2014;272;category?;read?;-;tbr?;reread?;D-2;homelibrary;https://www.google.com/search?q=Bilim%20Aslinda%20Cok%20Eglencelidir%20Ben%20Miller;https://www.google.com/search?q=Bilim%20Aslinda%20Cok%20Eglencelidir%20Ben%20Miller&tbm=isch;172; ;
1171;Bilgeligin Izinde;Christophe Andre, Matthieu Ricard, Alexandre Jollien;Bilgeligin Izinde. Christophe Andre, Matthieu Ricard, Alexandre Jollien;yes;;;2017;376;category?;read?;-;tbr?;reread?;G-9;homelibrary;https://www.google.com/search?q=Bilgeligin%20Izinde%20Christophe%20Andre,%20Matthieu%20Ricard,%20Alexandre%20Jollien;https://www.google.com/search?q=Bilgeligin%20Izinde%20Christophe%20Andre,%20Matthieu%20Ricard,%20Alexandre%20Jollien&tbm=isch;171; ;
1170;Big Data @ Work - Efsaneye Son Vermek, Firsatlari Kesfetmek;Thomas H. Davenport;Big Data @ Work - Efsaneye Son Vermek, Firsatlari Kesfetmek. Thomas H. Davenport;no;;;2016;235;Technology & the Digital World;✅;-;tbr?;📖;E-2;homelibrary;https://www.google.com/search?q=Big%20Data%20@%20Work%20-%20Efsaneye%20Son%20Vermek,%20Firsatlari%20Kesfetmek%20Thomas%20H.%20Davenport;https://www.google.com/search?q=Big%20Data%20@%20Work%20-%20Efsaneye%20Son%20Vermek,%20Firsatlari%20Kesfetmek%20Thomas%20H.%20Davenport&tbm=isch;170; ;
1169;Beyninizi Ne Mutlu Eder ve Siz Nicin Tersini Yapmalisiniz;David Disalvo;Beyninizi Ne Mutlu Eder ve Siz Nicin Tersini Yapmalisiniz. David Disalvo;yes;;;2016;320;category?;read?;-;📋;reread?;A-4;homelibrary;https://www.google.com/search?q=Beyninizi%20Ne%20Mutlu%20Eder%20ve%20Siz%20Nicin%20Tersini%20Yapmalisiniz%20David%20Disalvo;https://www.google.com/search?q=Beyninizi%20Ne%20Mutlu%20Eder%20ve%20Siz%20Nicin%20Tersini%20Yapmalisiniz%20David%20Disalvo&tbm=isch;169; ;
1168;Beynin Sifa Bulma Gucu;Norman Doidge;Beynin Sifa Bulma Gucu. Norman Doidge;yes;;;2019;520;category?;read?;-;📋;reread?;C-10;homelibrary;https://www.google.com/search?q=Beynin%20Sifa%20Bulma%20Gucu%20Norman%20Doidge;https://www.google.com/search?q=Beynin%20Sifa%20Bulma%20Gucu%20Norman%20Doidge&tbm=isch;168; ;
1167;Beynin Mutluluk Ayarlari;Rick Hanson;Beynin Mutluluk Ayarlari. Rick Hanson;yes;;;2017;348;category?;read?;-;📋;reread?;E-6;homelibrary;https://www.google.com/search?q=Beynin%20Mutluluk%20Ayarlari%20Rick%20Hanson;https://www.google.com/search?q=Beynin%20Mutluluk%20Ayarlari%20Rick%20Hanson&tbm=isch;167; ;
1166;Beynimizin Parmak Izleri;Lisa Feldman Barrett;Beynimizin Parmak Izleri. Lisa Feldman Barrett;yes;;;2018;560;category?;read?;-;📋;reread?;E-8;homelibrary;https://www.google.com/search?q=Beynimizin%20Parmak%20Izleri%20Lisa%20Feldman%20Barrett;https://www.google.com/search?q=Beynimizin%20Parmak%20Izleri%20Lisa%20Feldman%20Barrett&tbm=isch;166; ;
1165;Beyni Anlamak;John E. Dowling;Beyni Anlamak. John E. Dowling;yes;;;2020;364;category?;read?;-;📋;reread?;E-9;homelibrary;https://www.google.com/search?q=Beyni%20Anlamak%20John%20E.%20Dowling;https://www.google.com/search?q=Beyni%20Anlamak%20John%20E.%20Dowling&tbm=isch;165; ;
1164;Beyindeki Fil - Gundelik Hayattaki Gizli Guduler;Kevin Simler, Robin Hanson;Beyindeki Fil - Gundelik Hayattaki Gizli Guduler. Kevin Simler, Robin Hanson;yes;;;2021;464;category?;read?;-;📋;reread?;E-9;homelibrary;https://www.google.com/search?q=Beyindeki%20Fil%20-%20Gundelik%20Hayattaki%20Gizli%20Guduler%20Kevin%20Simler,%20Robin%20Hanson;https://www.google.com/search?q=Beyindeki%20Fil%20-%20Gundelik%20Hayattaki%20Gizli%20Guduler%20Kevin%20Simler,%20Robin%20Hanson&tbm=isch;164; ;
1163;Beyindeki Aynalar;Corrado Sinigaglia, Giacomo Rizzolatti;Beyindeki Aynalar. Corrado Sinigaglia, Giacomo Rizzolatti;yes;;;2017;210;category?;read?;-;📋;reread?;E-8;homelibrary;https://www.google.com/search?q=Beyindeki%20Aynalar%20Corrado%20Sinigaglia,%20Giacomo%20Rizzolatti;https://www.google.com/search?q=Beyindeki%20Aynalar%20Corrado%20Sinigaglia,%20Giacomo%20Rizzolatti&tbm=isch;163; ;
1162;Beyin - Senin Hikayen;David Eagleman;Beyin - Senin Hikayen. David Eagleman;released;;yes;2018;272;category?;✅;-;tbr?;reread?;C-9;homelibrary;https://www.google.com/search?q=Beyin%20-%20Senin%20Hikayen%20David%20Eagleman;https://www.google.com/search?q=Beyin%20-%20Senin%20Hikayen%20David%20Eagleman&tbm=isch;162; ;
1161;Beyaz Zambaklar Ulkesinde;Grigory Petrov;Beyaz Zambaklar Ulkesinde. Grigory Petrov;no;;;2017;192;category?;read?;-;📋;reread?;F-1;homelibrary;https://www.google.com/search?q=Beyaz%20Zambaklar%20Ulkesinde%20Grigory%20Petrov;https://www.google.com/search?q=Beyaz%20Zambaklar%20Ulkesinde%20Grigory%20Petrov&tbm=isch;161; ;
1160;Beyaz Yakali Girisimci - Girisimci Hayata Yumusak Gecis;Fatmanur Erdogan;Beyaz Yakali Girisimci - Girisimci Hayata Yumusak Gecis. Fatmanur Erdogan;released;;yes;2013;96;category?;read?;-;tbr?;reread?;C-2;homelibrary;https://www.google.com/search?q=Beyaz%20Yakali%20Girisimci%20-%20Girisimci%20Hayata%20Yumusak%20Gecis%20Fatmanur%20Erdogan;https://www.google.com/search?q=Beyaz%20Yakali%20Girisimci%20-%20Girisimci%20Hayata%20Yumusak%20Gecis%20Fatmanur%20Erdogan&tbm=isch;160; ;
1159;Besinci Disiplin - Ogrenen Organizasyon Dusunusu ve Uygulamasi;Peter M. Senge;Besinci Disiplin - Ogrenen Organizasyon Dusunusu ve Uygulamasi. Peter M. Senge;yes;;;2011;436;category?;✅;-;tbr?;📖;C-9;homelibrary;https://www.google.com/search?q=Besinci%20Disiplin%20-%20Ogrenen%20Organizasyon%20Dusunusu%20ve%20Uygulamasi%20Peter%20M.%20Senge;https://www.google.com/search?q=Besinci%20Disiplin%20-%20Ogrenen%20Organizasyon%20Dusunusu%20ve%20Uygulamasi%20Peter%20M.%20Senge&tbm=isch;159; ;
1158;Besinci Anlasma - Bir Toltek Bilgelik Kitabi;Don Miguel Ruiz, Janet Mills, Don Jose Ruiz;Besinci Anlasma - Bir Toltek Bilgelik Kitabi. Don Miguel Ruiz, Janet Mills, Don Jose Ruiz;yes;;;2010;184;category?;read?;-;tbr?;reread?;G-7;homelibrary;https://www.google.com/search?q=Besinci%20Anlasma%20-%20Bir%20Toltek%20Bilgelik%20Kitabi%20Don%20Miguel%20Ruiz,%20Janet%20Mills,%20Don%20Jose%20Ruiz;https://www.google.com/search?q=Besinci%20Anlasma%20-%20Bir%20Toltek%20Bilgelik%20Kitabi%20Don%20Miguel%20Ruiz,%20Janet%20Mills,%20Don%20Jose%20Ruiz&tbm=isch;158; ;
1157;Bes Yildiz;Carmine Gallo;Bes Yildiz. Carmine Gallo;released;;yes;2023;272;category?;read?;-;tbr?;reread?;B-1;homelibrary;https://www.google.com/search?q=Bes%20Yildiz%20Carmine%20Gallo;https://www.google.com/search?q=Bes%20Yildiz%20Carmine%20Gallo&tbm=isch;157; ;
1156;Bes Sevgi Dili - Sevdiginiz Insana Yurekten Bagliliginizi Nasil Ifade Edersiniz;Gary Chapman;Bes Sevgi Dili - Sevdiginiz Insana Yurekten Bagliliginizi Nasil Ifade Edersiniz. Gary Chapman;yes;;;2012;226;category?;✅;-;tbr?;📖;H-8;homelibrary;https://www.google.com/search?q=Bes%20Sevgi%20Dili%20-%20Sevdiginiz%20Insana%20Yurekten%20Bagliliginizi%20Nasil%20Ifade%20Edersiniz%20Gary%20Chapman;https://www.google.com/search?q=Bes%20Sevgi%20Dili%20-%20Sevdiginiz%20Insana%20Yurekten%20Bagliliginizi%20Nasil%20Ifade%20Edersiniz%20Gary%20Chapman&tbm=isch;156; ;
1155;Bes Mevsimin Halleri;John Kirkwood;Bes Mevsimin Halleri. John Kirkwood;yes;;;2022;378;category?;read?;-;tbr?;reread?;G-9;homelibrary;https://www.google.com/search?q=Bes%20Mevsimin%20Halleri%20John%20Kirkwood;https://www.google.com/search?q=Bes%20Mevsimin%20Halleri%20John%20Kirkwood&tbm=isch;155; ;
1154;Beni Ne Motive Eder;Adrian Gostick, Chester Elton;Beni Ne Motive Eder. Adrian Gostick, Chester Elton;no;;;2016;258;category?;read?;-;tbr?;reread?;H-3;homelibrary;https://www.google.com/search?q=Beni%20Ne%20Motive%20Eder%20Adrian%20Gostick,%20Chester%20Elton;https://www.google.com/search?q=Beni%20Ne%20Motive%20Eder%20Adrian%20Gostick,%20Chester%20Elton&tbm=isch;154; ;
1153;Beni Guzel Gosterdi mi?;Leah Feldon;Beni Guzel Gosterdi mi?. Leah Feldon;released;;yes;2006;153;category?;read?;-;tbr?;reread?;G-8;homelibrary;https://www.google.com/search?q=Beni%20Guzel%20Gosterdi%20mi?%20Leah%20Feldon;https://www.google.com/search?q=Beni%20Guzel%20Gosterdi%20mi?%20Leah%20Feldon&tbm=isch;153; ;
1152;Ben, Steve - Steve Jobs Konusuyor;George Beahm;Ben, Steve - Steve Jobs Konusuyor. George Beahm;released;;yes;2011;128;category?;read?;-;tbr?;reread?;F-1;homelibrary;https://www.google.com/search?q=Ben,%20Steve%20-%20Steve%20Jobs%20Konusuyor%20George%20Beahm;https://www.google.com/search?q=Ben,%20Steve%20-%20Steve%20Jobs%20Konusuyor%20George%20Beahm&tbm=isch;152; ;
1151;Ben ve Savunma Mekanizmalari;Anna Freud;Ben ve Savunma Mekanizmalari. Anna Freud;yes;;;2022;144;category?;read?;-;📋;reread?;A-6;homelibrary;https://www.google.com/search?q=Ben%20ve%20Savunma%20Mekanizmalari%20Anna%20Freud;https://www.google.com/search?q=Ben%20ve%20Savunma%20Mekanizmalari%20Anna%20Freud&tbm=isch;151; ;
1150;Ben Ok'im - Sen Ok'sin;Thomas A. Harris;Ben Ok'im - Sen Ok'sin. Thomas A. Harris;yes;;;2013;328;category?;read?;-;📋;reread?;B-4;homelibrary;https://www.google.com/search?q=Ben%20Ok%27im%20-%20Sen%20Ok%27sin%20Thomas%20A.%20Harris;https://www.google.com/search?q=Ben%20Ok%27im%20-%20Sen%20Ok%27sin%20Thomas%20A.%20Harris&tbm=isch;150; ;
1149;Ben Nesli - Bugunun Gencleri Nicin Bu Kadar Ozguvenli ve Iddiali Fakat Bir O Kadar da Depresif ve Kaygili?;Jean M. Twenge;Ben Nesli - Bugunun Gencleri Nicin Bu Kadar Ozguvenli ve Iddiali Fakat Bir O Kadar da Depresif ve Kaygili?. Jean M. Twenge;yes;;;2018;384;category?;read?;-;📋;reread?;A-4;homelibrary;https://www.google.com/search?q=Ben%20Nesli%20-%20Bugunun%20Gencleri%20Nicin%20Bu%20Kadar%20Ozguvenli%20ve%20Iddiali%20Fakat%20Bir%20O%20Kadar%20da%20Depresif%20ve%20Kaygili?%20Jean%20M.%20Twenge;https://www.google.com/search?q=Ben%20Nesli%20-%20Bugunun%20Gencleri%20Nicin%20Bu%20Kadar%20Ozguvenli%20ve%20Iddiali%20Fakat%20Bir%20O%20Kadar%20da%20Depresif%20ve%20Kaygili?%20Jean%20M.%20Twenge&tbm=isch;149; ;
1148;Ben Kalender Mesrebim;Charles Handy;Ben Kalender Mesrebim. Charles Handy;released;;yes;2010;238;category?;read?;-;tbr?;reread?;G-2;homelibrary;https://www.google.com/search?q=Ben%20Kalender%20Mesrebim%20Charles%20Handy;https://www.google.com/search?q=Ben%20Kalender%20Mesrebim%20Charles%20Handy&tbm=isch;148; ;
1147;Bellek Yanilgisi;Julia Shaw;Bellek Yanilgisi. Julia Shaw;yes;;;2017;328;category?;read?;-;📋;reread?;D-7;homelibrary;https://www.google.com/search?q=Bellek%20Yanilgisi%20Julia%20Shaw;https://www.google.com/search?q=Bellek%20Yanilgisi%20Julia%20Shaw&tbm=isch;147; ;
1146;Bellegini Yitiren Toplum;Russell Jacoby;Bellegini Yitiren Toplum. Russell Jacoby;yes;;;2000;192;category?;read?;-;tbr?;reread?;F-5;homelibrary;https://www.google.com/search?q=Bellegini%20Yitiren%20Toplum%20Russell%20Jacoby;https://www.google.com/search?q=Bellegini%20Yitiren%20Toplum%20Russell%20Jacoby&tbm=isch;146; ;
1145;Belki de Biriyle Konusmalisin;Lori Gottlieb;Belki de Biriyle Konusmalisin. Lori Gottlieb;yes;;;2021;466;category?;✅;-;tbr?;reread?;B-5;homelibrary;https://www.google.com/search?q=Belki%20de%20Biriyle%20Konusmalisin%20Lori%20Gottlieb;https://www.google.com/search?q=Belki%20de%20Biriyle%20Konusmalisin%20Lori%20Gottlieb&tbm=isch;145; ;
1144;Belirsizlik ve Degisimle Beraber Guzel Bir Hayat;Pema Chodron;Belirsizlik ve Degisimle Beraber Guzel Bir Hayat. Pema Chodron;yes;;;2015;186;category?;read?;-;tbr?;reread?;G-6;homelibrary;https://www.google.com/search?q=Belirsizlik%20ve%20Degisimle%20Beraber%20Guzel%20Bir%20Hayat%20Pema%20Chodron;https://www.google.com/search?q=Belirsizlik%20ve%20Degisimle%20Beraber%20Guzel%20Bir%20Hayat%20Pema%20Chodron&tbm=isch;144; ;
1143;Bedenini Sev;Louise L. Hay;Bedenini Sev. Louise L. Hay;yes;;;2019;128;category?;read?;-;tbr?;reread?;G-7;homelibrary;https://www.google.com/search?q=Bedenini%20Sev%20Louise%20L.%20Hay;https://www.google.com/search?q=Bedenini%20Sev%20Louise%20L.%20Hay&tbm=isch;143; ;
1142;Bedenim;Emily Ratajkowski;Bedenim. Emily Ratajkowski;yes;;;2022;216;category?;✅;-;tbr?;reread?;B-8;homelibrary;https://www.google.com/search?q=Bedenim%20Emily%20Ratajkowski;https://www.google.com/search?q=Bedenim%20Emily%20Ratajkowski&tbm=isch;142; ;
1141;Bedene Veda;David Le Breton;Bedene Veda. David Le Breton;yes;;;2019;244;category?;read?;-;📋;reread?;A-7;homelibrary;https://www.google.com/search?q=Bedene%20Veda%20David%20Le%20Breton;https://www.google.com/search?q=Bedene%20Veda%20David%20Le%20Breton&tbm=isch;141; ;
1140;Beden Kayit Tutar;Bessel A. Van Der Kolk;Beden Kayit Tutar. Bessel A. Van Der Kolk;yes;;;2021;462;category?;✅;-;tbr?;📖;B-5;homelibrary;https://www.google.com/search?q=Beden%20Kayit%20Tutar%20Bessel%20A.%20Van%20Der%20Kolk;https://www.google.com/search?q=Beden%20Kayit%20Tutar%20Bessel%20A.%20Van%20Der%20Kolk&tbm=isch;140; ;
1139;Beden Asla Yalan Soylemez;Alice Miller;Beden Asla Yalan Soylemez. Alice Miller;yes;;;2018;224;category?;read?;-;📋;reread?;A-5;homelibrary;https://www.google.com/search?q=Beden%20Asla%20Yalan%20Soylemez%20Alice%20Miller;https://www.google.com/search?q=Beden%20Asla%20Yalan%20Soylemez%20Alice%20Miller&tbm=isch;139; ;
1138;Bedava;Chris Anderson;Bedava. Chris Anderson;no;;;2010;256;Business & Economics;✅;-;tbr?;📖;A-2;homelibrary;https://www.google.com/search?q=Bedava%20Chris%20Anderson;https://www.google.com/search?q=Bedava%20Chris%20Anderson&tbm=isch;138; ;
1137;Bebeklerin Ahlaki Yasami - Iyinin ve Kotunun Kokenleri;Paul Bloom;Bebeklerin Ahlaki Yasami - Iyinin ve Kotunun Kokenleri. Paul Bloom;yes;;;2022;288;category?;read?;-;tbr?;reread?;B-9;homelibrary;https://www.google.com/search?q=Bebeklerin%20Ahlaki%20Yasami%20-%20Iyinin%20ve%20Kotunun%20Kokenleri%20Paul%20Bloom;https://www.google.com/search?q=Bebeklerin%20Ahlaki%20Yasami%20-%20Iyinin%20ve%20Kotunun%20Kokenleri%20Paul%20Bloom&tbm=isch;137; ;
1136;Bebeginize Fransiz Kalin!;Pamela Druckerman;Bebeginize Fransiz Kalin!. Pamela Druckerman;no;;;2017;344;category?;read?;-;📋;reread?;E-5;homelibrary;https://www.google.com/search?q=Bebeginize%20Fransiz%20Kalin!%20Pamela%20Druckerman;https://www.google.com/search?q=Bebeginize%20Fransiz%20Kalin!%20Pamela%20Druckerman&tbm=isch;136; ;
1135;Baslangicta Hidrojen Vardi;Hoimar von Ditfurth;Baslangicta Hidrojen Vardi. Hoimar von Ditfurth;no;;;2014;510;category?;read?;-;tbr?;reread?;H-6;homelibrary;https://www.google.com/search?q=Baslangicta%20Hidrojen%20Vardi%20Hoimar%20von%20Ditfurth;https://www.google.com/search?q=Baslangicta%20Hidrojen%20Vardi%20Hoimar%20von%20Ditfurth&tbm=isch;135; ;
1134;Baskalarinin Akli;Tali Sharot;Baskalarinin Akli. Tali Sharot;yes;;;2018;256;category?;read?;-;📋;reread?;C-7;homelibrary;https://www.google.com/search?q=Baskalarinin%20Akli%20Tali%20Sharot;https://www.google.com/search?q=Baskalarinin%20Akli%20Tali%20Sharot&tbm=isch;134; ;
1133;Basit Yasam Sanati;Shunmyo Masuno;Basit Yasam Sanati. Shunmyo Masuno;yes;;;2019;224;category?;read?;-;tbr?;reread?;D-8;homelibrary;https://www.google.com/search?q=Basit%20Yasam%20Sanati%20Shunmyo%20Masuno;https://www.google.com/search?q=Basit%20Yasam%20Sanati%20Shunmyo%20Masuno&tbm=isch;133; ;
1132;Basarma Aliskanligi;Bernard Roth;Basarma Aliskanligi. Bernard Roth;yes;;;2016;282;category?;read?;-;📋;reread?;A-6;homelibrary;https://www.google.com/search?q=Basarma%20Aliskanligi%20Bernard%20Roth;https://www.google.com/search?q=Basarma%20Aliskanligi%20Bernard%20Roth&tbm=isch;132; ;
1131;Basarinin 7 Spirutuel Yasasi;Deepak Chopra;Basarinin 7 Spirutuel Yasasi. Deepak Chopra;yes;;;2020;128;category?;✅;-;tbr?;reread?;H-8;homelibrary;https://www.google.com/search?q=Basarinin%207%20Spirutuel%20Yasasi%20Deepak%20Chopra;https://www.google.com/search?q=Basarinin%207%20Spirutuel%20Yasasi%20Deepak%20Chopra&tbm=isch;131; ;
1130;Basari Korkusu;Martha Friedman;Basari Korkusu. Martha Friedman;yes;;;1997;176;category?;✅;-;tbr?;📖;B-8;homelibrary;https://www.google.com/search?q=Basari%20Korkusu%20Martha%20Friedman;https://www.google.com/search?q=Basari%20Korkusu%20Martha%20Friedman&tbm=isch;130; ;
1129;Barselona'da Muthis Eglenceli Bir Hafta Sonu Gecirme Rehberi;Mr. Wonderful;Barselona'da Muthis Eglenceli Bir Hafta Sonu Gecirme Rehberi. Mr. Wonderful;no;;;2018;198;category?;read?;-;📋;reread?;E-5;homelibrary;https://www.google.com/search?q=Barselona%27da%20Muthis%20Eglenceli%20Bir%20Hafta%20Sonu%20Gecirme%20Rehberi%20Mr.%20Wonderful;https://www.google.com/search?q=Barselona%27da%20Muthis%20Eglenceli%20Bir%20Hafta%20Sonu%20Gecirme%20Rehberi%20Mr.%20Wonderful&tbm=isch;129; ;
1128;Bana Yalan Soylediler - Internet ve Gercek Yuzumuz;Seth Stephens Davidowitz;Bana Yalan Soylediler - Internet ve Gercek Yuzumuz. Seth Stephens Davidowitz;no;;;2018;256;category?;read?;-;tbr?;reread?;G-9;homelibrary;https://www.google.com/search?q=Bana%20Yalan%20Soylediler%20-%20Internet%20ve%20Gercek%20Yuzumuz%20Seth%20Stephens%20Davidowitz;https://www.google.com/search?q=Bana%20Yalan%20Soylediler%20-%20Internet%20ve%20Gercek%20Yuzumuz%20Seth%20Stephens%20Davidowitz&tbm=isch;128; ;
1127;Balik! Enerjiyi Yakalayin - Potansiyelinizi Ortaya Cikarin;Stephen C. Lundin,Harry Paul,John Christensen;Balik! Enerjiyi Yakalayin - Potansiyelinizi Ortaya Cikarin. Stephen C. Lundin,Harry Paul,John Christensen;released;;yes;2012;100;category?;read?;-;tbr?;reread?;F-1;homelibrary;https://www.google.com/search?q=Balik!%20Enerjiyi%20Yakalayin%20-%20Potansiyelinizi%20Ortaya%20Cikarin%20Stephen%20C.%20Lundin,Harry%20Paul,John%20Christensen;https://www.google.com/search?q=Balik!%20Enerjiyi%20Yakalayin%20-%20Potansiyelinizi%20Ortaya%20Cikarin%20Stephen%20C.%20Lundin,Harry%20Paul,John%20Christensen&tbm=isch;127; ;
1126;Balanced Scorecard;David P. Norton, Robert S. Kaplan;Balanced Scorecard. David P. Norton, Robert S. Kaplan;no;;;2009;392;category?;read?;-;tbr?;reread?;G-2;homelibrary;https://www.google.com/search?q=Balanced%20Scorecard%20David%20P.%20Norton,%20Robert%20S.%20Kaplan;https://www.google.com/search?q=Balanced%20Scorecard%20David%20P.%20Norton,%20Robert%20S.%20Kaplan&tbm=isch;126; ;
1125;Baglilik;Lee G. Bolman , Joan V. Gallos;Baglilik. Lee G. Bolman , Joan V. Gallos;released;;yes;2017;280;category?;read?;-;tbr?;reread?;F-3;homelibrary;https://www.google.com/search?q=Baglilik%20Lee%20G.%20Bolman%20,%20Joan%20V.%20Gallos;https://www.google.com/search?q=Baglilik%20Lee%20G.%20Bolman%20,%20Joan%20V.%20Gallos&tbm=isch;125; ;
1124;Baglantilar - Is Hayatinda ve Gunluk Yasamda;Albert-Laszlo Barabasi;Baglantilar - Is Hayatinda ve Gunluk Yasamda. Albert-Laszlo Barabasi;no;;;2010;360;category?;read?;-;tbr?;reread?;C-8;homelibrary;https://www.google.com/search?q=Baglantilar%20-%20Is%20Hayatinda%20ve%20Gunluk%20Yasamda%20Albert-Laszlo%20Barabasi;https://www.google.com/search?q=Baglantilar%20-%20Is%20Hayatinda%20ve%20Gunluk%20Yasamda%20Albert-Laszlo%20Barabasi&tbm=isch;124; ;
1123;Baglanti Dansi;Harriet Lerner;Baglanti Dansi. Harriet Lerner;yes;;;2021;240;category?;read?;-;📋;reread?;A-4;homelibrary;https://www.google.com/search?q=Baglanti%20Dansi%20Harriet%20Lerner;https://www.google.com/search?q=Baglanti%20Dansi%20Harriet%20Lerner&tbm=isch;123; ;
1122;Badiou, Balibar, Ranciere - Ozgurlesmeyi Yeniden Dusunmek;Nick Hewlett;Badiou, Balibar, Ranciere - Ozgurlesmeyi Yeniden Dusunmek. Nick Hewlett;no;;;2018;216;category?;read?;-;tbr?;reread?;G-5;homelibrary;https://www.google.com/search?q=Badiou,%20Balibar,%20Ranciere%20-%20Ozgurlesmeyi%20Yeniden%20Dusunmek%20Nick%20Hewlett;https://www.google.com/search?q=Badiou,%20Balibar,%20Ranciere%20-%20Ozgurlesmeyi%20Yeniden%20Dusunmek%20Nick%20Hewlett&tbm=isch;122; ;
1121;Bacak Arasindan Turkiye - Bir Jinekologun Gozunden;Feraye Sunev Cokgurses;Bacak Arasindan Turkiye - Bir Jinekologun Gozunden. Feraye Sunev Cokgurses;yes;;;2015;304;category?;read?;-;tbr?;reread?;B-9;homelibrary;https://www.google.com/search?q=Bacak%20Arasindan%20Turkiye%20-%20Bir%20Jinekologun%20Gozunden%20Feraye%20Sunev%20Cokgurses;https://www.google.com/search?q=Bacak%20Arasindan%20Turkiye%20-%20Bir%20Jinekologun%20Gozunden%20Feraye%20Sunev%20Cokgurses&tbm=isch;121; ;
1120;Baba Faktoru;Stephan B. Paulter;Baba Faktoru. Stephan B. Paulter;no;;;2006;242;category?;read?;-;tbr?;reread?;E-2;homelibrary;https://www.google.com/search?q=Baba%20Faktoru%20Stephan%20B.%20Paulter;https://www.google.com/search?q=Baba%20Faktoru%20Stephan%20B.%20Paulter&tbm=isch;120; ;
1119;Azla Mutlu Olmak;Francine Jay;Azla Mutlu Olmak. Francine Jay;yes;;;2016;231;category?;✅;-;tbr?;reread?;D-8;homelibrary;https://www.google.com/search?q=Azla%20Mutlu%20Olmak%20Francine%20Jay;https://www.google.com/search?q=Azla%20Mutlu%20Olmak%20Francine%20Jay&tbm=isch;119; ;
1118;Azinligin Zenginligi Hepimizin Cikarina midir?;Zygmunt Bauman;Azinligin Zenginligi Hepimizin Cikarina midir?. Zygmunt Bauman;yes;;;2015;80;category?;✅;-;tbr?;📖;E-7;homelibrary;https://www.google.com/search?q=Azinligin%20Zenginligi%20Hepimizin%20Cikarina%20midir?%20Zygmunt%20Bauman;https://www.google.com/search?q=Azinligin%20Zenginligi%20Hepimizin%20Cikarina%20midir?%20Zygmunt%20Bauman&tbm=isch;118; ;
1117;Azin Bereketi - Japonya Kirsalindan Sade Yasam Dersleri;Andy Couturier;Azin Bereketi - Japonya Kirsalindan Sade Yasam Dersleri. Andy Couturier;yes;;;2021;480;category?;read?;-;tbr?;reread?;D-8;homelibrary;https://www.google.com/search?q=Azin%20Bereketi%20-%20Japonya%20Kirsalindan%20Sade%20Yasam%20Dersleri%20Andy%20%20Couturier;https://www.google.com/search?q=Azin%20Bereketi%20-%20Japonya%20Kirsalindan%20Sade%20Yasam%20Dersleri%20Andy%20%20Couturier&tbm=isch;117; ;
1116;Azim Sabir, Tutku ve Kararliligin Gucu;Angela Duckworth;Azim Sabir, Tutku ve Kararliligin Gucu. Angela Duckworth;yes;;;2018;384;category?;read?;-;📋;reread?;C-10;homelibrary;https://www.google.com/search?q=Azim%20Sabir,%20Tutku%20ve%20Kararliligin%20Gucu%20Angela%20Duckworth;https://www.google.com/search?q=Azim%20Sabir,%20Tutku%20ve%20Kararliligin%20Gucu%20Angela%20Duckworth&tbm=isch;116; ;
1115;Az Dusun Uzun Yasa;Pia Callesen;Az Dusun Uzun Yasa. Pia Callesen;no;;;2022;176;category?;read?;-;tbr?;reread?;E-5;homelibrary;https://www.google.com/search?q=Az%20Dusun%20Uzun%20Yasa%20Pia%20Callesen;https://www.google.com/search?q=Az%20Dusun%20Uzun%20Yasa%20Pia%20Callesen&tbm=isch;115; ;
1114;Ayurveda;Ulli Allmendinger;Ayurveda. Ulli Allmendinger;no;;;2017;232;category?;read?;-;tbr?;reread?;G-9;homelibrary;https://www.google.com/search?q=Ayurveda%20Ulli%20Allmendinger;https://www.google.com/search?q=Ayurveda%20Ulli%20Allmendinger&tbm=isch;114; ;
1113;Aysun Kaba ile Stilini Kesfet;Aysun Kaba;Aysun Kaba ile Stilini Kesfet. Aysun Kaba;released;;yes;2012;120;category?;read?;-;tbr?;reread?;G-8;homelibrary;https://www.google.com/search?q=Aysun%20Kaba%20ile%20Stilini%20Kesfet%20Aysun%20Kaba;https://www.google.com/search?q=Aysun%20Kaba%20ile%20Stilini%20Kesfet%20Aysun%20Kaba&tbm=isch;113; ;
1112;Avrupa Ruyasi;Jeremy Rifkin;Avrupa Ruyasi. Jeremy Rifkin;yes;;;2010;434;category?;read?;-;tbr?;reread?;G-5;homelibrary;https://www.google.com/search?q=Avrupa%20Ruyasi%20Jeremy%20Rifkin;https://www.google.com/search?q=Avrupa%20Ruyasi%20Jeremy%20Rifkin&tbm=isch;112; ;
1111;Avrupa Neden Dunyayi Fethetti;Philip T. Hoffman;Avrupa Neden Dunyayi Fethetti. Philip T. Hoffman;no;;;2018;368;category?;read?;-;tbr?;reread?;G-3;homelibrary;https://www.google.com/search?q=Avrupa%20Neden%20Dunyayi%20Fethetti%20Philip%20T.%20Hoffman;https://www.google.com/search?q=Avrupa%20Neden%20Dunyayi%20Fethetti%20Philip%20T.%20Hoffman&tbm=isch;111; ;
1110;Avrupa Krizi;George Friedman;Avrupa Krizi. George Friedman;yes;;;2015;336;category?;read?;-;tbr?;reread?;F-2;homelibrary;https://www.google.com/search?q=Avrupa%20Krizi%20George%20Friedman;https://www.google.com/search?q=Avrupa%20Krizi%20George%20Friedman&tbm=isch;110; ;
1109;Avare Zihin;Michael C. Corballis;Avare Zihin. Michael C. Corballis;yes;;;2018;224;category?;read?;-;📋;reread?;E-8;homelibrary;https://www.google.com/search?q=Avare%20Zihin%20Michael%20C.%20Corballis;https://www.google.com/search?q=Avare%20Zihin%20Michael%20C.%20Corballis&tbm=isch;109; ;
1108;Augmented - Artirilmis Gerceklik;Brett King;Augmented - Artirilmis Gerceklik. Brett King;yes;;;2017;414;Technology & the Digital World;✅;-;tbr?;📖;C-8;homelibrary;https://www.google.com/search?q=Augmented%20-%20Artirilmis%20Gerceklik%20Brett%20King;https://www.google.com/search?q=Augmented%20-%20Artirilmis%20Gerceklik%20Brett%20King&tbm=isch;108; ;
1107;Ateistler Icin Din;Alain De Botton;Ateistler Icin Din. Alain De Botton;yes;;;2019;310;category?;read?;-;📋;reread?;D-4;homelibrary;https://www.google.com/search?q=Ateistler%20Icin%20Din%20Alain%20De%20Botton;https://www.google.com/search?q=Ateistler%20Icin%20Din%20Alain%20De%20Botton&tbm=isch;107; ;
1106;Asrin Vebasi - Narsisizm Illeti;Jean M. Twenge, W. Keith Campbell;Asrin Vebasi - Narsisizm Illeti. Jean M. Twenge, W. Keith Campbell;yes;;;2010;448;category?;read?;-;📋;reread?;A-4;homelibrary;https://www.google.com/search?q=Asrin%20Vebasi%20-%20Narsisizm%20Illeti%20Jean%20M.%20Twenge,%20W.%20Keith%20Campbell;https://www.google.com/search?q=Asrin%20Vebasi%20-%20Narsisizm%20Illeti%20Jean%20M.%20Twenge,%20W.%20Keith%20Campbell&tbm=isch;106; ;
1105;Aslinda O Kadar da Akilli Degilsiniz;David McRaney;Aslinda O Kadar da Akilli Degilsiniz. David McRaney;yes;;;2014;336;category?;read?;-;tbr?;reread?;D-4;homelibrary;https://www.google.com/search?q=Aslinda%20O%20Kadar%20da%20Akilli%20Degilsiniz%20David%20McRaney;https://www.google.com/search?q=Aslinda%20O%20Kadar%20da%20Akilli%20Degilsiniz%20David%20McRaney&tbm=isch;105; ;
1104;Askin Matematigi;Hannah Fry;Askin Matematigi. Hannah Fry;yes;;;2016;128;category?;✅;-;tbr?;📖;C-4;homelibrary;https://www.google.com/search?q=Askin%20Matematigi%20Hannah%20Fry;https://www.google.com/search?q=Askin%20Matematigi%20Hannah%20Fry&tbm=isch;104; ;
1103;Aski Bulmanin Yolu;The School of Life;Aski Bulmanin Yolu. The School of Life;yes;;;2022;96;category?;✅;-;tbr?;📖;D-4;homelibrary;https://www.google.com/search?q=Aski%20Bulmanin%20Yolu%20The%20School%20of%20Life;https://www.google.com/search?q=Aski%20Bulmanin%20Yolu%20The%20School%20of%20Life&tbm=isch;103; ;
1102;Ask Neden Acitir;Eva Illouz;Ask Neden Acitir. Eva Illouz;n/a;;;2013;400;category?;read?;-;📋;reread?;A-5;house-2;https://www.google.com/search?q=Ask%20Neden%20Acitir%20Eva%20Illouz;https://www.google.com/search?q=Ask%20Neden%20Acitir%20Eva%20Illouz&tbm=isch;102; ;
1101;Ask Uzerine;Alain De Botton;Ask Uzerine. Alain De Botton;yes;;;2022;256;category?;read?;-;📋;reread?;D-4;homelibrary;https://www.google.com/search?q=Ask%20Uzerine%20Alain%20De%20Botton;https://www.google.com/search?q=Ask%20Uzerine%20Alain%20De%20Botton&tbm=isch;101; ;
1100;Ask Dersleri;Alain De Botton;Ask Dersleri. Alain De Botton;yes;;;2022;256;category?;read?;-;📋;reread?;D-4;homelibrary;https://www.google.com/search?q=Ask%20Dersleri%20Alain%20De%20Botton;https://www.google.com/search?q=Ask%20Dersleri%20Alain%20De%20Botton&tbm=isch;100; ;
1099;Arzunun Botanigi - Bir Elmanin Sizi Kullandigini Dusundunuz mu Hic?;Michael Pollan;Arzunun Botanigi - Bir Elmanin Sizi Kullandigini Dusundunuz mu Hic?. Michael Pollan;yes;;;2018;256;category?;read?;-;📋;reread?;F-4;homelibrary;https://www.google.com/search?q=Arzunun%20Botanigi%20-%20Bir%20Elmanin%20Sizi%20Kullandigini%20Dusundunuz%20mu%20Hic?%20Michael%20Pollan;https://www.google.com/search?q=Arzunun%20Botanigi%20-%20Bir%20Elmanin%20Sizi%20Kullandigini%20Dusundunuz%20mu%20Hic?%20Michael%20Pollan&tbm=isch;99; ;
1098;Artik Biliyorum;Oprah Winfrey;Artik Biliyorum. Oprah Winfrey;yes;;;2016;200;category?;✅;-;tbr?;reread?;G-9;homelibrary;https://www.google.com/search?q=Artik%20Biliyorum%20Oprah%20Winfrey;https://www.google.com/search?q=Artik%20Biliyorum%20Oprah%20Winfrey&tbm=isch;98; ;
1097;Armstrong'un Stratejik Insan Kaynaklari Yonetimi El Kitabi;Michael Armstrong;Armstrong'un Stratejik Insan Kaynaklari Yonetimi El Kitabi. Michael Armstrong;no;;;2017;280;category?;read?;-;tbr?;reread?;H-8;homelibrary;https://www.google.com/search?q=Armstrong%27un%20Stratejik%20Insan%20Kaynaklari%20Yonetimi%20El%20Kitabi%20Michael%20Armstrong;https://www.google.com/search?q=Armstrong%27un%20Stratejik%20Insan%20Kaynaklari%20Yonetimi%20El%20Kitabi%20Michael%20Armstrong&tbm=isch;97; ;
1096;Armagan;Spencer Johnson;Armagan. Spencer Johnson;released;;yes;2003;109;category?;read?;-;tbr?;reread?;G-2;homelibrary;https://www.google.com/search?q=Armagan%20Spencer%20Johnson;https://www.google.com/search?q=Armagan%20Spencer%20Johnson&tbm=isch;96; ;
1095;Arkadaslik… Arkadailigin Degerini Bilmek Icin 500 Neden;Lisa Swerling, Ralph Lazar;Arkadaslik… Arkadailigin Degerini Bilmek Icin 500 Neden. Lisa Swerling, Ralph Lazar;released;;yes;2018;272;category?;read?;-;tbr?;reread?;D-5;homelibrary;https://www.google.com/search?q=Arkadaslik%E2%80%A6%20Arkadailigin%20Degerini%20Bilmek%20Icin%20500%20Neden%20Lisa%20Swerling,%20Ralph%20Lazar;https://www.google.com/search?q=Arkadaslik%E2%80%A6%20Arkadailigin%20Degerini%20Bilmek%20Icin%20500%20Neden%20Lisa%20Swerling,%20Ralph%20Lazar&tbm=isch;95; ;
1094;Aradigin Her Sey - Jeff Bezos ve Amazon Cagi;Brad Stone;Aradigin Her Sey - Jeff Bezos ve Amazon Cagi. Brad Stone;released;;yes;2017;472;category?;✅;-;tbr?;reread?;C-2;homelibrary;https://www.google.com/search?q=Aradigin%20Her%20Sey%20-%20Jeff%20Bezos%20ve%20Amazon%20Cagi%20Brad%20Stone;https://www.google.com/search?q=Aradigin%20Her%20Sey%20-%20Jeff%20Bezos%20ve%20Amazon%20Cagi%20Brad%20Stone&tbm=isch;94; ;
1093;Araclar ve Silahlar - Dijital Cagin Vaatleri ve Tehlikeleri;Brad Smith, Carol Ann Browne;Araclar ve Silahlar - Dijital Cagin Vaatleri ve Tehlikeleri. Brad Smith, Carol Ann Browne;n/a;;;2022;400;category?;read?;-;📋;reread?;C-5;house-2;https://www.google.com/search?q=Araclar%20ve%20Silahlar%20-%20Dijital%20Cagin%20Vaatleri%20ve%20Tehlikeleri%20Brad%20Smith,%20Carol%20Ann%20Browne;https://www.google.com/search?q=Araclar%20ve%20Silahlar%20-%20Dijital%20Cagin%20Vaatleri%20ve%20Tehlikeleri%20Brad%20Smith,%20Carol%20Ann%20Browne&tbm=isch;93; ;
1092;Aptallik Paradoksu - Is Hayatinda Islevsel Aptalligin Gucu ve Tuzaklari;Andre Spicer, Mats Alvesson;Aptallik Paradoksu - Is Hayatinda Islevsel Aptalligin Gucu ve Tuzaklari. Andre Spicer, Mats Alvesson;yes;;;2017;284;category?;read?;-;tbr?;reread?;E-8;homelibrary;https://www.google.com/search?q=Aptallik%20Paradoksu%20-%20Is%20Hayatinda%20Islevsel%20Aptalligin%20Gucu%20ve%20Tuzaklari%20Andre%20Spicer,%20Mats%20Alvesson;https://www.google.com/search?q=Aptallik%20Paradoksu%20-%20Is%20Hayatinda%20Islevsel%20Aptalligin%20Gucu%20ve%20Tuzaklari%20Andre%20Spicer,%20Mats%20Alvesson&tbm=isch;92; ;
1091;Aptallastiran Egitim;John Taylor Gatto;Aptallastiran Egitim. John Taylor Gatto;yes;;;2019;136;category?;✅;-;tbr?;📖;A-10;homelibrary;https://www.google.com/search?q=Aptallastiran%20Egitim%20John%20Taylor%20Gatto;https://www.google.com/search?q=Aptallastiran%20Egitim%20John%20Taylor%20Gatto&tbm=isch;91; ;
1090;Aptal Beyin;Dean Burnett;Aptal Beyin. Dean Burnett;yes;;;2016;288;category?;read?;-;📋;reread?;E-8;homelibrary;https://www.google.com/search?q=Aptal%20Beyin%20Dean%20Burnett;https://www.google.com/search?q=Aptal%20Beyin%20Dean%20Burnett&tbm=isch;90; ;
1089;Apple'in Ardindaki Deha - Jony Ive;Leander Kahney;Apple'in Ardindaki Deha - Jony Ive. Leander Kahney;no;;;2015;314;Biography & Life Stories;✅;-;tbr?;reread?;F-1;homelibrary;https://www.google.com/search?q=Apple%27in%20Ardindaki%20Deha%20-%20Jony%20Ive%20Leander%20Kahney;https://www.google.com/search?q=Apple%27in%20Ardindaki%20Deha%20-%20Jony%20Ive%20Leander%20Kahney&tbm=isch;89; ;
1088;Apple Mucizesi;Adam Lanshinsky;Apple Mucizesi. Adam Lanshinsky;no;;;2012;160;category?;✅;-;tbr?;reread?;C-2;homelibrary;https://www.google.com/search?q=Apple%20Mucizesi%20Adam%20Lanshinsky;https://www.google.com/search?q=Apple%20Mucizesi%20Adam%20Lanshinsky&tbm=isch;88; ;
1087;APP Kusagi - Dijital Dunyada Kimlik, Mahremiyet ve Hayal Gucu;Howard Gardner, Katie Davis;APP Kusagi - Dijital Dunyada Kimlik, Mahremiyet ve Hayal Gucu. Howard Gardner, Katie Davis;released;;yes;2014;240;Technology & the Digital World;✅;-;tbr?;reread?;E-3;homelibrary;https://www.google.com/search?q=APP%20Kusagi%20-%20Dijital%20Dunyada%20Kimlik,%20Mahremiyet%20ve%20Hayal%20Gucu%20Howard%20Gardner,%20Katie%20Davis;https://www.google.com/search?q=APP%20Kusagi%20-%20Dijital%20Dunyada%20Kimlik,%20Mahremiyet%20ve%20Hayal%20Gucu%20Howard%20Gardner,%20Katie%20Davis&tbm=isch;87; ;
1086;Antikirilganlik;Nassim Nicholas Taleb;Antikirilganlik. Nassim Nicholas Taleb;n/a;;;2016;608;category?;read?;-;📋;reread?;C-6;house-2;https://www.google.com/search?q=Antikirilganlik%20Nassim%20Nicholas%20Taleb;https://www.google.com/search?q=Antikirilganlik%20Nassim%20Nicholas%20Taleb&tbm=isch;86; ;
1085;Annenin Duygusal Yoklugu;Jasmin Lee Cori;Annenin Duygusal Yoklugu. Jasmin Lee Cori;yes;;;2018;376;category?;read?;-;tbr?;reread?;B-5;homelibrary;https://www.google.com/search?q=Annenin%20Duygusal%20Yoklugu%20Jasmin%20Lee%20Cori;https://www.google.com/search?q=Annenin%20Duygusal%20Yoklugu%20Jasmin%20Lee%20Cori&tbm=isch;85; ;
1084;Annelikten Pisman Olmak;Orna Donath;Annelikten Pisman Olmak. Orna Donath;yes;;;2022;254;category?;read?;-;📋;reread?;B-5;homelibrary;https://www.google.com/search?q=Annelikten%20Pisman%20Olmak%20Orna%20Donath;https://www.google.com/search?q=Annelikten%20Pisman%20Olmak%20Orna%20Donath&tbm=isch;84; ;
1083;Anneler, Kizlari ve Beden Algisi;Hillary L. McBride;Anneler, Kizlari ve Beden Algisi. Hillary L. McBride;yes;;;2021;268;Psychology & Mental Life;✅;-;tbr?;reread?;B-5;homelibrary;https://www.google.com/search?q=Anneler,%20Kizlari%20ve%20Beden%20Algisi%20Hillary%20L.%20McBride;https://www.google.com/search?q=Anneler,%20Kizlari%20ve%20Beden%20Algisi%20Hillary%20L.%20McBride&tbm=isch;83; ;
1082;Anne Yarasini Iyilestirmek;Bethany Webster;Anne Yarasini Iyilestirmek. Bethany Webster;yes;;;2023;328;category?;read?;-;📋;reread?;B-5;homelibrary;https://www.google.com/search?q=Anne%20Yarasini%20Iyilestirmek%20Bethany%20Webster;https://www.google.com/search?q=Anne%20Yarasini%20Iyilestirmek%20Bethany%20Webster&tbm=isch;82; ;
1081;Anne Dansi - Cocuklar Hayatinizi Nasil Degistirir;Harriet Lerner;Anne Dansi - Cocuklar Hayatinizi Nasil Degistirir. Harriet Lerner;yes;;;2023;328;category?;read?;-;📋;reread?;A-4;homelibrary;https://www.google.com/search?q=Anne%20Dansi%20-%20Cocuklar%20Hayatinizi%20Nasil%20Degistirir%20Harriet%20Lerner;https://www.google.com/search?q=Anne%20Dansi%20-%20Cocuklar%20Hayatinizi%20Nasil%20Degistirir%20Harriet%20Lerner&tbm=isch;81; ;
1080;Anlarin Gucu;Chip Heath, Dan Heath;Anlarin Gucu. Chip Heath, Dan Heath;no;;;2020;304;category?;read?;-;tbr?;reread?;G-6;homelibrary;https://www.google.com/search?q=Anlarin%20Gucu%20Chip%20Heath,%20Dan%20Heath;https://www.google.com/search?q=Anlarin%20Gucu%20Chip%20Heath,%20Dan%20Heath&tbm=isch;80; ;
1079;Anlam Istenci;Viktor E. Frankl;Anlam Istenci. Viktor E. Frankl;yes;;;2021;208;category?;read?;-;📋;reread?;B-4;homelibrary;https://www.google.com/search?q=Anlam%20Istenci%20Viktor%20E.%20Frankl;https://www.google.com/search?q=Anlam%20Istenci%20Viktor%20E.%20Frankl&tbm=isch;79; ;
1078;Amerikan Ruyasina Ne Oldu?;Burke Hedges;Amerikan Ruyasina Ne Oldu?. Burke Hedges;no;;;2018;200;category?;read?;-;tbr?;reread?;H-3;homelibrary;https://www.google.com/search?q=Amerikan%20Ruyasina%20Ne%20Oldu?%20Burke%20Hedges;https://www.google.com/search?q=Amerikan%20Ruyasina%20Ne%20Oldu?%20Burke%20Hedges&tbm=isch;78; ;
1077;Amerika'nin Gizli Savasi;George Friedman;Amerika'nin Gizli Savasi. George Friedman;yes;;;2014;384;category?;read?;-;tbr?;reread?;F-2;homelibrary;https://www.google.com/search?q=Amerika%27nin%20Gizli%20Savasi%20George%20Friedman;https://www.google.com/search?q=Amerika%27nin%20Gizli%20Savasi%20George%20Friedman&tbm=isch;77; ;
1076;Amac;Jeff Cox, Eliyahu M. Goldratt;Amac. Jeff Cox, Eliyahu M. Goldratt;released;;yes;2015;400;category?;read?;-;tbr?;reread?;G-2;homelibrary;https://www.google.com/search?q=Amac%20Jeff%20Cox,%20Eliyahu%20M.%20Goldratt;https://www.google.com/search?q=Amac%20Jeff%20Cox,%20Eliyahu%20M.%20Goldratt&tbm=isch;76; ;
1075;Altinci Yok Olus;Elizabeth Kolbert;Altinci Yok Olus. Elizabeth Kolbert;yes;;;2016;368;category?;✅;-;tbr?;📖;H-6;homelibrary;https://www.google.com/search?q=Altinci%20Yok%20Olus%20Elizabeth%20Kolbert;https://www.google.com/search?q=Altinci%20Yok%20Olus%20Elizabeth%20Kolbert&tbm=isch;75; ;
1074;Altin Kemer Efsanesi;John F. love;Altin Kemer Efsanesi. John F. love;released;;yes;1989;328;category?;read?;-;tbr?;reread?;E-2;homelibrary;https://www.google.com/search?q=Altin%20Kemer%20Efsanesi%20John%20F.%20love;https://www.google.com/search?q=Altin%20Kemer%20Efsanesi%20John%20F.%20love&tbm=isch;74; ;
1073;Alternatif Medyayi Anlamak;Olga Guedes Balley, Bart Cammaerts, Nico Carpentier;Alternatif Medyayi Anlamak. Olga Guedes Balley, Bart Cammaerts, Nico Carpentier;released;;yes;2015;280;category?;read?;-;tbr?;reread?;G-5;homelibrary;https://www.google.com/search?q=Alternatif%20Medyayi%20Anlamak%20Olga%20Guedes%20Balley,%20Bart%20Cammaerts,%20Nico%20Carpentier;https://www.google.com/search?q=Alternatif%20Medyayi%20Anlamak%20Olga%20Guedes%20Balley,%20Bart%20Cammaerts,%20Nico%20Carpentier&tbm=isch;73; ;
1072;Alternatif Egitim - Hayatimizin Okulsuzlastirilmasi;Matt Hern;Alternatif Egitim - Hayatimizin Okulsuzlastirilmasi. Matt Hern;yes;;;2008;280;category?;read?;-;tbr?;reread?;A-10;homelibrary;https://www.google.com/search?q=Alternatif%20Egitim%20-%20Hayatimizin%20Okulsuzlastirilmasi%20Matt%20Hern;https://www.google.com/search?q=Alternatif%20Egitim%20-%20Hayatimizin%20Okulsuzlastirilmasi%20Matt%20Hern&tbm=isch;72; ;
1071;Almanlar Neden Daha Iyi Yapiyor - Gelismis Bir Ulkeden Notlar;John Kampfner;Almanlar Neden Daha Iyi Yapiyor - Gelismis Bir Ulkeden Notlar. John Kampfner;no;;;2022;312;category?;✅;-;tbr?;📖;B-3;homelibrary;https://www.google.com/search?q=Almanlar%20Neden%20Daha%20Iyi%20Yapiyor%20-%20Gelismis%20Bir%20Ulkeden%20Notlar%20John%20Kampfner;https://www.google.com/search?q=Almanlar%20Neden%20Daha%20Iyi%20Yapiyor%20-%20Gelismis%20Bir%20Ulkeden%20Notlar%20John%20Kampfner&tbm=isch;71; ;
1070;Alisveriste Kadin Erkek;Elizabeth Pace;Alisveriste Kadin Erkek. Elizabeth Pace;released;;yes;2011;174;Consumer & Marketing;✅;-;tbr?;reread?;A-2;homelibrary;https://www.google.com/search?q=Alisveriste%20Kadin%20Erkek%20Elizabeth%20Pace;https://www.google.com/search?q=Alisveriste%20Kadin%20Erkek%20Elizabeth%20Pace&tbm=isch;70; ;
1069;Alisveris Yapmadigim Yil;Cait Flanders;Alisveris Yapmadigim Yil. Cait Flanders;yes;;;2018;208;category?;✅;-;tbr?;reread?;D-8;homelibrary;https://www.google.com/search?q=Alisveris%20Yapmadigim%20Yil%20Cait%20Flanders;https://www.google.com/search?q=Alisveris%20Yapmadigim%20Yil%20Cait%20Flanders&tbm=isch;69; ;
1068;Alisveris Merkezleri Nereye Kadar?;Paco Underhill;Alisveris Merkezleri Nereye Kadar?. Paco Underhill;no;;;2005;223;category?;read?;-;tbr?;reread?;A-1;homelibrary;https://www.google.com/search?q=Alisveris%20Merkezleri%20Nereye%20Kadar?%20Paco%20Underhill;https://www.google.com/search?q=Alisveris%20Merkezleri%20Nereye%20Kadar?%20Paco%20Underhill&tbm=isch;68; ;
1067;Aliskanliklarin Gucu - Ozel ve Is Hayatimizda Aliskanliklarimizin Ardinda Ne Yatar?;Charles Duhigg;Aliskanliklarin Gucu - Ozel ve Is Hayatimizda Aliskanliklarimizin Ardinda Ne Yatar?. Charles Duhigg;yes;;;2017;432;category?;read?;-;📋;reread?;A-6;homelibrary;https://www.google.com/search?q=Aliskanliklarin%20Gucu%20-%20Ozel%20ve%20Is%20Hayatimizda%20Aliskanliklarimizin%20Ardinda%20Ne%20Yatar?%20Charles%20Duhigg;https://www.google.com/search?q=Aliskanliklarin%20Gucu%20-%20Ozel%20ve%20Is%20Hayatimizda%20Aliskanliklarimizin%20Ardinda%20Ne%20Yatar?%20Charles%20Duhigg&tbm=isch;67; ;
1066;Aldatma Sanati;William L. Simon, Kevin D. Mitnick;Aldatma Sanati. William L. Simon, Kevin D. Mitnick;yes;;;2013;320;category?;read?;-;📋;reread?;E-9;homelibrary;https://www.google.com/search?q=Aldatma%20Sanati%20William%20L.%20Simon,%20Kevin%20D.%20Mitnick;https://www.google.com/search?q=Aldatma%20Sanati%20William%20L.%20Simon,%20Kevin%20D.%20Mitnick&tbm=isch;66; ;
1065;Aldatici Rastlantisallik - Hayatta ve Piyasalarda Sansin Gizli Rolu;Nassim Nicholas Taleb;Aldatici Rastlantisallik - Hayatta ve Piyasalarda Sansin Gizli Rolu. Nassim Nicholas Taleb;n/a;;;2019;352;category?;read?;-;📋;reread?;C-6;house-2;https://www.google.com/search?q=Aldatici%20Rastlantisallik%20-%20Hayatta%20ve%20Piyasalarda%20Sansin%20Gizli%20Rolu%20Nassim%20Nicholas%20Taleb;https://www.google.com/search?q=Aldatici%20Rastlantisallik%20-%20Hayatta%20ve%20Piyasalarda%20Sansin%20Gizli%20Rolu%20Nassim%20Nicholas%20Taleb&tbm=isch;65; ;
1064;Akliselim;Nicholas Epley;Akliselim. Nicholas Epley;yes;;;2019;280;category?;read?;-;📋;reread?;E-8;homelibrary;https://www.google.com/search?q=Akliselim%20Nicholas%20Epley;https://www.google.com/search?q=Akliselim%20Nicholas%20Epley&tbm=isch;64; ;
1063;Aklini Kullan Aksini Dusun;Paul Arden;Aklini Kullan Aksini Dusun. Paul Arden;yes;;;2007;144;category?;✅;-;tbr?;📖;E-4;homelibrary;https://www.google.com/search?q=Aklini%20Kullan%20Aksini%20Dusun%20Paul%20Arden;https://www.google.com/search?q=Aklini%20Kullan%20Aksini%20Dusun%20Paul%20Arden&tbm=isch;63; ;
1062;Aklini En Dogru Sekilde Kullan;Carol S. Dweck;Aklini En Dogru Sekilde Kullan. Carol S. Dweck;yes;;;2020;360;category?;✅;-;tbr?;📖;B-7;homelibrary;https://www.google.com/search?q=Aklini%20En%20Dogru%20Sekilde%20Kullan%20Carol%20S.%20Dweck;https://www.google.com/search?q=Aklini%20En%20Dogru%20Sekilde%20Kullan%20Carol%20S.%20Dweck&tbm=isch;62; ;
1061;Aklinda Kalsin - Basarili Ogrenme Bilimi;Peter C. Brown, Henry L. Roediger, Mark A. McDaniel;Aklinda Kalsin - Basarili Ogrenme Bilimi. Peter C. Brown, Henry L. Roediger, Mark A. McDaniel;yes;;;2017;320;category?;read?;-;📋;reread?;C-9;homelibrary;https://www.google.com/search?q=Aklinda%20Kalsin%20-%20Basarili%20Ogrenme%20Bilimi%20Peter%20C.%20Brown,%20Henry%20L.%20Roediger,%20Mark%20A.%20McDaniel;https://www.google.com/search?q=Aklinda%20Kalsin%20-%20Basarili%20Ogrenme%20Bilimi%20Peter%20C.%20Brown,%20Henry%20L.%20Roediger,%20Mark%20A.%20McDaniel&tbm=isch;61; ;
1060;Aklin Yeni Sinirlari;Daniel H. Pink;Aklin Yeni Sinirlari. Daniel H. Pink;released;;yes;2011;300;category?;read?;-;tbr?;reread?;B-1;homelibrary;https://www.google.com/search?q=Aklin%20Yeni%20Sinirlari%20Daniel%20H.%20Pink;https://www.google.com/search?q=Aklin%20Yeni%20Sinirlari%20Daniel%20H.%20Pink&tbm=isch;60; ;
1059;Aklin G'ozu;Daniel C. Dennett, Douglas Hofstadter;Aklin G'ozu. Daniel C. Dennett, Douglas Hofstadter;yes;;;2021;600;category?;read?;-;📋;reread?;G-6;homelibrary;https://www.google.com/search?q=Aklin%20G%27ozu%20Daniel%20C.%20Dennett,%20Douglas%20Hofstadter;https://www.google.com/search?q=Aklin%20G%27ozu%20Daniel%20C.%20Dennett,%20Douglas%20Hofstadter&tbm=isch;59; ;
1058;Aklimin Akli - Psikoloji;McGraw-Hill;Aklimin Akli - Psikoloji. McGraw-Hill;no;;;2015;456;category?;read?;-;tbr?;reread?;H-9;homelibrary;https://www.google.com/search?q=Aklimin%20Akli%20-%20Psikoloji%20McGraw-Hill;https://www.google.com/search?q=Aklimin%20Akli%20-%20Psikoloji%20McGraw-Hill&tbm=isch;58; ;
1057;Akli Yeniden Kurmak;Danah Zohar;Akli Yeniden Kurmak. Danah Zohar;no;;;1998;206;category?;read?;-;tbr?;reread?;E-1;homelibrary;https://www.google.com/search?q=Akli%20Yeniden%20Kurmak%20Danah%20Zohar;https://www.google.com/search?q=Akli%20Yeniden%20Kurmak%20Danah%20Zohar&tbm=isch;57; ;
1056;Akla Gelmeyen;Amanda Ripley;Akla Gelmeyen. Amanda Ripley;yes;;;2013;336;category?;✅;-;tbr?;reread?;E-3;homelibrary;https://www.google.com/search?q=Akla%20Gelmeyen%20Amanda%20Ripley;https://www.google.com/search?q=Akla%20Gelmeyen%20Amanda%20Ripley&tbm=isch;56; ;
1055;Akiskan Modernite;Zygmunt Bauman;Akiskan Modernite. Zygmunt Bauman;n/a;;;2017;312;Society & Culture;✅;-;tbr?;📖;G-5;house-2;https://www.google.com/search?q=Akiskan%20Modernite%20Zygmunt%20Bauman;https://www.google.com/search?q=Akiskan%20Modernite%20Zygmunt%20Bauman&tbm=isch;55; ;
1054;Akiskan Modern Dunyada Kultur;Zygmunt Bauman;Akiskan Modern Dunyada Kultur. Zygmunt Bauman;no;;;2015;132;category?;read?;-;tbr?;reread?;H-4;homelibrary;https://www.google.com/search?q=Akiskan%20Modern%20Dunyada%20Kultur%20Zygmunt%20Bauman;https://www.google.com/search?q=Akiskan%20Modern%20Dunyada%20Kultur%20Zygmunt%20Bauman&tbm=isch;54; ;
1053;Akiskan Gozetim;Zygmunt Bauman, David Lyon;Akiskan Gozetim. Zygmunt Bauman, David Lyon;yes;;;2016;176;category?;read?;-;tbr?;reread?;F-5;homelibrary;https://www.google.com/search?q=Akiskan%20Gozetim%20Zygmunt%20Bauman,%20David%20Lyon;https://www.google.com/search?q=Akiskan%20Gozetim%20Zygmunt%20Bauman,%20David%20Lyon&tbm=isch;53; ;
1052;Akis - Mutluluk Bilimi;Mihaly Csikszentmihalyi;Akis - Mutluluk Bilimi. Mihaly Csikszentmihalyi;yes;;;2017;416;category?;✅;-;tbr?;📖;C-10;homelibrary;https://www.google.com/search?q=Akis%20-%20Mutluluk%20Bilimi%20Mihaly%20Csikszentmihalyi;https://www.google.com/search?q=Akis%20-%20Mutluluk%20Bilimi%20Mihaly%20Csikszentmihalyi&tbm=isch;52; ;
1051;Akintiya Karsi - Bizi Asagi Ceken Psikolojik Gucler;Dan Heath;Akintiya Karsi - Bizi Asagi Ceken Psikolojik Gucler. Dan Heath;no;;;2022;312;category?;read?;-;tbr?;reread?;C-4;homelibrary;https://www.google.com/search?q=Akintiya%20Karsi%20-%20Bizi%20Asagi%20Ceken%20Psikolojik%20Gucler%20Dan%20Heath;https://www.google.com/search?q=Akintiya%20Karsi%20-%20Bizi%20Asagi%20Ceken%20Psikolojik%20Gucler%20Dan%20Heath&tbm=isch;51; ;
1050;Akilli Makineler - Yapay Zeka Hayatimizi Nasil Degistiriyor;Ulrich Eberl;Akilli Makineler - Yapay Zeka Hayatimizi Nasil Degistiriyor. Ulrich Eberl;yes;;;2019;356;category?;read?;-;tbr?;reread?;C-4;homelibrary;https://www.google.com/search?q=Akilli%20Makineler%20-%20Yapay%20Zeka%20Hayatimizi%20Nasil%20Degistiriyor%20Ulrich%20Eberl;https://www.google.com/search?q=Akilli%20Makineler%20-%20Yapay%20Zeka%20Hayatimizi%20Nasil%20Degistiriyor%20Ulrich%20Eberl&tbm=isch;50; ;
1049;Akilli Homo Sapiens;Leonard Mlodinow;Akilli Homo Sapiens. Leonard Mlodinow;yes;;;2019;464;category?;read?;-;tbr?;reread?;E-8;homelibrary;https://www.google.com/search?q=Akilli%20Homo%20Sapiens%20Leonard%20Mlodinow;https://www.google.com/search?q=Akilli%20Homo%20Sapiens%20Leonard%20Mlodinow&tbm=isch;49; ;
1048;Akilgozu - Bilincli Farkindalik ve Kendini Iyilestiren Beyin;Daniel J. Siegel;Akilgozu - Bilincli Farkindalik ve Kendini Iyilestiren Beyin. Daniel J. Siegel;yes;;;2019;408;category?;read?;-;📋;reread?;H-8;homelibrary;https://www.google.com/search?q=Akilgozu%20-%20Bilincli%20Farkindalik%20ve%20Kendini%20Iyilestiren%20Beyin%20Daniel%20J.%20Siegel;https://www.google.com/search?q=Akilgozu%20-%20Bilincli%20Farkindalik%20ve%20Kendini%20Iyilestiren%20Beyin%20Daniel%20J.%20Siegel&tbm=isch;48; ;
1047;Akildisinin Mantigi - Evdeki ve Isteki Mantiga Baskaldirmanin Beklenmedik Faydalari;Dan Ariely;Akildisinin Mantigi - Evdeki ve Isteki Mantiga Baskaldirmanin Beklenmedik Faydalari. Dan Ariely;yes;;;2014;293;category?;✅;-;tbr?;📖;D-7;homelibrary;https://www.google.com/search?q=Akildisinin%20Mantigi%20-%20Evdeki%20ve%20Isteki%20Mantiga%20Baskaldirmanin%20Beklenmedik%20Faydalari%20Dan%20Ariely;https://www.google.com/search?q=Akildisinin%20Mantigi%20-%20Evdeki%20ve%20Isteki%20Mantiga%20Baskaldirmanin%20Beklenmedik%20Faydalari%20Dan%20Ariely&tbm=isch;47; ;
1046;Akildisi Sevgilerimle - Kayip Coraplar ve Diger Varolussal Muammalar;Dan Ariely;Akildisi Sevgilerimle - Kayip Coraplar ve Diger Varolussal Muammalar. Dan Ariely;yes;;;2015;232;Psychology & Mental Life;✅;-;tbr?;📖;D-7;homelibrary;https://www.google.com/search?q=Akildisi%20Sevgilerimle%20-%20Kayip%20Coraplar%20ve%20Diger%20Varolussal%20Muammalar%20Dan%20Ariely;https://www.google.com/search?q=Akildisi%20Sevgilerimle%20-%20Kayip%20Coraplar%20ve%20Diger%20Varolussal%20Muammalar%20Dan%20Ariely&tbm=isch;46; ;
1045;Akildisi Ama Ongorulebilir;Dan Ariely;Akildisi Ama Ongorulebilir. Dan Ariely;yes;;;2013;428;Psychology & Mental Life;✅;-;tbr?;📖;D-7;homelibrary;https://www.google.com/search?q=Akildisi%20Ama%20Ongorulebilir%20Dan%20Ariely;https://www.google.com/search?q=Akildisi%20Ama%20Ongorulebilir%20Dan%20Ariely&tbm=isch;45; ;
1044;Akilci Yasam Kilavuzu;Albert Ellis, Robert A. Harper;Akilci Yasam Kilavuzu. Albert Ellis, Robert A. Harper;yes;;;2017;389;category?;read?;-;📋;reread?;B-4;homelibrary;https://www.google.com/search?q=Akilci%20Yasam%20Kilavuzu%20Albert%20Ellis,%20Robert%20A.%20Harper;https://www.google.com/search?q=Akilci%20Yasam%20Kilavuzu%20Albert%20Ellis,%20Robert%20A.%20Harper&tbm=isch;44; ;
1043;Akilci Iyimser - Refahin Evrimi;Matt Ridley;Akilci Iyimser - Refahin Evrimi. Matt Ridley;yes;;;2013;400;category?;read?;-;tbr?;reread?;B-2;homelibrary;https://www.google.com/search?q=Akilci%20Iyimser%20-%20Refahin%20Evrimi%20Matt%20Ridley;https://www.google.com/search?q=Akilci%20Iyimser%20-%20Refahin%20Evrimi%20Matt%20Ridley&tbm=isch;43; ;
1042;Akil Virusu;Richard Brodie;Akil Virusu. Richard Brodie;no;;;2014;288;category?;read?;-;tbr?;reread?;E-8;homelibrary;https://www.google.com/search?q=Akil%20Virusu%20Richard%20Brodie;https://www.google.com/search?q=Akil%20Virusu%20Richard%20Brodie&tbm=isch;42; ;
1041;Akil Sagligimizi Nasil Koruruz;Philippa Perry;Akil Sagligimizi Nasil Koruruz. Philippa Perry;yes;;;2013;128;category?;✅;-;tbr?;📖;D-4;homelibrary;https://www.google.com/search?q=Akil%20Sagligimizi%20Nasil%20Koruruz%20Philippa%20Perry;https://www.google.com/search?q=Akil%20Sagligimizi%20Nasil%20Koruruz%20Philippa%20Perry&tbm=isch;41; ;
1040;Akil;Richard M. Restak;Akil. Richard M. Restak;no;;;2016;216;category?;read?;-;tbr?;reread?;D-3;homelibrary;https://www.google.com/search?q=Akil%20Richard%20M.%20Restak;https://www.google.com/search?q=Akil%20Richard%20M.%20Restak&tbm=isch;40; ;
1039;Ag Toplumu;Jan van Dijk;Ag Toplumu. Jan van Dijk;yes;;;2018;454;category?;read?;-;tbr?;reread?;C-8;homelibrary;https://www.google.com/search?q=Ag%20Toplumu%20Jan%20van%20Dijk;https://www.google.com/search?q=Ag%20Toplumu%20Jan%20van%20Dijk&tbm=isch;39; ;
1038;Afacan Bir Psikanalistin Dusunceleri;Antonino Ferro;Afacan Bir Psikanalistin Dusunceleri. Antonino Ferro;yes;;;2023;152;category?;✅;-;tbr?;📖;B-4;homelibrary;https://www.google.com/search?q=Afacan%20Bir%20Psikanalistin%20Dusunceleri%20Antonino%20Ferro;https://www.google.com/search?q=Afacan%20Bir%20Psikanalistin%20Dusunceleri%20Antonino%20Ferro&tbm=isch;38; ;
1037;Act’i Kolay Ogrenmek - Kabul ve Kararlilik Terapisi Icin Hizli Bir Baslangic;Russ Harris;Act’i Kolay Ogrenmek - Kabul ve Kararlilik Terapisi Icin Hizli Bir Baslangic. Russ Harris;yes;;;2022;556;category?;read?;-;tbr?;reread?;B-9;homelibrary;https://www.google.com/search?q=Act%E2%80%99i%20Kolay%20Ogrenmek%20-%20Kabul%20ve%20Kararlilik%20Terapisi%20Icin%20Hizli%20Bir%20Baslangic%20Russ%20Harris;https://www.google.com/search?q=Act%E2%80%99i%20Kolay%20Ogrenmek%20-%20Kabul%20ve%20Kararlilik%20Terapisi%20Icin%20Hizli%20Bir%20Baslangic%20Russ%20Harris&tbm=isch;37; ;
1036;Acisiz Bilim - Bilim, Gunluk Hayati Nasil Degistiriyor?;Chris Smith;Acisiz Bilim - Bilim, Gunluk Hayati Nasil Degistiriyor?. Chris Smith;no;;;2015;304;category?;read?;-;tbr?;reread?;D-2;homelibrary;https://www.google.com/search?q=Acisiz%20Bilim%20-%20Bilim,%20Gunluk%20Hayati%20Nasil%20Degistiriyor?%20Chris%20Smith;https://www.google.com/search?q=Acisiz%20Bilim%20-%20Bilim,%20Gunluk%20Hayati%20Nasil%20Degistiriyor?%20Chris%20Smith&tbm=isch;36; ;
1035;Acimasiz Dunyaya Meydan Okumak;Brene Brown;Acimasiz Dunyaya Meydan Okumak. Brene Brown;yes;;;2018;168;Personal Growth & Productivity;✅;-;tbr?;reread?;G-8;homelibrary;https://www.google.com/search?q=Acimasiz%20Dunyaya%20Meydan%20Okumak%20Brene%20Brown;https://www.google.com/search?q=Acimasiz%20Dunyaya%20Meydan%20Okumak%20Brene%20Brown&tbm=isch;35; ;
1034;Acilin Gencler Geliyor;Fatos Karahasan;Acilin Gencler Geliyor. Fatos Karahasan;no;;;2018;200;category?;✅;-;tbr?;reread?;F-1;homelibrary;https://www.google.com/search?q=Acilin%20Gencler%20Geliyor%20Fatos%20Karahasan;https://www.google.com/search?q=Acilin%20Gencler%20Geliyor%20Fatos%20Karahasan&tbm=isch;34; ;
1033;Acik Liderlik - Sosyal Teknoloji Yonetme Tarzinizi Nasil Degistirir?;Charlene Li;Acik Liderlik - Sosyal Teknoloji Yonetme Tarzinizi Nasil Degistirir?. Charlene Li;released;;yes;2011;302;category?;read?;-;tbr?;reread?;B-1;homelibrary;https://www.google.com/search?q=Acik%20Liderlik%20-%20Sosyal%20Teknoloji%20Yonetme%20Tarzinizi%20Nasil%20Degistirir?%20Charlene%20Li;https://www.google.com/search?q=Acik%20Liderlik%20-%20Sosyal%20Teknoloji%20Yonetme%20Tarzinizi%20Nasil%20Degistirir?%20Charlene%20Li&tbm=isch;33; ;
1032;Acemi Yoginin Elkitabi - Yeni Baslayanlar Icin Yoga;Esra E. Karaosmanoglu;Acemi Yoginin Elkitabi - Yeni Baslayanlar Icin Yoga. Esra E. Karaosmanoglu;released;;yes;2017;224;category?;✅;-;tbr?;reread?;G-6;homelibrary;https://www.google.com/search?q=Acemi%20Yoginin%20Elkitabi%20-%20Yeni%20Baslayanlar%20Icin%20Yoga%20Esra%20E.%20Karaosmanoglu;https://www.google.com/search?q=Acemi%20Yoginin%20Elkitabi%20-%20Yeni%20Baslayanlar%20Icin%20Yoga%20Esra%20E.%20Karaosmanoglu&tbm=isch;32; ;
1031;Acemi Yoginin Ayurveda Yolculugu;Esra E. Karaosmanoglu;Acemi Yoginin Ayurveda Yolculugu. Esra E. Karaosmanoglu;released;;yes;2021;144;category?;✅;-;tbr?;reread?;G-6;homelibrary;https://www.google.com/search?q=Acemi%20Yoginin%20Ayurveda%20Yolculugu%20Esra%20E.%20Karaosmanoglu;https://www.google.com/search?q=Acemi%20Yoginin%20Ayurveda%20Yolculugu%20Esra%20E.%20Karaosmanoglu&tbm=isch;31; ;
1030;A'dan Z'ye Psikoloji;Lisa J. Cohen;A'dan Z'ye Psikoloji. Lisa J. Cohen;no;;;2022;560;category?;read?;-;tbr?;reread?;D-3;homelibrary;https://www.google.com/search?q=A%27dan%20Z%27ye%20Psikoloji%20Lisa%20J.%20Cohen;https://www.google.com/search?q=A%27dan%20Z%27ye%20Psikoloji%20Lisa%20J.%20Cohen&tbm=isch;30; ;
1029;A'dan Z'ye Dusunmek;Nigel Warburton;A'dan Z'ye Dusunmek. Nigel Warburton;no;;;2019;232;category?;read?;-;tbr?;reread?;D-6;homelibrary;https://www.google.com/search?q=A%27dan%20Z%27ye%20Dusunmek%20Nigel%20Warburton;https://www.google.com/search?q=A%27dan%20Z%27ye%20Dusunmek%20Nigel%20Warburton&tbm=isch;29; ;
1028;90'larin Yukselisi;Joseph E. Stiglitz;90'larin Yukselisi. Joseph E. Stiglitz;no;;;2001;379;category?;read?;-;tbr?;reread?;H-1;homelibrary;https://www.google.com/search?q=90%27larin%20Yukselisi%20Joseph%20E.%20Stiglitz;https://www.google.com/search?q=90%27larin%20Yukselisi%20Joseph%20E.%20Stiglitz&tbm=isch;28; ;
1027;80 / 20 Ilkesi;Richard Koch;80 / 20 Ilkesi. Richard Koch;released;;yes;2011;304;category?;✅;-;tbr?;reread?;F-3;homelibrary;https://www.google.com/search?q=80%20/%2020%20Ilkesi%20Richard%20Koch;https://www.google.com/search?q=80%20/%2020%20Ilkesi%20Richard%20Koch&tbm=isch;27; ;
1026;7/24 - Gec Kapitalizm ve Uykularin Sonu;Jonathan Crary;7/24 - Gec Kapitalizm ve Uykularin Sonu. Jonathan Crary;yes;;;2015;128;category?;read?;-;📋;reread?;H-2;homelibrary;https://www.google.com/search?q=7/24%20-%20Gec%20Kapitalizm%20ve%20Uykularin%20Sonu%20Jonathan%20Crary;https://www.google.com/search?q=7/24%20-%20Gec%20Kapitalizm%20ve%20Uykularin%20Sonu%20Jonathan%20Crary&tbm=isch;26; ;
1025;6 Derece - Isininan Dunyadaki Gelecegimiz;Mark Lynas;6 Derece - Isininan Dunyadaki Gelecegimiz. Mark Lynas;yes;;;2009;296;category?;✅;-;tbr?;📖;H-6;homelibrary;https://www.google.com/search?q=6%20Derece%20-%20Isininan%20Dunyadaki%20Gelecegimiz%20Mark%20Lynas;https://www.google.com/search?q=6%20Derece%20-%20Isininan%20Dunyadaki%20Gelecegimiz%20Mark%20Lynas&tbm=isch;25; ;
1024;59 Saniye - Azicik Dusunun, Cok Seyi Degistirin;Richard Wiseman;59 Saniye - Azicik Dusunun, Cok Seyi Degistirin. Richard Wiseman;no;;;2017;344;category?;read?;-;tbr?;reread?;C-3;homelibrary;https://www.google.com/search?q=59%20Saniye%20-%20Azicik%20Dusunun,%20Cok%20Seyi%20Degistirin%20Richard%20Wiseman;https://www.google.com/search?q=59%20Saniye%20-%20Azicik%20Dusunun,%20Cok%20Seyi%20Degistirin%20Richard%20Wiseman&tbm=isch;24; ;
1023;52 Liste Projesi;Moorea Seal;52 Liste Projesi. Moorea Seal;no;;;2016;144;category?;✅;-;tbr?;📖;E-5;homelibrary;https://www.google.com/search?q=52%20Liste%20Projesi%20Moorea%20Seal;https://www.google.com/search?q=52%20Liste%20Projesi%20Moorea%20Seal&tbm=isch;23; ;
1022;50 Psikoloji Klasigi;Tom Butler Bowdon;50 Psikoloji Klasigi. Tom Butler Bowdon;no;;;2015;312;category?;read?;-;tbr?;reread?;D-3;homelibrary;https://www.google.com/search?q=50%20Psikoloji%20Klasigi%20Tom%20Butler%20Bowdon;https://www.google.com/search?q=50%20Psikoloji%20Klasigi%20Tom%20Butler%20Bowdon&tbm=isch;22; ;
1021;50 Maddede Veganlik;Emel Ernalbant, Hazal Yilmaz;50 Maddede Veganlik. Emel Ernalbant, Hazal Yilmaz;no;;;2021;256;category?;✅;-;tbr?;reread?;F-4;homelibrary;https://www.google.com/search?q=50%20Maddede%20Veganlik%20Emel%20Ernalbant,%20Hazal%20Yilmaz;https://www.google.com/search?q=50%20Maddede%20Veganlik%20Emel%20Ernalbant,%20Hazal%20Yilmaz&tbm=isch;21; ;
1020;4 Asamali Egitim Programlari Olcumlmesi;Donald L. Kirkpatrick;4 Asamali Egitim Programlari Olcumlmesi. Donald L. Kirkpatrick;no;;;1999;284;category?;read?;-;tbr?;reread?;G-2;homelibrary;https://www.google.com/search?q=4%20Asamali%20Egitim%20Programlari%20Olcumlmesi%20Donald%20L.%20Kirkpatrick;https://www.google.com/search?q=4%20Asamali%20Egitim%20Programlari%20Olcumlmesi%20Donald%20L.%20Kirkpatrick&tbm=isch;20; ;
1019;30 Mumlu Pasta;Banu Ozdemir;30 Mumlu Pasta. Banu Ozdemir;released;;yes;2004;208;Biography & Life Stories;✅;-;tbr?;reread?;B-3;homelibrary;https://www.google.com/search?q=30%20Mumlu%20Pasta%20Banu%20Ozdemir;https://www.google.com/search?q=30%20Mumlu%20Pasta%20Banu%20Ozdemir&tbm=isch;19; ;
1018;21. Yuzyilin Safaginda Savas ve Savas Karsiti Mucadele;Alvin Toffler, Heidi Toffler;21. Yuzyilin Safaginda Savas ve Savas Karsiti Mucadele. Alvin Toffler, Heidi Toffler;no;;;1994;280;category?;read?;-;tbr?;reread?;E-3;homelibrary;https://www.google.com/search?q=21.%20Yuzyilin%20Safaginda%20Savas%20ve%20Savas%20Karsiti%20Mucadele%20Alvin%20Toffler,%20Heidi%20Toffler;https://www.google.com/search?q=21.%20Yuzyilin%20Safaginda%20Savas%20ve%20Savas%20Karsiti%20Mucadele%20Alvin%20Toffler,%20Heidi%20Toffler&tbm=isch;18; ;
1017;21. Yuzyil Ongoruleri Gelecek 100 Yil;Patrick Dixon;21. Yuzyil Ongoruleri Gelecek 100 Yil. Patrick Dixon;no;;;2010;416;category?;read?;-;tbr?;reread?;H-2;homelibrary;https://www.google.com/search?q=21.%20Yuzyil%20Ongoruleri%20Gelecek%20100%20Yil%20Patrick%20Dixon;https://www.google.com/search?q=21.%20Yuzyil%20Ongoruleri%20Gelecek%20100%20Yil%20Patrick%20Dixon&tbm=isch;17; ;
1016;21. Yuzyil Icin 21 Ders;Yuval Noah Harari;21. Yuzyil Icin 21 Ders. Yuval Noah Harari;yes;;;2018;336;category?;✅;-;tbr?;📖;D-7;homelibrary;https://www.google.com/search?q=21.%20Yuzyil%20Icin%2021%20Ders%20Yuval%20Noah%20Harari;https://www.google.com/search?q=21.%20Yuzyil%20Icin%2021%20Ders%20Yuval%20Noah%20Harari&tbm=isch;16; ;
1015;21 Gunde Guc Icinizde;Louise L. Hay;21 Gunde Guc Icinizde. Louise L. Hay;yes;;;2019;185;category?;read?;-;tbr?;reread?;G-7;homelibrary;https://www.google.com/search?q=21%20Gunde%20Guc%20Icinizde%20Louise%20L.%20Hay;https://www.google.com/search?q=21%20Gunde%20Guc%20Icinizde%20Louise%20L.%20Hay&tbm=isch;15; ;
1014;2062 - Yapay Zeka Dunyasi;Toby Walsh;2062 - Yapay Zeka Dunyasi. Toby Walsh;yes;;;2020;280;category?;read?;-;tbr?;reread?;C-5;homelibrary;https://www.google.com/search?q=2062%20-%20Yapay%20Zeka%20Dunyasi%20Toby%20Walsh;https://www.google.com/search?q=2062%20-%20Yapay%20Zeka%20Dunyasi%20Toby%20Walsh&tbm=isch;14; ;
1013;2050 - Iki Bin Elli;David Passig;2050 - Iki Bin Elli. David Passig;no;;;2011;387;category?;read?;-;tbr?;reread?;H-6;homelibrary;https://www.google.com/search?q=2050%20-%20Iki%20Bin%20Elli%20David%20Passig;https://www.google.com/search?q=2050%20-%20Iki%20Bin%20Elli%20David%20Passig&tbm=isch;13; ;
1012;2000 Yilinin Sonrasi;John Naisbitt;2000 Yilinin Sonrasi. John Naisbitt;no;;;1987;32;category?;read?;-;tbr?;reread?;F-1;homelibrary;https://www.google.com/search?q=2000%20Yilinin%20Sonrasi%20John%20Naisbitt;https://www.google.com/search?q=2000%20Yilinin%20Sonrasi%20John%20Naisbitt&tbm=isch;12; ;
1011;11 Eylul;Noam Chomsky;11 Eylul. Noam Chomsky;released;;yes;2002;110;History & Political Thought;read?;-;tbr?;reread?;G-5;homelibrary;https://www.google.com/search?q=11%20Eylul%20Noam%20Chomsky;https://www.google.com/search?q=11%20Eylul%20Noam%20Chomsky&tbm=isch;11; ;
1010;11 Eylul ve Sonrasi Dunya Nereye Gidiyor;Noam Chomsky;11 Eylul ve Sonrasi Dunya Nereye Gidiyor. Noam Chomsky;released;;yes;2002;247;Society & Culture;read?;-;tbr?;reread?;G-5;homelibrary;https://www.google.com/search?q=11%20Eylul%20ve%20Sonrasi%20Dunya%20Nereye%20Gidiyor%20Noam%20Chomsky;https://www.google.com/search?q=11%20Eylul%20ve%20Sonrasi%20Dunya%20Nereye%20Gidiyor%20Noam%20Chomsky&tbm=isch;10; ;
1009;100 Yillik Yasam;Andrew Scott, Lynda Gratton;100 Yillik Yasam. Andrew Scott, Lynda Gratton;yes;;;2018;308;Health & Nutrition;read?;-;tbr?;reread?;A-10;homelibrary;https://www.google.com/search?q=100%20Yillik%20Yasam%20Andrew%20Scott,%20Lynda%20Gratton;https://www.google.com/search?q=100%20Yillik%20Yasam%20Andrew%20Scott,%20Lynda%20Gratton&tbm=isch;9; ;
1008;100 Yapida Mimarinin Gelecegi;Marc Kushner;100 Yapida Mimarinin Gelecegi. Marc Kushner;yes;;;2016;176;Creativity & Expression;read?;-;tbr?;reread?;C-4;homelibrary;https://www.google.com/search?q=100%20Yapida%20Mimarinin%20Gelecegi%20Marc%20Kushner;https://www.google.com/search?q=100%20Yapida%20Mimarinin%20Gelecegi%20Marc%20Kushner&tbm=isch;8; ;
1007;10 Milyar;Stephen Emmott;10 Milyar. Stephen Emmott;no;;;2014;200;Environment & Sustainable Living;✅;-;tbr?;reread?;H-6;homelibrary;https://www.google.com/search?q=10%20Milyar%20Stephen%20Emmott;https://www.google.com/search?q=10%20Milyar%20Stephen%20Emmott&tbm=isch;7; ;
1006;Bosuna mi Okuduk? Turkiye'de Beyaz Yakali Issizligi;Necmi Erdogan, Tanil Bora, Aksu Bora, Ilknur Ustun;Bosuna mi Okuduk? Turkiye'de Beyaz Yakali Issizligi. Necmi Erdogan, Tanil Bora, Aksu Bora, Ilknur Ustun;no;;;2017;352;Society & Culture;read?;-;tbr?;reread?;A-3;homelibrary;https://www.google.com/search?q=Bosuna%20mi%20Okuduk?%20Turkiye%27de%20Beyaz%20Yakali%20Issizligi%20Necmi%20Erdogan,%20Tanil%20Bora,%20Aksu%20Bora,%20Ilknur%20Ustun;https://www.google.com/search?q=Bosuna%20mi%20Okuduk?%20Turkiye%27de%20Beyaz%20Yakali%20Issizligi%20Necmi%20Erdogan,%20Tanil%20Bora,%20Aksu%20Bora,%20Ilknur%20Ustun&tbm=isch;6; ;
1005;% 1’e Karsi Birlik;Vandana Shiva;% 1’e Karsi Birlik. Vandana Shiva;no;;;2021;176;Environment & Sustainable Living;read?;-;tbr?;reread?;F-6;homelibrary;https://www.google.com/search?q=%%201%E2%80%99e%20Karsi%20Birlik%20Vandana%20Shiva;https://www.google.com/search?q=%%201%E2%80%99e%20Karsi%20Birlik%20Vandana%20Shiva&tbm=isch;5; ;
1004;% 10 Daha Mutlu;Dan Harris;% 10 Daha Mutlu. Dan Harris;yes;;;2017;288;Personal Growth & Productivity;read?;-;📋;reread?;E-6;homelibrary;https://www.google.com/search?q=%%2010%20Daha%20Mutlu%20Dan%20Harris;https://www.google.com/search?q=%%2010%20Daha%20Mutlu%20Dan%20Harris&tbm=isch;4; ;
1003;% 100 Yakistir - Butunleyici Giysi, Makyaj, Sac ve Aksesuar Tonlari;Oya Komar;% 100 Yakistir - Butunleyici Giysi, Makyaj, Sac ve Aksesuar Tonlari. Oya Komar;released;;yes;2013;104;Creativity & Expression;read?;-;tbr?;reread?;G-8;homelibrary;https://www.google.com/search?q=%%20100%20Yakistir%20-%20Butunleyici%20Giysi,%20Makyaj,%20Sac%20ve%20Aksesuar%20Tonlari%20Oya%20Komar;https://www.google.com/search?q=%%20100%20Yakistir%20-%20Butunleyici%20Giysi,%20Makyaj,%20Sac%20ve%20Aksesuar%20Tonlari%20Oya%20Komar&tbm=isch;3; ;
1002;% 100 Dusunce Gucu;Jack Ensign Addington;% 100 Dusunce Gucu. Jack Ensign Addington;yes;;;2007;224;Philosophy & Meaning;✅;-;tbr?;reread?;G-6;homelibrary;https://www.google.com/search?q=%%20100%20Dusunce%20Gucu%20Jack%20Ensign%20Addington;https://www.google.com/search?q=%%20100%20Dusunce%20Gucu%20Jack%20Ensign%20Addington&tbm=isch;2; ;
1001;Moda2014;Tuba Unsal;Moda2014. Tuba Unsal;released;;yes;2014;192;Creativity & Expression;read?;-;tbr?;reread?;G-8;homelibrary;https://www.google.com/search?q=Moda2014%20Tuba%20Unsal;https://www.google.com/search?q=Moda2014%20Tuba%20Unsal&tbm=isch;1; ;